attendance_id,student_id,enrollment_no,subject_id,subject_name,faculty_id,lecture_date,lecture_number,day_name,department_code,semester_no,academic_year,attendance_status
1,STU000001,2023010001,SUB0050,Software Engineering,FAC005,2026-06-22,1,Monday,1,7,2026-2027,P
2,STU000001,2023010001,SUB0051,Human Computer Interaction,FAC006,2026-06-22,1,Monday,1,7,2026-2027,P
3,STU000001,2023010001,SUB0053,Deep Learning,FAC008,2026-06-22,1,Monday,1,7,2026-2027,P
4,STU000002,2023010002,SUB0050,Software Engineering,FAC005,2026-06-22,1,Monday,1,7,2026-2027,P
5,STU000002,2023010002,SUB0051,Human Computer Interaction,FAC006,2026-06-22,1,Monday,1,7,2026-2027,P
6,STU000002,2023010002,SUB0053,Deep Learning,FAC008,2026-06-22,1,Monday,1,7,2026-2027,P
7,STU000003,2023010003,SUB0050,Software Engineering,FAC005,2026-06-22,1,Monday,1,7,2026-2027,P
8,STU000003,2023010003,SUB0051,Human Computer Interaction,FAC006,2026-06-22,1,Monday,1,7,2026-2027,P
9,STU000003,2023010003,SUB0053,Deep Learning,FAC008,2026-06-22,1,Monday,1,7,2026-2027,P
10,STU000004,2023010004,SUB0050,Software Engineering,FAC005,2026-06-22,1,Monday,1,7,2026-2027,P
11,STU000004,2023010004,SUB0051,Human Computer Interaction,FAC006,2026-06-22,1,Monday,1,7,2026-2027,P
12,STU000004,2023010004,SUB0053,Deep Learning,FAC008,2026-06-22,1,Monday,1,7,2026-2027,P
13,STU000005,2023010005,SUB0050,Software Engineering,FAC005,2026-06-22,1,Monday,1,7,2026-2027,P
14,STU000005,2023010005,SUB0051,Human Computer Interaction,FAC006,2026-06-22,1,Monday,1,7,2026-2027,P
15,STU000005,2023010005,SUB0053,Deep Learning,FAC008,2026-06-22,1,Monday,1,7,2026-2027,P
16,STU000006,2023010006,SUB0050,Software Engineering,FAC005,2026-06-22,1,Monday,1,7,2026-2027,P
17,STU000006,2023010006,SUB0051,Human Computer Interaction,FAC006,2026-06-22,1,Monday,1,7,2026-2027,A
18,STU000006,2023010006,SUB0053,Deep Learning,FAC008,2026-06-22,1,Monday,1,7,2026-2027,P
19,STU000007,2023010007,SUB0050,Software Engineering,FAC005,2026-06-22,1,Monday,1,7,2026-2027,P
20,STU000007,2023010007,SUB0051,Human Computer Interaction,FAC006,2026-06-22,1,Monday,1,7,2026-2027,P
21,STU000007,2023010007,SUB0053,Deep Learning,FAC008,2026-06-22,1,Monday,1,7,2026-2027,P
22,STU000008,2023010008,SUB0050,Software Engineering,FAC005,2026-06-22,1,Monday,1,7,2026-2027,P
23,STU000008,2023010008,SUB0051,Human Computer Interaction,FAC006,2026-06-22,1,Monday,1,7,2026-2027,P
24,STU000008,2023010008,SUB0053,Deep Learning,FAC008,2026-06-22,1,Monday,1,7,2026-2027,A
25,STU000009,2023010009,SUB0050,Software Engineering,FAC005,2026-06-22,1,Monday,1,7,2026-2027,P
26,STU000009,2023010009,SUB0051,Human Computer Interaction,FAC006,2026-06-22,1,Monday,1,7,2026-2027,P
27,STU000009,2023010009,SUB0053,Deep Learning,FAC008,2026-06-22,1,Monday,1,7,2026-2027,P
28,STU000010,2023010010,SUB0050,Software Engineering,FAC005,2026-06-22,1,Monday,1,7,2026-2027,P
29,STU000010,2023010010,SUB0051,Human Computer Interaction,FAC006,2026-06-22,1,Monday,1,7,2026-2027,P
30,STU000010,2023010010,SUB0053,Deep Learning,FAC008,2026-06-22,1,Monday,1,7,2026-2027,P
31,STU000011,2023010011,SUB0050,Software Engineering,FAC005,2026-06-22,1,Monday,1,7,2026-2027,A
32,STU000011,2023010011,SUB0051,Human Computer Interaction,FAC006,2026-06-22,1,Monday,1,7,2026-2027,P
33,STU000011,2023010011,SUB0053,Deep Learning,FAC008,2026-06-22,1,Monday,1,7,2026-2027,P
34,STU000012,2023010012,SUB0050,Software Engineering,FAC005,2026-06-22,1,Monday,1,7,2026-2027,P
35,STU000012,2023010012,SUB0051,Human Computer Interaction,FAC006,2026-06-22,1,Monday,1,7,2026-2027,P
36,STU000012,2023010012,SUB0053,Deep Learning,FAC008,2026-06-22,1,Monday,1,7,2026-2027,P
37,STU000013,2023010013,SUB0050,Software Engineering,FAC005,2026-06-22,1,Monday,1,7,2026-2027,P
38,STU000013,2023010013,SUB0051,Human Computer Interaction,FAC006,2026-06-22,1,Monday,1,7,2026-2027,A
39,STU000013,2023010013,SUB0053,Deep Learning,FAC008,2026-06-22,1,Monday,1,7,2026-2027,P
40,STU000014,2023010014,SUB0050,Software Engineering,FAC005,2026-06-22,1,Monday,1,7,2026-2027,P
41,STU000014,2023010014,SUB0051,Human Computer Interaction,FAC006,2026-06-22,1,Monday,1,7,2026-2027,P
42,STU000014,2023010014,SUB0053,Deep Learning,FAC008,2026-06-22,1,Monday,1,7,2026-2027,P
43,STU000015,2023010015,SUB0050,Software Engineering,FAC005,2026-06-22,1,Monday,1,7,2026-2027,P
44,STU000015,2023010015,SUB0051,Human Computer Interaction,FAC006,2026-06-22,1,Monday,1,7,2026-2027,P
45,STU000015,2023010015,SUB0053,Deep Learning,FAC008,2026-06-22,1,Monday,1,7,2026-2027,A
46,STU000016,2023010016,SUB0050,Software Engineering,FAC005,2026-06-22,1,Monday,1,7,2026-2027,P
47,STU000016,2023010016,SUB0051,Human Computer Interaction,FAC006,2026-06-22,1,Monday,1,7,2026-2027,P
48,STU000016,2023010016,SUB0053,Deep Learning,FAC008,2026-06-22,1,Monday,1,7,2026-2027,P
49,STU000017,2023010017,SUB0050,Software Engineering,FAC005,2026-06-22,1,Monday,1,7,2026-2027,P
50,STU000017,2023010017,SUB0051,Human Computer Interaction,FAC006,2026-06-22,1,Monday,1,7,2026-2027,P
51,STU000017,2023010017,SUB0053,Deep Learning,FAC008,2026-06-22,1,Monday,1,7,2026-2027,P
52,STU000018,2023010018,SUB0050,Software Engineering,FAC005,2026-06-22,1,Monday,1,7,2026-2027,A
53,STU000018,2023010018,SUB0051,Human Computer Interaction,FAC006,2026-06-22,1,Monday,1,7,2026-2027,P
54,STU000018,2023010018,SUB0053,Deep Learning,FAC008,2026-06-22,1,Monday,1,7,2026-2027,P
55,STU000019,2023010019,SUB0050,Software Engineering,FAC005,2026-06-22,1,Monday,1,7,2026-2027,P
56,STU000019,2023010019,SUB0051,Human Computer Interaction,FAC006,2026-06-22,1,Monday,1,7,2026-2027,P
57,STU000019,2023010019,SUB0053,Deep Learning,FAC008,2026-06-22,1,Monday,1,7,2026-2027,P
58,STU000020,2023010020,SUB0050,Software Engineering,FAC005,2026-06-22,1,Monday,1,7,2026-2027,P
59,STU000020,2023010020,SUB0051,Human Computer Interaction,FAC006,2026-06-22,1,Monday,1,7,2026-2027,P
60,STU000020,2023010020,SUB0053,Deep Learning,FAC008,2026-06-22,1,Monday,1,7,2026-2027,P
61,STU000021,2023010021,SUB0050,Software Engineering,FAC005,2026-06-22,1,Monday,1,7,2026-2027,P
62,STU000021,2023010021,SUB0051,Human Computer Interaction,FAC006,2026-06-22,1,Monday,1,7,2026-2027,P
63,STU000021,2023010021,SUB0053,Deep Learning,FAC008,2026-06-22,1,Monday,1,7,2026-2027,P
64,STU000022,2023010022,SUB0050,Software Engineering,FAC005,2026-06-22,1,Monday,1,7,2026-2027,P
65,STU000022,2023010022,SUB0051,Human Computer Interaction,FAC006,2026-06-22,1,Monday,1,7,2026-2027,P
66,STU000022,2023010022,SUB0053,Deep Learning,FAC008,2026-06-22,1,Monday,1,7,2026-2027,A
67,STU000023,2023010023,SUB0050,Software Engineering,FAC005,2026-06-22,1,Monday,1,7,2026-2027,P
68,STU000023,2023010023,SUB0051,Human Computer Interaction,FAC006,2026-06-22,1,Monday,1,7,2026-2027,P
69,STU000023,2023010023,SUB0053,Deep Learning,FAC008,2026-06-22,1,Monday,1,7,2026-2027,P
70,STU000024,2023010024,SUB0050,Software Engineering,FAC005,2026-06-22,1,Monday,1,7,2026-2027,P
71,STU000024,2023010024,SUB0051,Human Computer Interaction,FAC006,2026-06-22,1,Monday,1,7,2026-2027,P
72,STU000024,2023010024,SUB0053,Deep Learning,FAC008,2026-06-22,1,Monday,1,7,2026-2027,P
73,STU000025,2023010025,SUB0050,Software Engineering,FAC005,2026-06-22,1,Monday,1,7,2026-2027,A
74,STU000025,2023010025,SUB0051,Human Computer Interaction,FAC006,2026-06-22,1,Monday,1,7,2026-2027,P
75,STU000025,2023010025,SUB0053,Deep Learning,FAC008,2026-06-22,1,Monday,1,7,2026-2027,P
76,STU000026,2023010026,SUB0050,Software Engineering,FAC005,2026-06-22,1,Monday,1,7,2026-2027,P
77,STU000026,2023010026,SUB0051,Human Computer Interaction,FAC006,2026-06-22,1,Monday,1,7,2026-2027,P
78,STU000026,2023010026,SUB0053,Deep Learning,FAC008,2026-06-22,1,Monday,1,7,2026-2027,P
79,STU000027,2023010027,SUB0050,Software Engineering,FAC005,2026-06-22,1,Monday,1,7,2026-2027,P
80,STU000027,2023010027,SUB0051,Human Computer Interaction,FAC006,2026-06-22,1,Monday,1,7,2026-2027,P
81,STU000027,2023010027,SUB0053,Deep Learning,FAC008,2026-06-22,1,Monday,1,7,2026-2027,P
82,STU000028,2023010028,SUB0050,Software Engineering,FAC005,2026-06-22,1,Monday,1,7,2026-2027,P
83,STU000028,2023010028,SUB0051,Human Computer Interaction,FAC006,2026-06-22,1,Monday,1,7,2026-2027,P
84,STU000028,2023010028,SUB0053,Deep Learning,FAC008,2026-06-22,1,Monday,1,7,2026-2027,P
85,STU000029,2023010029,SUB0050,Software Engineering,FAC005,2026-06-22,1,Monday,1,7,2026-2027,P
86,STU000029,2023010029,SUB0051,Human Computer Interaction,FAC006,2026-06-22,1,Monday,1,7,2026-2027,P
87,STU000029,2023010029,SUB0053,Deep Learning,FAC008,2026-06-22,1,Monday,1,7,2026-2027,P
88,STU000030,2023010030,SUB0050,Software Engineering,FAC005,2026-06-22,1,Monday,1,7,2026-2027,P
89,STU000030,2023010030,SUB0051,Human Computer Interaction,FAC006,2026-06-22,1,Monday,1,7,2026-2027,A
90,STU000030,2023010030,SUB0053,Deep Learning,FAC008,2026-06-22,1,Monday,1,7,2026-2027,P
91,STU000031,2023010031,SUB0050,Software Engineering,FAC005,2026-06-22,1,Monday,1,7,2026-2027,P
92,STU000031,2023010031,SUB0051,Human Computer Interaction,FAC006,2026-06-22,1,Monday,1,7,2026-2027,P
93,STU000031,2023010031,SUB0053,Deep Learning,FAC008,2026-06-22,1,Monday,1,7,2026-2027,P
94,STU000032,2023010032,SUB0050,Software Engineering,FAC005,2026-06-22,1,Monday,1,7,2026-2027,P
95,STU000032,2023010032,SUB0051,Human Computer Interaction,FAC006,2026-06-22,1,Monday,1,7,2026-2027,P
96,STU000032,2023010032,SUB0053,Deep Learning,FAC008,2026-06-22,1,Monday,1,7,2026-2027,P
97,STU000033,2023010033,SUB0050,Software Engineering,FAC005,2026-06-22,1,Monday,1,7,2026-2027,P
98,STU000033,2023010033,SUB0051,Human Computer Interaction,FAC006,2026-06-22,1,Monday,1,7,2026-2027,P
99,STU000033,2023010033,SUB0053,Deep Learning,FAC008,2026-06-22,1,Monday,1,7,2026-2027,P
100,STU000034,2023010034,SUB0050,Software Engineering,FAC005,2026-06-22,1,Monday,1,7,2026-2027,P
101,STU000034,2023010034,SUB0051,Human Computer Interaction,FAC006,2026-06-22,1,Monday,1,7,2026-2027,P
102,STU000034,2023010034,SUB0053,Deep Learning,FAC008,2026-06-22,1,Monday,1,7,2026-2027,P
103,STU000035,2023010035,SUB0050,Software Engineering,FAC005,2026-06-22,1,Monday,1,7,2026-2027,P
104,STU000035,2023010035,SUB0051,Human Computer Interaction,FAC006,2026-06-22,1,Monday,1,7,2026-2027,P
105,STU000035,2023010035,SUB0053,Deep Learning,FAC008,2026-06-22,1,Monday,1,7,2026-2027,P
106,STU000036,2023010036,SUB0050,Software Engineering,FAC005,2026-06-22,1,Monday,1,7,2026-2027,A
107,STU000036,2023010036,SUB0051,Human Computer Interaction,FAC006,2026-06-22,1,Monday,1,7,2026-2027,P
108,STU000036,2023010036,SUB0053,Deep Learning,FAC008,2026-06-22,1,Monday,1,7,2026-2027,P
109,STU000037,2023010037,SUB0050,Software Engineering,FAC005,2026-06-22,1,Monday,1,7,2026-2027,P
110,STU000037,2023010037,SUB0051,Human Computer Interaction,FAC006,2026-06-22,1,Monday,1,7,2026-2027,P
111,STU000037,2023010037,SUB0053,Deep Learning,FAC008,2026-06-22,1,Monday,1,7,2026-2027,P
112,STU000038,2023010038,SUB0050,Software Engineering,FAC005,2026-06-22,1,Monday,1,7,2026-2027,P
113,STU000038,2023010038,SUB0051,Human Computer Interaction,FAC006,2026-06-22,1,Monday,1,7,2026-2027,P
114,STU000038,2023010038,SUB0053,Deep Learning,FAC008,2026-06-22,1,Monday,1,7,2026-2027,P
115,STU000039,2023010039,SUB0050,Software Engineering,FAC005,2026-06-22,1,Monday,1,7,2026-2027,P
116,STU000039,2023010039,SUB0051,Human Computer Interaction,FAC006,2026-06-22,1,Monday,1,7,2026-2027,P
117,STU000039,2023010039,SUB0053,Deep Learning,FAC008,2026-06-22,1,Monday,1,7,2026-2027,P
118,STU000040,2023010040,SUB0050,Software Engineering,FAC005,2026-06-22,1,Monday,1,7,2026-2027,P
119,STU000040,2023010040,SUB0051,Human Computer Interaction,FAC006,2026-06-22,1,Monday,1,7,2026-2027,P
120,STU000040,2023010040,SUB0053,Deep Learning,FAC008,2026-06-22,1,Monday,1,7,2026-2027,A
121,STU000041,2023010041,SUB0050,Software Engineering,FAC005,2026-06-22,1,Monday,1,7,2026-2027,P
122,STU000041,2023010041,SUB0051,Human Computer Interaction,FAC006,2026-06-22,1,Monday,1,7,2026-2027,P
123,STU000041,2023010041,SUB0053,Deep Learning,FAC008,2026-06-22,1,Monday,1,7,2026-2027,P
124,STU000042,2023010042,SUB0050,Software Engineering,FAC005,2026-06-22,1,Monday,1,7,2026-2027,P
125,STU000042,2023010042,SUB0051,Human Computer Interaction,FAC006,2026-06-22,1,Monday,1,7,2026-2027,P
126,STU000042,2023010042,SUB0053,Deep Learning,FAC008,2026-06-22,1,Monday,1,7,2026-2027,P
127,STU000043,2023010043,SUB0050,Software Engineering,FAC005,2026-06-22,1,Monday,1,7,2026-2027,A
128,STU000043,2023010043,SUB0051,Human Computer Interaction,FAC006,2026-06-22,1,Monday,1,7,2026-2027,P
129,STU000043,2023010043,SUB0053,Deep Learning,FAC008,2026-06-22,1,Monday,1,7,2026-2027,P
130,STU000044,2023010044,SUB0050,Software Engineering,FAC005,2026-06-22,1,Monday,1,7,2026-2027,P
131,STU000044,2023010044,SUB0051,Human Computer Interaction,FAC006,2026-06-22,1,Monday,1,7,2026-2027,P
132,STU000044,2023010044,SUB0053,Deep Learning,FAC008,2026-06-22,1,Monday,1,7,2026-2027,P
133,STU000045,2023010045,SUB0050,Software Engineering,FAC005,2026-06-22,1,Monday,1,7,2026-2027,P
134,STU000045,2023010045,SUB0051,Human Computer Interaction,FAC006,2026-06-22,1,Monday,1,7,2026-2027,P
135,STU000045,2023010045,SUB0053,Deep Learning,FAC008,2026-06-22,1,Monday,1,7,2026-2027,P
136,STU000046,2023010046,SUB0050,Software Engineering,FAC005,2026-06-22,1,Monday,1,7,2026-2027,P
137,STU000046,2023010046,SUB0051,Human Computer Interaction,FAC006,2026-06-22,1,Monday,1,7,2026-2027,P
138,STU000046,2023010046,SUB0053,Deep Learning,FAC008,2026-06-22,1,Monday,1,7,2026-2027,P
139,STU000047,2023010047,SUB0050,Software Engineering,FAC005,2026-06-22,1,Monday,1,7,2026-2027,P
140,STU000047,2023010047,SUB0051,Human Computer Interaction,FAC006,2026-06-22,1,Monday,1,7,2026-2027,A
141,STU000047,2023010047,SUB0053,Deep Learning,FAC008,2026-06-22,1,Monday,1,7,2026-2027,A
142,STU000048,2023010048,SUB0050,Software Engineering,FAC005,2026-06-22,1,Monday,1,7,2026-2027,P
143,STU000048,2023010048,SUB0051,Human Computer Interaction,FAC006,2026-06-22,1,Monday,1,7,2026-2027,P
144,STU000048,2023010048,SUB0053,Deep Learning,FAC008,2026-06-22,1,Monday,1,7,2026-2027,P
145,STU000049,2023010049,SUB0050,Software Engineering,FAC005,2026-06-22,1,Monday,1,7,2026-2027,P
146,STU000049,2023010049,SUB0051,Human Computer Interaction,FAC006,2026-06-22,1,Monday,1,7,2026-2027,P
147,STU000049,2023010049,SUB0053,Deep Learning,FAC008,2026-06-22,1,Monday,1,7,2026-2027,P
148,STU000050,2023010050,SUB0050,Software Engineering,FAC005,2026-06-22,1,Monday,1,7,2026-2027,A
149,STU000050,2023010050,SUB0051,Human Computer Interaction,FAC006,2026-06-22,1,Monday,1,7,2026-2027,P
150,STU000050,2023010050,SUB0053,Deep Learning,FAC008,2026-06-22,1,Monday,1,7,2026-2027,P
151,STU000001,2023010001,SUB0052,"Innovation, Start-up & Entrepreneurship",FAC007,2026-06-23,1,Tuesday,1,7,2026-2027,P
152,STU000001,2023010001,SUB0054,Natural Language Processing,FAC009,2026-06-23,1,Tuesday,1,7,2026-2027,P
153,STU000002,2023010002,SUB0052,"Innovation, Start-up & Entrepreneurship",FAC007,2026-06-23,1,Tuesday,1,7,2026-2027,P
154,STU000002,2023010002,SUB0054,Natural Language Processing,FAC009,2026-06-23,1,Tuesday,1,7,2026-2027,P
155,STU000003,2023010003,SUB0052,"Innovation, Start-up & Entrepreneurship",FAC007,2026-06-23,1,Tuesday,1,7,2026-2027,P
156,STU000003,2023010003,SUB0054,Natural Language Processing,FAC009,2026-06-23,1,Tuesday,1,7,2026-2027,A
157,STU000004,2023010004,SUB0052,"Innovation, Start-up & Entrepreneurship",FAC007,2026-06-23,1,Tuesday,1,7,2026-2027,A
158,STU000004,2023010004,SUB0054,Natural Language Processing,FAC009,2026-06-23,1,Tuesday,1,7,2026-2027,P
159,STU000005,2023010005,SUB0052,"Innovation, Start-up & Entrepreneurship",FAC007,2026-06-23,1,Tuesday,1,7,2026-2027,P
160,STU000005,2023010005,SUB0054,Natural Language Processing,FAC009,2026-06-23,1,Tuesday,1,7,2026-2027,P
161,STU000006,2023010006,SUB0052,"Innovation, Start-up & Entrepreneurship",FAC007,2026-06-23,1,Tuesday,1,7,2026-2027,P
162,STU000006,2023010006,SUB0054,Natural Language Processing,FAC009,2026-06-23,1,Tuesday,1,7,2026-2027,P
163,STU000007,2023010007,SUB0052,"Innovation, Start-up & Entrepreneurship",FAC007,2026-06-23,1,Tuesday,1,7,2026-2027,P
164,STU000007,2023010007,SUB0054,Natural Language Processing,FAC009,2026-06-23,1,Tuesday,1,7,2026-2027,P
165,STU000008,2023010008,SUB0052,"Innovation, Start-up & Entrepreneurship",FAC007,2026-06-23,1,Tuesday,1,7,2026-2027,P
166,STU000008,2023010008,SUB0054,Natural Language Processing,FAC009,2026-06-23,1,Tuesday,1,7,2026-2027,P
167,STU000009,2023010009,SUB0052,"Innovation, Start-up & Entrepreneurship",FAC007,2026-06-23,1,Tuesday,1,7,2026-2027,P
168,STU000009,2023010009,SUB0054,Natural Language Processing,FAC009,2026-06-23,1,Tuesday,1,7,2026-2027,P
169,STU000010,2023010010,SUB0052,"Innovation, Start-up & Entrepreneurship",FAC007,2026-06-23,1,Tuesday,1,7,2026-2027,P
170,STU000010,2023010010,SUB0054,Natural Language Processing,FAC009,2026-06-23,1,Tuesday,1,7,2026-2027,A
171,STU000011,2023010011,SUB0052,"Innovation, Start-up & Entrepreneurship",FAC007,2026-06-23,1,Tuesday,1,7,2026-2027,P
172,STU000011,2023010011,SUB0054,Natural Language Processing,FAC009,2026-06-23,1,Tuesday,1,7,2026-2027,P
173,STU000012,2023010012,SUB0052,"Innovation, Start-up & Entrepreneurship",FAC007,2026-06-23,1,Tuesday,1,7,2026-2027,A
174,STU000012,2023010012,SUB0054,Natural Language Processing,FAC009,2026-06-23,1,Tuesday,1,7,2026-2027,P
175,STU000013,2023010013,SUB0052,"Innovation, Start-up & Entrepreneurship",FAC007,2026-06-23,1,Tuesday,1,7,2026-2027,P
176,STU000013,2023010013,SUB0054,Natural Language Processing,FAC009,2026-06-23,1,Tuesday,1,7,2026-2027,P
177,STU000014,2023010014,SUB0052,"Innovation, Start-up & Entrepreneurship",FAC007,2026-06-23,1,Tuesday,1,7,2026-2027,P
178,STU000014,2023010014,SUB0054,Natural Language Processing,FAC009,2026-06-23,1,Tuesday,1,7,2026-2027,P
179,STU000015,2023010015,SUB0052,"Innovation, Start-up & Entrepreneurship",FAC007,2026-06-23,1,Tuesday,1,7,2026-2027,P
180,STU000015,2023010015,SUB0054,Natural Language Processing,FAC009,2026-06-23,1,Tuesday,1,7,2026-2027,P
181,STU000016,2023010016,SUB0052,"Innovation, Start-up & Entrepreneurship",FAC007,2026-06-23,1,Tuesday,1,7,2026-2027,P
182,STU000016,2023010016,SUB0054,Natural Language Processing,FAC009,2026-06-23,1,Tuesday,1,7,2026-2027,P
183,STU000017,2023010017,SUB0052,"Innovation, Start-up & Entrepreneurship",FAC007,2026-06-23,1,Tuesday,1,7,2026-2027,P
184,STU000017,2023010017,SUB0054,Natural Language Processing,FAC009,2026-06-23,1,Tuesday,1,7,2026-2027,P
185,STU000018,2023010018,SUB0052,"Innovation, Start-up & Entrepreneurship",FAC007,2026-06-23,1,Tuesday,1,7,2026-2027,P
186,STU000018,2023010018,SUB0054,Natural Language Processing,FAC009,2026-06-23,1,Tuesday,1,7,2026-2027,P
187,STU000019,2023010019,SUB0052,"Innovation, Start-up & Entrepreneurship",FAC007,2026-06-23,1,Tuesday,1,7,2026-2027,P
188,STU000019,2023010019,SUB0054,Natural Language Processing,FAC009,2026-06-23,1,Tuesday,1,7,2026-2027,A
189,STU000020,2023010020,SUB0052,"Innovation, Start-up & Entrepreneurship",FAC007,2026-06-23,1,Tuesday,1,7,2026-2027,A
190,STU000020,2023010020,SUB0054,Natural Language Processing,FAC009,2026-06-23,1,Tuesday,1,7,2026-2027,P
191,STU000021,2023010021,SUB0052,"Innovation, Start-up & Entrepreneurship",FAC007,2026-06-23,1,Tuesday,1,7,2026-2027,P
192,STU000021,2023010021,SUB0054,Natural Language Processing,FAC009,2026-06-23,1,Tuesday,1,7,2026-2027,P
193,STU000022,2023010022,SUB0052,"Innovation, Start-up & Entrepreneurship",FAC007,2026-06-23,1,Tuesday,1,7,2026-2027,P
194,STU000022,2023010022,SUB0054,Natural Language Processing,FAC009,2026-06-23,1,Tuesday,1,7,2026-2027,P
195,STU000023,2023010023,SUB0052,"Innovation, Start-up & Entrepreneurship",FAC007,2026-06-23,1,Tuesday,1,7,2026-2027,P
196,STU000023,2023010023,SUB0054,Natural Language Processing,FAC009,2026-06-23,1,Tuesday,1,7,2026-2027,P
197,STU000024,2023010024,SUB0052,"Innovation, Start-up & Entrepreneurship",FAC007,2026-06-23,1,Tuesday,1,7,2026-2027,P
198,STU000024,2023010024,SUB0054,Natural Language Processing,FAC009,2026-06-23,1,Tuesday,1,7,2026-2027,P
199,STU000025,2023010025,SUB0052,"Innovation, Start-up & Entrepreneurship",FAC007,2026-06-23,1,Tuesday,1,7,2026-2027,P
200,STU000025,2023010025,SUB0054,Natural Language Processing,FAC009,2026-06-23,1,Tuesday,1,7,2026-2027,P
201,STU000026,2023010026,SUB0052,"Innovation, Start-up & Entrepreneurship",FAC007,2026-06-23,1,Tuesday,1,7,2026-2027,P
202,STU000026,2023010026,SUB0054,Natural Language Processing,FAC009,2026-06-23,1,Tuesday,1,7,2026-2027,A
203,STU000027,2023010027,SUB0052,"Innovation, Start-up & Entrepreneurship",FAC007,2026-06-23,1,Tuesday,1,7,2026-2027,P
204,STU000027,2023010027,SUB0054,Natural Language Processing,FAC009,2026-06-23,1,Tuesday,1,7,2026-2027,P
205,STU000028,2023010028,SUB0052,"Innovation, Start-up & Entrepreneurship",FAC007,2026-06-23,1,Tuesday,1,7,2026-2027,A
206,STU000028,2023010028,SUB0054,Natural Language Processing,FAC009,2026-06-23,1,Tuesday,1,7,2026-2027,P
207,STU000029,2023010029,SUB0052,"Innovation, Start-up & Entrepreneurship",FAC007,2026-06-23,1,Tuesday,1,7,2026-2027,P
208,STU000029,2023010029,SUB0054,Natural Language Processing,FAC009,2026-06-23,1,Tuesday,1,7,2026-2027,P
209,STU000030,2023010030,SUB0052,"Innovation, Start-up & Entrepreneurship",FAC007,2026-06-23,1,Tuesday,1,7,2026-2027,P
210,STU000030,2023010030,SUB0054,Natural Language Processing,FAC009,2026-06-23,1,Tuesday,1,7,2026-2027,P
211,STU000031,2023010031,SUB0052,"Innovation, Start-up & Entrepreneurship",FAC007,2026-06-23,1,Tuesday,1,7,2026-2027,P
212,STU000031,2023010031,SUB0054,Natural Language Processing,FAC009,2026-06-23,1,Tuesday,1,7,2026-2027,P
213,STU000032,2023010032,SUB0052,"Innovation, Start-up & Entrepreneurship",FAC007,2026-06-23,1,Tuesday,1,7,2026-2027,P
214,STU000032,2023010032,SUB0054,Natural Language Processing,FAC009,2026-06-23,1,Tuesday,1,7,2026-2027,P
215,STU000033,2023010033,SUB0052,"Innovation, Start-up & Entrepreneurship",FAC007,2026-06-23,1,Tuesday,1,7,2026-2027,P
216,STU000033,2023010033,SUB0054,Natural Language Processing,FAC009,2026-06-23,1,Tuesday,1,7,2026-2027,P
217,STU000034,2023010034,SUB0052,"Innovation, Start-up & Entrepreneurship",FAC007,2026-06-23,1,Tuesday,1,7,2026-2027,P
218,STU000034,2023010034,SUB0054,Natural Language Processing,FAC009,2026-06-23,1,Tuesday,1,7,2026-2027,P
219,STU000035,2023010035,SUB0052,"Innovation, Start-up & Entrepreneurship",FAC007,2026-06-23,1,Tuesday,1,7,2026-2027,P
220,STU000035,2023010035,SUB0054,Natural Language Processing,FAC009,2026-06-23,1,Tuesday,1,7,2026-2027,A
221,STU000036,2023010036,SUB0052,"Innovation, Start-up & Entrepreneurship",FAC007,2026-06-23,1,Tuesday,1,7,2026-2027,A
222,STU000036,2023010036,SUB0054,Natural Language Processing,FAC009,2026-06-23,1,Tuesday,1,7,2026-2027,P
223,STU000037,2023010037,SUB0052,"Innovation, Start-up & Entrepreneurship",FAC007,2026-06-23,1,Tuesday,1,7,2026-2027,P
224,STU000037,2023010037,SUB0054,Natural Language Processing,FAC009,2026-06-23,1,Tuesday,1,7,2026-2027,P
225,STU000038,2023010038,SUB0052,"Innovation, Start-up & Entrepreneurship",FAC007,2026-06-23,1,Tuesday,1,7,2026-2027,P
226,STU000038,2023010038,SUB0054,Natural Language Processing,FAC009,2026-06-23,1,Tuesday,1,7,2026-2027,P
227,STU000039,2023010039,SUB0052,"Innovation, Start-up & Entrepreneurship",FAC007,2026-06-23,1,Tuesday,1,7,2026-2027,P
228,STU000039,2023010039,SUB0054,Natural Language Processing,FAC009,2026-06-23,1,Tuesday,1,7,2026-2027,P
229,STU000040,2023010040,SUB0052,"Innovation, Start-up & Entrepreneurship",FAC007,2026-06-23,1,Tuesday,1,7,2026-2027,P
230,STU000040,2023010040,SUB0054,Natural Language Processing,FAC009,2026-06-23,1,Tuesday,1,7,2026-2027,P
231,STU000041,2023010041,SUB0052,"Innovation, Start-up & Entrepreneurship",FAC007,2026-06-23,1,Tuesday,1,7,2026-2027,P
232,STU000041,2023010041,SUB0054,Natural Language Processing,FAC009,2026-06-23,1,Tuesday,1,7,2026-2027,P
233,STU000042,2023010042,SUB0052,"Innovation, Start-up & Entrepreneurship",FAC007,2026-06-23,1,Tuesday,1,7,2026-2027,P
234,STU000042,2023010042,SUB0054,Natural Language Processing,FAC009,2026-06-23,1,Tuesday,1,7,2026-2027,A
235,STU000043,2023010043,SUB0052,"Innovation, Start-up & Entrepreneurship",FAC007,2026-06-23,1,Tuesday,1,7,2026-2027,P
236,STU000043,2023010043,SUB0054,Natural Language Processing,FAC009,2026-06-23,1,Tuesday,1,7,2026-2027,P
237,STU000044,2023010044,SUB0052,"Innovation, Start-up & Entrepreneurship",FAC007,2026-06-23,1,Tuesday,1,7,2026-2027,A
238,STU000044,2023010044,SUB0054,Natural Language Processing,FAC009,2026-06-23,1,Tuesday,1,7,2026-2027,P
239,STU000045,2023010045,SUB0052,"Innovation, Start-up & Entrepreneurship",FAC007,2026-06-23,1,Tuesday,1,7,2026-2027,P
240,STU000045,2023010045,SUB0054,Natural Language Processing,FAC009,2026-06-23,1,Tuesday,1,7,2026-2027,P
241,STU000046,2023010046,SUB0052,"Innovation, Start-up & Entrepreneurship",FAC007,2026-06-23,1,Tuesday,1,7,2026-2027,P
242,STU000046,2023010046,SUB0054,Natural Language Processing,FAC009,2026-06-23,1,Tuesday,1,7,2026-2027,P
243,STU000047,2023010047,SUB0052,"Innovation, Start-up & Entrepreneurship",FAC007,2026-06-23,1,Tuesday,1,7,2026-2027,P
244,STU000047,2023010047,SUB0054,Natural Language Processing,FAC009,2026-06-23,1,Tuesday,1,7,2026-2027,P
245,STU000048,2023010048,SUB0052,"Innovation, Start-up & Entrepreneurship",FAC007,2026-06-23,1,Tuesday,1,7,2026-2027,P
246,STU000048,2023010048,SUB0054,Natural Language Processing,FAC009,2026-06-23,1,Tuesday,1,7,2026-2027,P
247,STU000049,2023010049,SUB0052,"Innovation, Start-up & Entrepreneurship",FAC007,2026-06-23,1,Tuesday,1,7,2026-2027,P
248,STU000049,2023010049,SUB0054,Natural Language Processing,FAC009,2026-06-23,1,Tuesday,1,7,2026-2027,P
249,STU000050,2023010050,SUB0052,"Innovation, Start-up & Entrepreneurship",FAC007,2026-06-23,1,Tuesday,1,7,2026-2027,P
250,STU000050,2023010050,SUB0054,Natural Language Processing,FAC009,2026-06-23,1,Tuesday,1,7,2026-2027,P
251,STU000001,2023010001,SUB0053,Deep Learning,FAC008,2026-06-23,2,Tuesday,1,7,2026-2027,P
252,STU000002,2023010002,SUB0053,Deep Learning,FAC008,2026-06-23,2,Tuesday,1,7,2026-2027,P
253,STU000003,2023010003,SUB0053,Deep Learning,FAC008,2026-06-23,2,Tuesday,1,7,2026-2027,P
254,STU000004,2023010004,SUB0053,Deep Learning,FAC008,2026-06-23,2,Tuesday,1,7,2026-2027,P
255,STU000005,2023010005,SUB0053,Deep Learning,FAC008,2026-06-23,2,Tuesday,1,7,2026-2027,P
256,STU000006,2023010006,SUB0053,Deep Learning,FAC008,2026-06-23,2,Tuesday,1,7,2026-2027,P
257,STU000007,2023010007,SUB0053,Deep Learning,FAC008,2026-06-23,2,Tuesday,1,7,2026-2027,P
258,STU000008,2023010008,SUB0053,Deep Learning,FAC008,2026-06-23,2,Tuesday,1,7,2026-2027,P
259,STU000009,2023010009,SUB0053,Deep Learning,FAC008,2026-06-23,2,Tuesday,1,7,2026-2027,P
260,STU000010,2023010010,SUB0053,Deep Learning,FAC008,2026-06-23,2,Tuesday,1,7,2026-2027,P
261,STU000011,2023010011,SUB0053,Deep Learning,FAC008,2026-06-23,2,Tuesday,1,7,2026-2027,P
262,STU000012,2023010012,SUB0053,Deep Learning,FAC008,2026-06-23,2,Tuesday,1,7,2026-2027,P
263,STU000013,2023010013,SUB0053,Deep Learning,FAC008,2026-06-23,2,Tuesday,1,7,2026-2027,P
264,STU000014,2023010014,SUB0053,Deep Learning,FAC008,2026-06-23,2,Tuesday,1,7,2026-2027,P
265,STU000015,2023010015,SUB0053,Deep Learning,FAC008,2026-06-23,2,Tuesday,1,7,2026-2027,P
266,STU000016,2023010016,SUB0053,Deep Learning,FAC008,2026-06-23,2,Tuesday,1,7,2026-2027,A
267,STU000017,2023010017,SUB0053,Deep Learning,FAC008,2026-06-23,2,Tuesday,1,7,2026-2027,P
268,STU000018,2023010018,SUB0053,Deep Learning,FAC008,2026-06-23,2,Tuesday,1,7,2026-2027,P
269,STU000019,2023010019,SUB0053,Deep Learning,FAC008,2026-06-23,2,Tuesday,1,7,2026-2027,P
270,STU000020,2023010020,SUB0053,Deep Learning,FAC008,2026-06-23,2,Tuesday,1,7,2026-2027,P
271,STU000021,2023010021,SUB0053,Deep Learning,FAC008,2026-06-23,2,Tuesday,1,7,2026-2027,P
272,STU000022,2023010022,SUB0053,Deep Learning,FAC008,2026-06-23,2,Tuesday,1,7,2026-2027,P
273,STU000023,2023010023,SUB0053,Deep Learning,FAC008,2026-06-23,2,Tuesday,1,7,2026-2027,A
274,STU000024,2023010024,SUB0053,Deep Learning,FAC008,2026-06-23,2,Tuesday,1,7,2026-2027,P
275,STU000025,2023010025,SUB0053,Deep Learning,FAC008,2026-06-23,2,Tuesday,1,7,2026-2027,P
276,STU000026,2023010026,SUB0053,Deep Learning,FAC008,2026-06-23,2,Tuesday,1,7,2026-2027,P
277,STU000027,2023010027,SUB0053,Deep Learning,FAC008,2026-06-23,2,Tuesday,1,7,2026-2027,P
278,STU000028,2023010028,SUB0053,Deep Learning,FAC008,2026-06-23,2,Tuesday,1,7,2026-2027,P
279,STU000029,2023010029,SUB0053,Deep Learning,FAC008,2026-06-23,2,Tuesday,1,7,2026-2027,P
280,STU000030,2023010030,SUB0053,Deep Learning,FAC008,2026-06-23,2,Tuesday,1,7,2026-2027,P
281,STU000031,2023010031,SUB0053,Deep Learning,FAC008,2026-06-23,2,Tuesday,1,7,2026-2027,P
282,STU000032,2023010032,SUB0053,Deep Learning,FAC008,2026-06-23,2,Tuesday,1,7,2026-2027,P
283,STU000033,2023010033,SUB0053,Deep Learning,FAC008,2026-06-23,2,Tuesday,1,7,2026-2027,P
284,STU000034,2023010034,SUB0053,Deep Learning,FAC008,2026-06-23,2,Tuesday,1,7,2026-2027,A
285,STU000035,2023010035,SUB0053,Deep Learning,FAC008,2026-06-23,2,Tuesday,1,7,2026-2027,P
286,STU000036,2023010036,SUB0053,Deep Learning,FAC008,2026-06-23,2,Tuesday,1,7,2026-2027,P
287,STU000037,2023010037,SUB0053,Deep Learning,FAC008,2026-06-23,2,Tuesday,1,7,2026-2027,P
288,STU000038,2023010038,SUB0053,Deep Learning,FAC008,2026-06-23,2,Tuesday,1,7,2026-2027,P
289,STU000039,2023010039,SUB0053,Deep Learning,FAC008,2026-06-23,2,Tuesday,1,7,2026-2027,P
290,STU000040,2023010040,SUB0053,Deep Learning,FAC008,2026-06-23,2,Tuesday,1,7,2026-2027,P
291,STU000041,2023010041,SUB0053,Deep Learning,FAC008,2026-06-23,2,Tuesday,1,7,2026-2027,P
292,STU000042,2023010042,SUB0053,Deep Learning,FAC008,2026-06-23,2,Tuesday,1,7,2026-2027,P
293,STU000043,2023010043,SUB0053,Deep Learning,FAC008,2026-06-23,2,Tuesday,1,7,2026-2027,P
294,STU000044,2023010044,SUB0053,Deep Learning,FAC008,2026-06-23,2,Tuesday,1,7,2026-2027,P
295,STU000045,2023010045,SUB0053,Deep Learning,FAC008,2026-06-23,2,Tuesday,1,7,2026-2027,P
296,STU000046,2023010046,SUB0053,Deep Learning,FAC008,2026-06-23,2,Tuesday,1,7,2026-2027,P
297,STU000047,2023010047,SUB0053,Deep Learning,FAC008,2026-06-23,2,Tuesday,1,7,2026-2027,P
298,STU000048,2023010048,SUB0053,Deep Learning,FAC008,2026-06-23,2,Tuesday,1,7,2026-2027,A
299,STU000049,2023010049,SUB0053,Deep Learning,FAC008,2026-06-23,2,Tuesday,1,7,2026-2027,A
300,STU000050,2023010050,SUB0053,Deep Learning,FAC008,2026-06-23,2,Tuesday,1,7,2026-2027,P
301,STU000001,2023010001,SUB0050,Software Engineering,FAC005,2026-06-24,2,Wednesday,1,7,2026-2027,A
302,STU000001,2023010001,SUB0051,Human Computer Interaction,FAC006,2026-06-24,2,Wednesday,1,7,2026-2027,P
303,STU000001,2023010001,SUB0054,Natural Language Processing,FAC009,2026-06-24,2,Wednesday,1,7,2026-2027,P
304,STU000002,2023010002,SUB0050,Software Engineering,FAC005,2026-06-24,2,Wednesday,1,7,2026-2027,P
305,STU000002,2023010002,SUB0051,Human Computer Interaction,FAC006,2026-06-24,2,Wednesday,1,7,2026-2027,P
306,STU000002,2023010002,SUB0054,Natural Language Processing,FAC009,2026-06-24,2,Wednesday,1,7,2026-2027,P
307,STU000003,2023010003,SUB0050,Software Engineering,FAC005,2026-06-24,2,Wednesday,1,7,2026-2027,P
308,STU000003,2023010003,SUB0051,Human Computer Interaction,FAC006,2026-06-24,2,Wednesday,1,7,2026-2027,P
309,STU000003,2023010003,SUB0054,Natural Language Processing,FAC009,2026-06-24,2,Wednesday,1,7,2026-2027,P
310,STU000004,2023010004,SUB0050,Software Engineering,FAC005,2026-06-24,2,Wednesday,1,7,2026-2027,P
311,STU000004,2023010004,SUB0051,Human Computer Interaction,FAC006,2026-06-24,2,Wednesday,1,7,2026-2027,P
312,STU000004,2023010004,SUB0054,Natural Language Processing,FAC009,2026-06-24,2,Wednesday,1,7,2026-2027,A
313,STU000005,2023010005,SUB0050,Software Engineering,FAC005,2026-06-24,2,Wednesday,1,7,2026-2027,P
314,STU000005,2023010005,SUB0051,Human Computer Interaction,FAC006,2026-06-24,2,Wednesday,1,7,2026-2027,P
315,STU000005,2023010005,SUB0054,Natural Language Processing,FAC009,2026-06-24,2,Wednesday,1,7,2026-2027,P
316,STU000006,2023010006,SUB0050,Software Engineering,FAC005,2026-06-24,2,Wednesday,1,7,2026-2027,P
317,STU000006,2023010006,SUB0051,Human Computer Interaction,FAC006,2026-06-24,2,Wednesday,1,7,2026-2027,P
318,STU000006,2023010006,SUB0054,Natural Language Processing,FAC009,2026-06-24,2,Wednesday,1,7,2026-2027,P
319,STU000007,2023010007,SUB0050,Software Engineering,FAC005,2026-06-24,2,Wednesday,1,7,2026-2027,P
320,STU000007,2023010007,SUB0051,Human Computer Interaction,FAC006,2026-06-24,2,Wednesday,1,7,2026-2027,P
321,STU000007,2023010007,SUB0054,Natural Language Processing,FAC009,2026-06-24,2,Wednesday,1,7,2026-2027,P
322,STU000008,2023010008,SUB0050,Software Engineering,FAC005,2026-06-24,2,Wednesday,1,7,2026-2027,P
323,STU000008,2023010008,SUB0051,Human Computer Interaction,FAC006,2026-06-24,2,Wednesday,1,7,2026-2027,P
324,STU000008,2023010008,SUB0054,Natural Language Processing,FAC009,2026-06-24,2,Wednesday,1,7,2026-2027,P
325,STU000009,2023010009,SUB0050,Software Engineering,FAC005,2026-06-24,2,Wednesday,1,7,2026-2027,P
326,STU000009,2023010009,SUB0051,Human Computer Interaction,FAC006,2026-06-24,2,Wednesday,1,7,2026-2027,P
327,STU000009,2023010009,SUB0054,Natural Language Processing,FAC009,2026-06-24,2,Wednesday,1,7,2026-2027,P
328,STU000010,2023010010,SUB0050,Software Engineering,FAC005,2026-06-24,2,Wednesday,1,7,2026-2027,P
329,STU000010,2023010010,SUB0051,Human Computer Interaction,FAC006,2026-06-24,2,Wednesday,1,7,2026-2027,P
330,STU000010,2023010010,SUB0054,Natural Language Processing,FAC009,2026-06-24,2,Wednesday,1,7,2026-2027,P
331,STU000011,2023010011,SUB0050,Software Engineering,FAC005,2026-06-24,2,Wednesday,1,7,2026-2027,P
332,STU000011,2023010011,SUB0051,Human Computer Interaction,FAC006,2026-06-24,2,Wednesday,1,7,2026-2027,P
333,STU000011,2023010011,SUB0054,Natural Language Processing,FAC009,2026-06-24,2,Wednesday,1,7,2026-2027,A
334,STU000012,2023010012,SUB0050,Software Engineering,FAC005,2026-06-24,2,Wednesday,1,7,2026-2027,A
335,STU000012,2023010012,SUB0051,Human Computer Interaction,FAC006,2026-06-24,2,Wednesday,1,7,2026-2027,P
336,STU000012,2023010012,SUB0054,Natural Language Processing,FAC009,2026-06-24,2,Wednesday,1,7,2026-2027,P
337,STU000013,2023010013,SUB0050,Software Engineering,FAC005,2026-06-24,2,Wednesday,1,7,2026-2027,P
338,STU000013,2023010013,SUB0051,Human Computer Interaction,FAC006,2026-06-24,2,Wednesday,1,7,2026-2027,P
339,STU000013,2023010013,SUB0054,Natural Language Processing,FAC009,2026-06-24,2,Wednesday,1,7,2026-2027,A
340,STU000014,2023010014,SUB0050,Software Engineering,FAC005,2026-06-24,2,Wednesday,1,7,2026-2027,P
341,STU000014,2023010014,SUB0051,Human Computer Interaction,FAC006,2026-06-24,2,Wednesday,1,7,2026-2027,A
342,STU000014,2023010014,SUB0054,Natural Language Processing,FAC009,2026-06-24,2,Wednesday,1,7,2026-2027,P
343,STU000015,2023010015,SUB0050,Software Engineering,FAC005,2026-06-24,2,Wednesday,1,7,2026-2027,P
344,STU000015,2023010015,SUB0051,Human Computer Interaction,FAC006,2026-06-24,2,Wednesday,1,7,2026-2027,P
345,STU000015,2023010015,SUB0054,Natural Language Processing,FAC009,2026-06-24,2,Wednesday,1,7,2026-2027,P
346,STU000016,2023010016,SUB0050,Software Engineering,FAC005,2026-06-24,2,Wednesday,1,7,2026-2027,P
347,STU000016,2023010016,SUB0051,Human Computer Interaction,FAC006,2026-06-24,2,Wednesday,1,7,2026-2027,P
348,STU000016,2023010016,SUB0054,Natural Language Processing,FAC009,2026-06-24,2,Wednesday,1,7,2026-2027,P
349,STU000017,2023010017,SUB0050,Software Engineering,FAC005,2026-06-24,2,Wednesday,1,7,2026-2027,P
350,STU000017,2023010017,SUB0051,Human Computer Interaction,FAC006,2026-06-24,2,Wednesday,1,7,2026-2027,A
351,STU000017,2023010017,SUB0054,Natural Language Processing,FAC009,2026-06-24,2,Wednesday,1,7,2026-2027,P
352,STU000018,2023010018,SUB0050,Software Engineering,FAC005,2026-06-24,2,Wednesday,1,7,2026-2027,P
353,STU000018,2023010018,SUB0051,Human Computer Interaction,FAC006,2026-06-24,2,Wednesday,1,7,2026-2027,P
354,STU000018,2023010018,SUB0054,Natural Language Processing,FAC009,2026-06-24,2,Wednesday,1,7,2026-2027,P
355,STU000019,2023010019,SUB0050,Software Engineering,FAC005,2026-06-24,2,Wednesday,1,7,2026-2027,A
356,STU000019,2023010019,SUB0051,Human Computer Interaction,FAC006,2026-06-24,2,Wednesday,1,7,2026-2027,P
357,STU000019,2023010019,SUB0054,Natural Language Processing,FAC009,2026-06-24,2,Wednesday,1,7,2026-2027,P
358,STU000020,2023010020,SUB0050,Software Engineering,FAC005,2026-06-24,2,Wednesday,1,7,2026-2027,P
359,STU000020,2023010020,SUB0051,Human Computer Interaction,FAC006,2026-06-24,2,Wednesday,1,7,2026-2027,P
360,STU000020,2023010020,SUB0054,Natural Language Processing,FAC009,2026-06-24,2,Wednesday,1,7,2026-2027,A
361,STU000021,2023010021,SUB0050,Software Engineering,FAC005,2026-06-24,2,Wednesday,1,7,2026-2027,P
362,STU000021,2023010021,SUB0051,Human Computer Interaction,FAC006,2026-06-24,2,Wednesday,1,7,2026-2027,P
363,STU000021,2023010021,SUB0054,Natural Language Processing,FAC009,2026-06-24,2,Wednesday,1,7,2026-2027,P
364,STU000022,2023010022,SUB0050,Software Engineering,FAC005,2026-06-24,2,Wednesday,1,7,2026-2027,P
365,STU000022,2023010022,SUB0051,Human Computer Interaction,FAC006,2026-06-24,2,Wednesday,1,7,2026-2027,P
366,STU000022,2023010022,SUB0054,Natural Language Processing,FAC009,2026-06-24,2,Wednesday,1,7,2026-2027,P
367,STU000023,2023010023,SUB0050,Software Engineering,FAC005,2026-06-24,2,Wednesday,1,7,2026-2027,P
368,STU000023,2023010023,SUB0051,Human Computer Interaction,FAC006,2026-06-24,2,Wednesday,1,7,2026-2027,P
369,STU000023,2023010023,SUB0054,Natural Language Processing,FAC009,2026-06-24,2,Wednesday,1,7,2026-2027,P
370,STU000024,2023010024,SUB0050,Software Engineering,FAC005,2026-06-24,2,Wednesday,1,7,2026-2027,P
371,STU000024,2023010024,SUB0051,Human Computer Interaction,FAC006,2026-06-24,2,Wednesday,1,7,2026-2027,A
372,STU000024,2023010024,SUB0054,Natural Language Processing,FAC009,2026-06-24,2,Wednesday,1,7,2026-2027,P
373,STU000025,2023010025,SUB0050,Software Engineering,FAC005,2026-06-24,2,Wednesday,1,7,2026-2027,P
374,STU000025,2023010025,SUB0051,Human Computer Interaction,FAC006,2026-06-24,2,Wednesday,1,7,2026-2027,P
375,STU000025,2023010025,SUB0054,Natural Language Processing,FAC009,2026-06-24,2,Wednesday,1,7,2026-2027,P
376,STU000026,2023010026,SUB0050,Software Engineering,FAC005,2026-06-24,2,Wednesday,1,7,2026-2027,A
377,STU000026,2023010026,SUB0051,Human Computer Interaction,FAC006,2026-06-24,2,Wednesday,1,7,2026-2027,P
378,STU000026,2023010026,SUB0054,Natural Language Processing,FAC009,2026-06-24,2,Wednesday,1,7,2026-2027,P
379,STU000027,2023010027,SUB0050,Software Engineering,FAC005,2026-06-24,2,Wednesday,1,7,2026-2027,P
380,STU000027,2023010027,SUB0051,Human Computer Interaction,FAC006,2026-06-24,2,Wednesday,1,7,2026-2027,P
381,STU000027,2023010027,SUB0054,Natural Language Processing,FAC009,2026-06-24,2,Wednesday,1,7,2026-2027,A
382,STU000028,2023010028,SUB0050,Software Engineering,FAC005,2026-06-24,2,Wednesday,1,7,2026-2027,P
383,STU000028,2023010028,SUB0051,Human Computer Interaction,FAC006,2026-06-24,2,Wednesday,1,7,2026-2027,P
384,STU000028,2023010028,SUB0054,Natural Language Processing,FAC009,2026-06-24,2,Wednesday,1,7,2026-2027,P
385,STU000029,2023010029,SUB0050,Software Engineering,FAC005,2026-06-24,2,Wednesday,1,7,2026-2027,P
386,STU000029,2023010029,SUB0051,Human Computer Interaction,FAC006,2026-06-24,2,Wednesday,1,7,2026-2027,P
387,STU000029,2023010029,SUB0054,Natural Language Processing,FAC009,2026-06-24,2,Wednesday,1,7,2026-2027,P
388,STU000030,2023010030,SUB0050,Software Engineering,FAC005,2026-06-24,2,Wednesday,1,7,2026-2027,P
389,STU000030,2023010030,SUB0051,Human Computer Interaction,FAC006,2026-06-24,2,Wednesday,1,7,2026-2027,P
390,STU000030,2023010030,SUB0054,Natural Language Processing,FAC009,2026-06-24,2,Wednesday,1,7,2026-2027,P
391,STU000031,2023010031,SUB0050,Software Engineering,FAC005,2026-06-24,2,Wednesday,1,7,2026-2027,P
392,STU000031,2023010031,SUB0051,Human Computer Interaction,FAC006,2026-06-24,2,Wednesday,1,7,2026-2027,A
393,STU000031,2023010031,SUB0054,Natural Language Processing,FAC009,2026-06-24,2,Wednesday,1,7,2026-2027,P
394,STU000032,2023010032,SUB0050,Software Engineering,FAC005,2026-06-24,2,Wednesday,1,7,2026-2027,P
395,STU000032,2023010032,SUB0051,Human Computer Interaction,FAC006,2026-06-24,2,Wednesday,1,7,2026-2027,P
396,STU000032,2023010032,SUB0054,Natural Language Processing,FAC009,2026-06-24,2,Wednesday,1,7,2026-2027,P
397,STU000033,2023010033,SUB0050,Software Engineering,FAC005,2026-06-24,2,Wednesday,1,7,2026-2027,P
398,STU000033,2023010033,SUB0051,Human Computer Interaction,FAC006,2026-06-24,2,Wednesday,1,7,2026-2027,P
399,STU000033,2023010033,SUB0054,Natural Language Processing,FAC009,2026-06-24,2,Wednesday,1,7,2026-2027,P
400,STU000034,2023010034,SUB0050,Software Engineering,FAC005,2026-06-24,2,Wednesday,1,7,2026-2027,P
401,STU000034,2023010034,SUB0051,Human Computer Interaction,FAC006,2026-06-24,2,Wednesday,1,7,2026-2027,P
402,STU000034,2023010034,SUB0054,Natural Language Processing,FAC009,2026-06-24,2,Wednesday,1,7,2026-2027,P
403,STU000035,2023010035,SUB0050,Software Engineering,FAC005,2026-06-24,2,Wednesday,1,7,2026-2027,P
404,STU000035,2023010035,SUB0051,Human Computer Interaction,FAC006,2026-06-24,2,Wednesday,1,7,2026-2027,P
405,STU000035,2023010035,SUB0054,Natural Language Processing,FAC009,2026-06-24,2,Wednesday,1,7,2026-2027,P
406,STU000036,2023010036,SUB0050,Software Engineering,FAC005,2026-06-24,2,Wednesday,1,7,2026-2027,P
407,STU000036,2023010036,SUB0051,Human Computer Interaction,FAC006,2026-06-24,2,Wednesday,1,7,2026-2027,P
408,STU000036,2023010036,SUB0054,Natural Language Processing,FAC009,2026-06-24,2,Wednesday,1,7,2026-2027,A
409,STU000037,2023010037,SUB0050,Software Engineering,FAC005,2026-06-24,2,Wednesday,1,7,2026-2027,A
410,STU000037,2023010037,SUB0051,Human Computer Interaction,FAC006,2026-06-24,2,Wednesday,1,7,2026-2027,P
411,STU000037,2023010037,SUB0054,Natural Language Processing,FAC009,2026-06-24,2,Wednesday,1,7,2026-2027,P
412,STU000038,2023010038,SUB0050,Software Engineering,FAC005,2026-06-24,2,Wednesday,1,7,2026-2027,P
413,STU000038,2023010038,SUB0051,Human Computer Interaction,FAC006,2026-06-24,2,Wednesday,1,7,2026-2027,P
414,STU000038,2023010038,SUB0054,Natural Language Processing,FAC009,2026-06-24,2,Wednesday,1,7,2026-2027,P
415,STU000039,2023010039,SUB0050,Software Engineering,FAC005,2026-06-24,2,Wednesday,1,7,2026-2027,P
416,STU000039,2023010039,SUB0051,Human Computer Interaction,FAC006,2026-06-24,2,Wednesday,1,7,2026-2027,P
417,STU000039,2023010039,SUB0054,Natural Language Processing,FAC009,2026-06-24,2,Wednesday,1,7,2026-2027,P
418,STU000040,2023010040,SUB0050,Software Engineering,FAC005,2026-06-24,2,Wednesday,1,7,2026-2027,P
419,STU000040,2023010040,SUB0051,Human Computer Interaction,FAC006,2026-06-24,2,Wednesday,1,7,2026-2027,P
420,STU000040,2023010040,SUB0054,Natural Language Processing,FAC009,2026-06-24,2,Wednesday,1,7,2026-2027,P
421,STU000041,2023010041,SUB0050,Software Engineering,FAC005,2026-06-24,2,Wednesday,1,7,2026-2027,P
422,STU000041,2023010041,SUB0051,Human Computer Interaction,FAC006,2026-06-24,2,Wednesday,1,7,2026-2027,P
423,STU000041,2023010041,SUB0054,Natural Language Processing,FAC009,2026-06-24,2,Wednesday,1,7,2026-2027,P
424,STU000042,2023010042,SUB0050,Software Engineering,FAC005,2026-06-24,2,Wednesday,1,7,2026-2027,P
425,STU000042,2023010042,SUB0051,Human Computer Interaction,FAC006,2026-06-24,2,Wednesday,1,7,2026-2027,P
426,STU000042,2023010042,SUB0054,Natural Language Processing,FAC009,2026-06-24,2,Wednesday,1,7,2026-2027,P
427,STU000043,2023010043,SUB0050,Software Engineering,FAC005,2026-06-24,2,Wednesday,1,7,2026-2027,P
428,STU000043,2023010043,SUB0051,Human Computer Interaction,FAC006,2026-06-24,2,Wednesday,1,7,2026-2027,P
429,STU000043,2023010043,SUB0054,Natural Language Processing,FAC009,2026-06-24,2,Wednesday,1,7,2026-2027,A
430,STU000044,2023010044,SUB0050,Software Engineering,FAC005,2026-06-24,2,Wednesday,1,7,2026-2027,A
431,STU000044,2023010044,SUB0051,Human Computer Interaction,FAC006,2026-06-24,2,Wednesday,1,7,2026-2027,P
432,STU000044,2023010044,SUB0054,Natural Language Processing,FAC009,2026-06-24,2,Wednesday,1,7,2026-2027,P
433,STU000045,2023010045,SUB0050,Software Engineering,FAC005,2026-06-24,2,Wednesday,1,7,2026-2027,P
434,STU000045,2023010045,SUB0051,Human Computer Interaction,FAC006,2026-06-24,2,Wednesday,1,7,2026-2027,P
435,STU000045,2023010045,SUB0054,Natural Language Processing,FAC009,2026-06-24,2,Wednesday,1,7,2026-2027,P
436,STU000046,2023010046,SUB0050,Software Engineering,FAC005,2026-06-24,2,Wednesday,1,7,2026-2027,P
437,STU000046,2023010046,SUB0051,Human Computer Interaction,FAC006,2026-06-24,2,Wednesday,1,7,2026-2027,P
438,STU000046,2023010046,SUB0054,Natural Language Processing,FAC009,2026-06-24,2,Wednesday,1,7,2026-2027,P
439,STU000047,2023010047,SUB0050,Software Engineering,FAC005,2026-06-24,2,Wednesday,1,7,2026-2027,P
440,STU000047,2023010047,SUB0051,Human Computer Interaction,FAC006,2026-06-24,2,Wednesday,1,7,2026-2027,P
441,STU000047,2023010047,SUB0054,Natural Language Processing,FAC009,2026-06-24,2,Wednesday,1,7,2026-2027,P
442,STU000048,2023010048,SUB0050,Software Engineering,FAC005,2026-06-24,2,Wednesday,1,7,2026-2027,P
443,STU000048,2023010048,SUB0051,Human Computer Interaction,FAC006,2026-06-24,2,Wednesday,1,7,2026-2027,A
444,STU000048,2023010048,SUB0054,Natural Language Processing,FAC009,2026-06-24,2,Wednesday,1,7,2026-2027,P
445,STU000049,2023010049,SUB0050,Software Engineering,FAC005,2026-06-24,2,Wednesday,1,7,2026-2027,P
446,STU000049,2023010049,SUB0051,Human Computer Interaction,FAC006,2026-06-24,2,Wednesday,1,7,2026-2027,P
447,STU000049,2023010049,SUB0054,Natural Language Processing,FAC009,2026-06-24,2,Wednesday,1,7,2026-2027,P
448,STU000050,2023010050,SUB0050,Software Engineering,FAC005,2026-06-24,2,Wednesday,1,7,2026-2027,P
449,STU000050,2023010050,SUB0051,Human Computer Interaction,FAC006,2026-06-24,2,Wednesday,1,7,2026-2027,P
450,STU000050,2023010050,SUB0054,Natural Language Processing,FAC009,2026-06-24,2,Wednesday,1,7,2026-2027,P
451,STU000001,2023010001,SUB0055,Deep Learning Laboratory,FAC010,2026-06-25,1,Thursday,1,7,2026-2027,P
452,STU000002,2023010002,SUB0055,Deep Learning Laboratory,FAC010,2026-06-25,1,Thursday,1,7,2026-2027,P
453,STU000003,2023010003,SUB0055,Deep Learning Laboratory,FAC010,2026-06-25,1,Thursday,1,7,2026-2027,P
454,STU000004,2023010004,SUB0055,Deep Learning Laboratory,FAC010,2026-06-25,1,Thursday,1,7,2026-2027,P
455,STU000005,2023010005,SUB0055,Deep Learning Laboratory,FAC010,2026-06-25,1,Thursday,1,7,2026-2027,P
456,STU000006,2023010006,SUB0055,Deep Learning Laboratory,FAC010,2026-06-25,1,Thursday,1,7,2026-2027,P
457,STU000007,2023010007,SUB0055,Deep Learning Laboratory,FAC010,2026-06-25,1,Thursday,1,7,2026-2027,P
458,STU000008,2023010008,SUB0055,Deep Learning Laboratory,FAC010,2026-06-25,1,Thursday,1,7,2026-2027,P
459,STU000009,2023010009,SUB0055,Deep Learning Laboratory,FAC010,2026-06-25,1,Thursday,1,7,2026-2027,A
460,STU000010,2023010010,SUB0055,Deep Learning Laboratory,FAC010,2026-06-25,1,Thursday,1,7,2026-2027,P
461,STU000011,2023010011,SUB0055,Deep Learning Laboratory,FAC010,2026-06-25,1,Thursday,1,7,2026-2027,P
462,STU000012,2023010012,SUB0055,Deep Learning Laboratory,FAC010,2026-06-25,1,Thursday,1,7,2026-2027,P
463,STU000013,2023010013,SUB0055,Deep Learning Laboratory,FAC010,2026-06-25,1,Thursday,1,7,2026-2027,P
464,STU000014,2023010014,SUB0055,Deep Learning Laboratory,FAC010,2026-06-25,1,Thursday,1,7,2026-2027,P
465,STU000015,2023010015,SUB0055,Deep Learning Laboratory,FAC010,2026-06-25,1,Thursday,1,7,2026-2027,P
466,STU000016,2023010016,SUB0055,Deep Learning Laboratory,FAC010,2026-06-25,1,Thursday,1,7,2026-2027,P
467,STU000017,2023010017,SUB0055,Deep Learning Laboratory,FAC010,2026-06-25,1,Thursday,1,7,2026-2027,P
468,STU000018,2023010018,SUB0055,Deep Learning Laboratory,FAC010,2026-06-25,1,Thursday,1,7,2026-2027,A
469,STU000019,2023010019,SUB0055,Deep Learning Laboratory,FAC010,2026-06-25,1,Thursday,1,7,2026-2027,P
470,STU000020,2023010020,SUB0055,Deep Learning Laboratory,FAC010,2026-06-25,1,Thursday,1,7,2026-2027,P
471,STU000021,2023010021,SUB0055,Deep Learning Laboratory,FAC010,2026-06-25,1,Thursday,1,7,2026-2027,P
472,STU000022,2023010022,SUB0055,Deep Learning Laboratory,FAC010,2026-06-25,1,Thursday,1,7,2026-2027,P
473,STU000023,2023010023,SUB0055,Deep Learning Laboratory,FAC010,2026-06-25,1,Thursday,1,7,2026-2027,P
474,STU000024,2023010024,SUB0055,Deep Learning Laboratory,FAC010,2026-06-25,1,Thursday,1,7,2026-2027,P
475,STU000025,2023010025,SUB0055,Deep Learning Laboratory,FAC010,2026-06-25,1,Thursday,1,7,2026-2027,A
476,STU000026,2023010026,SUB0055,Deep Learning Laboratory,FAC010,2026-06-25,1,Thursday,1,7,2026-2027,P
477,STU000027,2023010027,SUB0055,Deep Learning Laboratory,FAC010,2026-06-25,1,Thursday,1,7,2026-2027,P
478,STU000028,2023010028,SUB0055,Deep Learning Laboratory,FAC010,2026-06-25,1,Thursday,1,7,2026-2027,P
479,STU000029,2023010029,SUB0055,Deep Learning Laboratory,FAC010,2026-06-25,1,Thursday,1,7,2026-2027,P
480,STU000030,2023010030,SUB0055,Deep Learning Laboratory,FAC010,2026-06-25,1,Thursday,1,7,2026-2027,P
481,STU000031,2023010031,SUB0055,Deep Learning Laboratory,FAC010,2026-06-25,1,Thursday,1,7,2026-2027,P
482,STU000032,2023010032,SUB0055,Deep Learning Laboratory,FAC010,2026-06-25,1,Thursday,1,7,2026-2027,P
483,STU000033,2023010033,SUB0055,Deep Learning Laboratory,FAC010,2026-06-25,1,Thursday,1,7,2026-2027,P
484,STU000034,2023010034,SUB0055,Deep Learning Laboratory,FAC010,2026-06-25,1,Thursday,1,7,2026-2027,A
485,STU000035,2023010035,SUB0055,Deep Learning Laboratory,FAC010,2026-06-25,1,Thursday,1,7,2026-2027,P
486,STU000036,2023010036,SUB0055,Deep Learning Laboratory,FAC010,2026-06-25,1,Thursday,1,7,2026-2027,P
487,STU000037,2023010037,SUB0055,Deep Learning Laboratory,FAC010,2026-06-25,1,Thursday,1,7,2026-2027,P
488,STU000038,2023010038,SUB0055,Deep Learning Laboratory,FAC010,2026-06-25,1,Thursday,1,7,2026-2027,P
489,STU000039,2023010039,SUB0055,Deep Learning Laboratory,FAC010,2026-06-25,1,Thursday,1,7,2026-2027,P
490,STU000040,2023010040,SUB0055,Deep Learning Laboratory,FAC010,2026-06-25,1,Thursday,1,7,2026-2027,P
491,STU000041,2023010041,SUB0055,Deep Learning Laboratory,FAC010,2026-06-25,1,Thursday,1,7,2026-2027,P
492,STU000042,2023010042,SUB0055,Deep Learning Laboratory,FAC010,2026-06-25,1,Thursday,1,7,2026-2027,P
493,STU000043,2023010043,SUB0055,Deep Learning Laboratory,FAC010,2026-06-25,1,Thursday,1,7,2026-2027,P
494,STU000044,2023010044,SUB0055,Deep Learning Laboratory,FAC010,2026-06-25,1,Thursday,1,7,2026-2027,P
495,STU000045,2023010045,SUB0055,Deep Learning Laboratory,FAC010,2026-06-25,1,Thursday,1,7,2026-2027,P
496,STU000046,2023010046,SUB0055,Deep Learning Laboratory,FAC010,2026-06-25,1,Thursday,1,7,2026-2027,P
497,STU000047,2023010047,SUB0055,Deep Learning Laboratory,FAC010,2026-06-25,1,Thursday,1,7,2026-2027,P
498,STU000048,2023010048,SUB0055,Deep Learning Laboratory,FAC010,2026-06-25,1,Thursday,1,7,2026-2027,P
499,STU000049,2023010049,SUB0055,Deep Learning Laboratory,FAC010,2026-06-25,1,Thursday,1,7,2026-2027,P
500,STU000050,2023010050,SUB0055,Deep Learning Laboratory,FAC010,2026-06-25,1,Thursday,1,7,2026-2027,A
501,STU000001,2023010001,SUB0055,Deep Learning Laboratory,FAC010,2026-06-25,2,Thursday,1,7,2026-2027,P
502,STU000002,2023010002,SUB0055,Deep Learning Laboratory,FAC010,2026-06-25,2,Thursday,1,7,2026-2027,P
503,STU000003,2023010003,SUB0055,Deep Learning Laboratory,FAC010,2026-06-25,2,Thursday,1,7,2026-2027,A
504,STU000004,2023010004,SUB0055,Deep Learning Laboratory,FAC010,2026-06-25,2,Thursday,1,7,2026-2027,P
505,STU000005,2023010005,SUB0055,Deep Learning Laboratory,FAC010,2026-06-25,2,Thursday,1,7,2026-2027,P
506,STU000006,2023010006,SUB0055,Deep Learning Laboratory,FAC010,2026-06-25,2,Thursday,1,7,2026-2027,P
507,STU000007,2023010007,SUB0055,Deep Learning Laboratory,FAC010,2026-06-25,2,Thursday,1,7,2026-2027,P
508,STU000008,2023010008,SUB0055,Deep Learning Laboratory,FAC010,2026-06-25,2,Thursday,1,7,2026-2027,P
509,STU000009,2023010009,SUB0055,Deep Learning Laboratory,FAC010,2026-06-25,2,Thursday,1,7,2026-2027,P
510,STU000010,2023010010,SUB0055,Deep Learning Laboratory,FAC010,2026-06-25,2,Thursday,1,7,2026-2027,A
511,STU000011,2023010011,SUB0055,Deep Learning Laboratory,FAC010,2026-06-25,2,Thursday,1,7,2026-2027,P
512,STU000012,2023010012,SUB0055,Deep Learning Laboratory,FAC010,2026-06-25,2,Thursday,1,7,2026-2027,P
513,STU000013,2023010013,SUB0055,Deep Learning Laboratory,FAC010,2026-06-25,2,Thursday,1,7,2026-2027,P
514,STU000014,2023010014,SUB0055,Deep Learning Laboratory,FAC010,2026-06-25,2,Thursday,1,7,2026-2027,P
515,STU000015,2023010015,SUB0055,Deep Learning Laboratory,FAC010,2026-06-25,2,Thursday,1,7,2026-2027,P
516,STU000016,2023010016,SUB0055,Deep Learning Laboratory,FAC010,2026-06-25,2,Thursday,1,7,2026-2027,P
517,STU000017,2023010017,SUB0055,Deep Learning Laboratory,FAC010,2026-06-25,2,Thursday,1,7,2026-2027,P
518,STU000018,2023010018,SUB0055,Deep Learning Laboratory,FAC010,2026-06-25,2,Thursday,1,7,2026-2027,P
519,STU000019,2023010019,SUB0055,Deep Learning Laboratory,FAC010,2026-06-25,2,Thursday,1,7,2026-2027,A
520,STU000020,2023010020,SUB0055,Deep Learning Laboratory,FAC010,2026-06-25,2,Thursday,1,7,2026-2027,P
521,STU000021,2023010021,SUB0055,Deep Learning Laboratory,FAC010,2026-06-25,2,Thursday,1,7,2026-2027,P
522,STU000022,2023010022,SUB0055,Deep Learning Laboratory,FAC010,2026-06-25,2,Thursday,1,7,2026-2027,P
523,STU000023,2023010023,SUB0055,Deep Learning Laboratory,FAC010,2026-06-25,2,Thursday,1,7,2026-2027,P
524,STU000024,2023010024,SUB0055,Deep Learning Laboratory,FAC010,2026-06-25,2,Thursday,1,7,2026-2027,P
525,STU000025,2023010025,SUB0055,Deep Learning Laboratory,FAC010,2026-06-25,2,Thursday,1,7,2026-2027,P
526,STU000026,2023010026,SUB0055,Deep Learning Laboratory,FAC010,2026-06-25,2,Thursday,1,7,2026-2027,A
527,STU000027,2023010027,SUB0055,Deep Learning Laboratory,FAC010,2026-06-25,2,Thursday,1,7,2026-2027,P
528,STU000028,2023010028,SUB0055,Deep Learning Laboratory,FAC010,2026-06-25,2,Thursday,1,7,2026-2027,P
529,STU000029,2023010029,SUB0055,Deep Learning Laboratory,FAC010,2026-06-25,2,Thursday,1,7,2026-2027,P
530,STU000030,2023010030,SUB0055,Deep Learning Laboratory,FAC010,2026-06-25,2,Thursday,1,7,2026-2027,P
531,STU000031,2023010031,SUB0055,Deep Learning Laboratory,FAC010,2026-06-25,2,Thursday,1,7,2026-2027,P
532,STU000032,2023010032,SUB0055,Deep Learning Laboratory,FAC010,2026-06-25,2,Thursday,1,7,2026-2027,P
533,STU000033,2023010033,SUB0055,Deep Learning Laboratory,FAC010,2026-06-25,2,Thursday,1,7,2026-2027,P
534,STU000034,2023010034,SUB0055,Deep Learning Laboratory,FAC010,2026-06-25,2,Thursday,1,7,2026-2027,P
535,STU000035,2023010035,SUB0055,Deep Learning Laboratory,FAC010,2026-06-25,2,Thursday,1,7,2026-2027,A
536,STU000036,2023010036,SUB0055,Deep Learning Laboratory,FAC010,2026-06-25,2,Thursday,1,7,2026-2027,P
537,STU000037,2023010037,SUB0055,Deep Learning Laboratory,FAC010,2026-06-25,2,Thursday,1,7,2026-2027,P
538,STU000038,2023010038,SUB0055,Deep Learning Laboratory,FAC010,2026-06-25,2,Thursday,1,7,2026-2027,P
539,STU000039,2023010039,SUB0055,Deep Learning Laboratory,FAC010,2026-06-25,2,Thursday,1,7,2026-2027,P
540,STU000040,2023010040,SUB0055,Deep Learning Laboratory,FAC010,2026-06-25,2,Thursday,1,7,2026-2027,P
541,STU000041,2023010041,SUB0055,Deep Learning Laboratory,FAC010,2026-06-25,2,Thursday,1,7,2026-2027,P
542,STU000042,2023010042,SUB0055,Deep Learning Laboratory,FAC010,2026-06-25,2,Thursday,1,7,2026-2027,A
543,STU000043,2023010043,SUB0055,Deep Learning Laboratory,FAC010,2026-06-25,2,Thursday,1,7,2026-2027,P
544,STU000044,2023010044,SUB0055,Deep Learning Laboratory,FAC010,2026-06-25,2,Thursday,1,7,2026-2027,P
545,STU000045,2023010045,SUB0055,Deep Learning Laboratory,FAC010,2026-06-25,2,Thursday,1,7,2026-2027,P
546,STU000046,2023010046,SUB0055,Deep Learning Laboratory,FAC010,2026-06-25,2,Thursday,1,7,2026-2027,P
547,STU000047,2023010047,SUB0055,Deep Learning Laboratory,FAC010,2026-06-25,2,Thursday,1,7,2026-2027,P
548,STU000048,2023010048,SUB0055,Deep Learning Laboratory,FAC010,2026-06-25,2,Thursday,1,7,2026-2027,P
549,STU000049,2023010049,SUB0055,Deep Learning Laboratory,FAC010,2026-06-25,2,Thursday,1,7,2026-2027,P
550,STU000050,2023010050,SUB0055,Deep Learning Laboratory,FAC010,2026-06-25,2,Thursday,1,7,2026-2027,P
551,STU000001,2023010001,SUB0053,Deep Learning,FAC008,2026-06-25,3,Thursday,1,7,2026-2027,P
552,STU000002,2023010002,SUB0053,Deep Learning,FAC008,2026-06-25,3,Thursday,1,7,2026-2027,P
553,STU000003,2023010003,SUB0053,Deep Learning,FAC008,2026-06-25,3,Thursday,1,7,2026-2027,P
554,STU000004,2023010004,SUB0053,Deep Learning,FAC008,2026-06-25,3,Thursday,1,7,2026-2027,P
555,STU000005,2023010005,SUB0053,Deep Learning,FAC008,2026-06-25,3,Thursday,1,7,2026-2027,P
556,STU000006,2023010006,SUB0053,Deep Learning,FAC008,2026-06-25,3,Thursday,1,7,2026-2027,P
557,STU000007,2023010007,SUB0053,Deep Learning,FAC008,2026-06-25,3,Thursday,1,7,2026-2027,P
558,STU000008,2023010008,SUB0053,Deep Learning,FAC008,2026-06-25,3,Thursday,1,7,2026-2027,P
559,STU000009,2023010009,SUB0053,Deep Learning,FAC008,2026-06-25,3,Thursday,1,7,2026-2027,P
560,STU000010,2023010010,SUB0053,Deep Learning,FAC008,2026-06-25,3,Thursday,1,7,2026-2027,P
561,STU000011,2023010011,SUB0053,Deep Learning,FAC008,2026-06-25,3,Thursday,1,7,2026-2027,P
562,STU000012,2023010012,SUB0053,Deep Learning,FAC008,2026-06-25,3,Thursday,1,7,2026-2027,P
563,STU000013,2023010013,SUB0053,Deep Learning,FAC008,2026-06-25,3,Thursday,1,7,2026-2027,P
564,STU000014,2023010014,SUB0053,Deep Learning,FAC008,2026-06-25,3,Thursday,1,7,2026-2027,P
565,STU000015,2023010015,SUB0053,Deep Learning,FAC008,2026-06-25,3,Thursday,1,7,2026-2027,P
566,STU000016,2023010016,SUB0053,Deep Learning,FAC008,2026-06-25,3,Thursday,1,7,2026-2027,P
567,STU000017,2023010017,SUB0053,Deep Learning,FAC008,2026-06-25,3,Thursday,1,7,2026-2027,A
568,STU000018,2023010018,SUB0053,Deep Learning,FAC008,2026-06-25,3,Thursday,1,7,2026-2027,P
569,STU000019,2023010019,SUB0053,Deep Learning,FAC008,2026-06-25,3,Thursday,1,7,2026-2027,P
570,STU000020,2023010020,SUB0053,Deep Learning,FAC008,2026-06-25,3,Thursday,1,7,2026-2027,P
571,STU000021,2023010021,SUB0053,Deep Learning,FAC008,2026-06-25,3,Thursday,1,7,2026-2027,P
572,STU000022,2023010022,SUB0053,Deep Learning,FAC008,2026-06-25,3,Thursday,1,7,2026-2027,P
573,STU000023,2023010023,SUB0053,Deep Learning,FAC008,2026-06-25,3,Thursday,1,7,2026-2027,P
574,STU000024,2023010024,SUB0053,Deep Learning,FAC008,2026-06-25,3,Thursday,1,7,2026-2027,A
575,STU000025,2023010025,SUB0053,Deep Learning,FAC008,2026-06-25,3,Thursday,1,7,2026-2027,P
576,STU000026,2023010026,SUB0053,Deep Learning,FAC008,2026-06-25,3,Thursday,1,7,2026-2027,P
577,STU000027,2023010027,SUB0053,Deep Learning,FAC008,2026-06-25,3,Thursday,1,7,2026-2027,P
578,STU000028,2023010028,SUB0053,Deep Learning,FAC008,2026-06-25,3,Thursday,1,7,2026-2027,P
579,STU000029,2023010029,SUB0053,Deep Learning,FAC008,2026-06-25,3,Thursday,1,7,2026-2027,P
580,STU000030,2023010030,SUB0053,Deep Learning,FAC008,2026-06-25,3,Thursday,1,7,2026-2027,P
581,STU000031,2023010031,SUB0053,Deep Learning,FAC008,2026-06-25,3,Thursday,1,7,2026-2027,P
582,STU000032,2023010032,SUB0053,Deep Learning,FAC008,2026-06-25,3,Thursday,1,7,2026-2027,P
583,STU000033,2023010033,SUB0053,Deep Learning,FAC008,2026-06-25,3,Thursday,1,7,2026-2027,P
584,STU000034,2023010034,SUB0053,Deep Learning,FAC008,2026-06-25,3,Thursday,1,7,2026-2027,P
585,STU000035,2023010035,SUB0053,Deep Learning,FAC008,2026-06-25,3,Thursday,1,7,2026-2027,A
586,STU000036,2023010036,SUB0053,Deep Learning,FAC008,2026-06-25,3,Thursday,1,7,2026-2027,P
587,STU000037,2023010037,SUB0053,Deep Learning,FAC008,2026-06-25,3,Thursday,1,7,2026-2027,P
588,STU000038,2023010038,SUB0053,Deep Learning,FAC008,2026-06-25,3,Thursday,1,7,2026-2027,P
589,STU000039,2023010039,SUB0053,Deep Learning,FAC008,2026-06-25,3,Thursday,1,7,2026-2027,P
590,STU000040,2023010040,SUB0053,Deep Learning,FAC008,2026-06-25,3,Thursday,1,7,2026-2027,P
591,STU000041,2023010041,SUB0053,Deep Learning,FAC008,2026-06-25,3,Thursday,1,7,2026-2027,P
592,STU000042,2023010042,SUB0053,Deep Learning,FAC008,2026-06-25,3,Thursday,1,7,2026-2027,P
593,STU000043,2023010043,SUB0053,Deep Learning,FAC008,2026-06-25,3,Thursday,1,7,2026-2027,P
594,STU000044,2023010044,SUB0053,Deep Learning,FAC008,2026-06-25,3,Thursday,1,7,2026-2027,P
595,STU000045,2023010045,SUB0053,Deep Learning,FAC008,2026-06-25,3,Thursday,1,7,2026-2027,P
596,STU000046,2023010046,SUB0053,Deep Learning,FAC008,2026-06-25,3,Thursday,1,7,2026-2027,P
597,STU000047,2023010047,SUB0053,Deep Learning,FAC008,2026-06-25,3,Thursday,1,7,2026-2027,P
598,STU000048,2023010048,SUB0053,Deep Learning,FAC008,2026-06-25,3,Thursday,1,7,2026-2027,P
599,STU000049,2023010049,SUB0053,Deep Learning,FAC008,2026-06-25,3,Thursday,1,7,2026-2027,A
600,STU000050,2023010050,SUB0053,Deep Learning,FAC008,2026-06-25,3,Thursday,1,7,2026-2027,P
601,STU000001,2023010001,SUB0056,Natural Language Processing Laboratory,FAC011,2026-06-26,1,Friday,1,7,2026-2027,A
602,STU000002,2023010002,SUB0056,Natural Language Processing Laboratory,FAC011,2026-06-26,1,Friday,1,7,2026-2027,P
603,STU000003,2023010003,SUB0056,Natural Language Processing Laboratory,FAC011,2026-06-26,1,Friday,1,7,2026-2027,P
604,STU000004,2023010004,SUB0056,Natural Language Processing Laboratory,FAC011,2026-06-26,1,Friday,1,7,2026-2027,P
605,STU000005,2023010005,SUB0056,Natural Language Processing Laboratory,FAC011,2026-06-26,1,Friday,1,7,2026-2027,P
606,STU000006,2023010006,SUB0056,Natural Language Processing Laboratory,FAC011,2026-06-26,1,Friday,1,7,2026-2027,P
607,STU000007,2023010007,SUB0056,Natural Language Processing Laboratory,FAC011,2026-06-26,1,Friday,1,7,2026-2027,P
608,STU000008,2023010008,SUB0056,Natural Language Processing Laboratory,FAC011,2026-06-26,1,Friday,1,7,2026-2027,A
609,STU000009,2023010009,SUB0056,Natural Language Processing Laboratory,FAC011,2026-06-26,1,Friday,1,7,2026-2027,P
610,STU000010,2023010010,SUB0056,Natural Language Processing Laboratory,FAC011,2026-06-26,1,Friday,1,7,2026-2027,P
611,STU000011,2023010011,SUB0056,Natural Language Processing Laboratory,FAC011,2026-06-26,1,Friday,1,7,2026-2027,P
612,STU000012,2023010012,SUB0056,Natural Language Processing Laboratory,FAC011,2026-06-26,1,Friday,1,7,2026-2027,P
613,STU000013,2023010013,SUB0056,Natural Language Processing Laboratory,FAC011,2026-06-26,1,Friday,1,7,2026-2027,P
614,STU000014,2023010014,SUB0056,Natural Language Processing Laboratory,FAC011,2026-06-26,1,Friday,1,7,2026-2027,P
615,STU000015,2023010015,SUB0056,Natural Language Processing Laboratory,FAC011,2026-06-26,1,Friday,1,7,2026-2027,P
616,STU000016,2023010016,SUB0056,Natural Language Processing Laboratory,FAC011,2026-06-26,1,Friday,1,7,2026-2027,P
617,STU000017,2023010017,SUB0056,Natural Language Processing Laboratory,FAC011,2026-06-26,1,Friday,1,7,2026-2027,A
618,STU000018,2023010018,SUB0056,Natural Language Processing Laboratory,FAC011,2026-06-26,1,Friday,1,7,2026-2027,P
619,STU000019,2023010019,SUB0056,Natural Language Processing Laboratory,FAC011,2026-06-26,1,Friday,1,7,2026-2027,P
620,STU000020,2023010020,SUB0056,Natural Language Processing Laboratory,FAC011,2026-06-26,1,Friday,1,7,2026-2027,P
621,STU000021,2023010021,SUB0056,Natural Language Processing Laboratory,FAC011,2026-06-26,1,Friday,1,7,2026-2027,P
622,STU000022,2023010022,SUB0056,Natural Language Processing Laboratory,FAC011,2026-06-26,1,Friday,1,7,2026-2027,P
623,STU000023,2023010023,SUB0056,Natural Language Processing Laboratory,FAC011,2026-06-26,1,Friday,1,7,2026-2027,P
624,STU000024,2023010024,SUB0056,Natural Language Processing Laboratory,FAC011,2026-06-26,1,Friday,1,7,2026-2027,A
625,STU000025,2023010025,SUB0056,Natural Language Processing Laboratory,FAC011,2026-06-26,1,Friday,1,7,2026-2027,P
626,STU000026,2023010026,SUB0056,Natural Language Processing Laboratory,FAC011,2026-06-26,1,Friday,1,7,2026-2027,P
627,STU000027,2023010027,SUB0056,Natural Language Processing Laboratory,FAC011,2026-06-26,1,Friday,1,7,2026-2027,P
628,STU000028,2023010028,SUB0056,Natural Language Processing Laboratory,FAC011,2026-06-26,1,Friday,1,7,2026-2027,P
629,STU000029,2023010029,SUB0056,Natural Language Processing Laboratory,FAC011,2026-06-26,1,Friday,1,7,2026-2027,P
630,STU000030,2023010030,SUB0056,Natural Language Processing Laboratory,FAC011,2026-06-26,1,Friday,1,7,2026-2027,P
631,STU000031,2023010031,SUB0056,Natural Language Processing Laboratory,FAC011,2026-06-26,1,Friday,1,7,2026-2027,P
632,STU000032,2023010032,SUB0056,Natural Language Processing Laboratory,FAC011,2026-06-26,1,Friday,1,7,2026-2027,P
633,STU000033,2023010033,SUB0056,Natural Language Processing Laboratory,FAC011,2026-06-26,1,Friday,1,7,2026-2027,P
634,STU000034,2023010034,SUB0056,Natural Language Processing Laboratory,FAC011,2026-06-26,1,Friday,1,7,2026-2027,P
635,STU000035,2023010035,SUB0056,Natural Language Processing Laboratory,FAC011,2026-06-26,1,Friday,1,7,2026-2027,P
636,STU000036,2023010036,SUB0056,Natural Language Processing Laboratory,FAC011,2026-06-26,1,Friday,1,7,2026-2027,P
637,STU000037,2023010037,SUB0056,Natural Language Processing Laboratory,FAC011,2026-06-26,1,Friday,1,7,2026-2027,P
638,STU000038,2023010038,SUB0056,Natural Language Processing Laboratory,FAC011,2026-06-26,1,Friday,1,7,2026-2027,P
639,STU000039,2023010039,SUB0056,Natural Language Processing Laboratory,FAC011,2026-06-26,1,Friday,1,7,2026-2027,P
640,STU000040,2023010040,SUB0056,Natural Language Processing Laboratory,FAC011,2026-06-26,1,Friday,1,7,2026-2027,A
641,STU000041,2023010041,SUB0056,Natural Language Processing Laboratory,FAC011,2026-06-26,1,Friday,1,7,2026-2027,P
642,STU000042,2023010042,SUB0056,Natural Language Processing Laboratory,FAC011,2026-06-26,1,Friday,1,7,2026-2027,P
643,STU000043,2023010043,SUB0056,Natural Language Processing Laboratory,FAC011,2026-06-26,1,Friday,1,7,2026-2027,P
644,STU000044,2023010044,SUB0056,Natural Language Processing Laboratory,FAC011,2026-06-26,1,Friday,1,7,2026-2027,P
645,STU000045,2023010045,SUB0056,Natural Language Processing Laboratory,FAC011,2026-06-26,1,Friday,1,7,2026-2027,P
646,STU000046,2023010046,SUB0056,Natural Language Processing Laboratory,FAC011,2026-06-26,1,Friday,1,7,2026-2027,P
647,STU000047,2023010047,SUB0056,Natural Language Processing Laboratory,FAC011,2026-06-26,1,Friday,1,7,2026-2027,P
648,STU000048,2023010048,SUB0056,Natural Language Processing Laboratory,FAC011,2026-06-26,1,Friday,1,7,2026-2027,P
649,STU000049,2023010049,SUB0056,Natural Language Processing Laboratory,FAC011,2026-06-26,1,Friday,1,7,2026-2027,P
650,STU000050,2023010050,SUB0056,Natural Language Processing Laboratory,FAC011,2026-06-26,1,Friday,1,7,2026-2027,P
651,STU000001,2023010001,SUB0056,Natural Language Processing Laboratory,FAC011,2026-06-26,2,Friday,1,7,2026-2027,P
652,STU000002,2023010002,SUB0056,Natural Language Processing Laboratory,FAC011,2026-06-26,2,Friday,1,7,2026-2027,P
653,STU000003,2023010003,SUB0056,Natural Language Processing Laboratory,FAC011,2026-06-26,2,Friday,1,7,2026-2027,P
654,STU000004,2023010004,SUB0056,Natural Language Processing Laboratory,FAC011,2026-06-26,2,Friday,1,7,2026-2027,P
655,STU000005,2023010005,SUB0056,Natural Language Processing Laboratory,FAC011,2026-06-26,2,Friday,1,7,2026-2027,P
656,STU000006,2023010006,SUB0056,Natural Language Processing Laboratory,FAC011,2026-06-26,2,Friday,1,7,2026-2027,P
657,STU000007,2023010007,SUB0056,Natural Language Processing Laboratory,FAC011,2026-06-26,2,Friday,1,7,2026-2027,P
658,STU000008,2023010008,SUB0056,Natural Language Processing Laboratory,FAC011,2026-06-26,2,Friday,1,7,2026-2027,P
659,STU000009,2023010009,SUB0056,Natural Language Processing Laboratory,FAC011,2026-06-26,2,Friday,1,7,2026-2027,A
660,STU000010,2023010010,SUB0056,Natural Language Processing Laboratory,FAC011,2026-06-26,2,Friday,1,7,2026-2027,P
661,STU000011,2023010011,SUB0056,Natural Language Processing Laboratory,FAC011,2026-06-26,2,Friday,1,7,2026-2027,P
662,STU000012,2023010012,SUB0056,Natural Language Processing Laboratory,FAC011,2026-06-26,2,Friday,1,7,2026-2027,P
663,STU000013,2023010013,SUB0056,Natural Language Processing Laboratory,FAC011,2026-06-26,2,Friday,1,7,2026-2027,P
664,STU000014,2023010014,SUB0056,Natural Language Processing Laboratory,FAC011,2026-06-26,2,Friday,1,7,2026-2027,P
665,STU000015,2023010015,SUB0056,Natural Language Processing Laboratory,FAC011,2026-06-26,2,Friday,1,7,2026-2027,P
666,STU000016,2023010016,SUB0056,Natural Language Processing Laboratory,FAC011,2026-06-26,2,Friday,1,7,2026-2027,P
667,STU000017,2023010017,SUB0056,Natural Language Processing Laboratory,FAC011,2026-06-26,2,Friday,1,7,2026-2027,P
668,STU000018,2023010018,SUB0056,Natural Language Processing Laboratory,FAC011,2026-06-26,2,Friday,1,7,2026-2027,A
669,STU000019,2023010019,SUB0056,Natural Language Processing Laboratory,FAC011,2026-06-26,2,Friday,1,7,2026-2027,P
670,STU000020,2023010020,SUB0056,Natural Language Processing Laboratory,FAC011,2026-06-26,2,Friday,1,7,2026-2027,P
671,STU000021,2023010021,SUB0056,Natural Language Processing Laboratory,FAC011,2026-06-26,2,Friday,1,7,2026-2027,P
672,STU000022,2023010022,SUB0056,Natural Language Processing Laboratory,FAC011,2026-06-26,2,Friday,1,7,2026-2027,P
673,STU000023,2023010023,SUB0056,Natural Language Processing Laboratory,FAC011,2026-06-26,2,Friday,1,7,2026-2027,P
674,STU000024,2023010024,SUB0056,Natural Language Processing Laboratory,FAC011,2026-06-26,2,Friday,1,7,2026-2027,P
675,STU000025,2023010025,SUB0056,Natural Language Processing Laboratory,FAC011,2026-06-26,2,Friday,1,7,2026-2027,A
676,STU000026,2023010026,SUB0056,Natural Language Processing Laboratory,FAC011,2026-06-26,2,Friday,1,7,2026-2027,P
677,STU000027,2023010027,SUB0056,Natural Language Processing Laboratory,FAC011,2026-06-26,2,Friday,1,7,2026-2027,P
678,STU000028,2023010028,SUB0056,Natural Language Processing Laboratory,FAC011,2026-06-26,2,Friday,1,7,2026-2027,P
679,STU000029,2023010029,SUB0056,Natural Language Processing Laboratory,FAC011,2026-06-26,2,Friday,1,7,2026-2027,P
680,STU000030,2023010030,SUB0056,Natural Language Processing Laboratory,FAC011,2026-06-26,2,Friday,1,7,2026-2027,P
681,STU000031,2023010031,SUB0056,Natural Language Processing Laboratory,FAC011,2026-06-26,2,Friday,1,7,2026-2027,P
682,STU000032,2023010032,SUB0056,Natural Language Processing Laboratory,FAC011,2026-06-26,2,Friday,1,7,2026-2027,P
683,STU000033,2023010033,SUB0056,Natural Language Processing Laboratory,FAC011,2026-06-26,2,Friday,1,7,2026-2027,P
684,STU000034,2023010034,SUB0056,Natural Language Processing Laboratory,FAC011,2026-06-26,2,Friday,1,7,2026-2027,A
685,STU000035,2023010035,SUB0056,Natural Language Processing Laboratory,FAC011,2026-06-26,2,Friday,1,7,2026-2027,P
686,STU000036,2023010036,SUB0056,Natural Language Processing Laboratory,FAC011,2026-06-26,2,Friday,1,7,2026-2027,P
687,STU000037,2023010037,SUB0056,Natural Language Processing Laboratory,FAC011,2026-06-26,2,Friday,1,7,2026-2027,P
688,STU000038,2023010038,SUB0056,Natural Language Processing Laboratory,FAC011,2026-06-26,2,Friday,1,7,2026-2027,P
689,STU000039,2023010039,SUB0056,Natural Language Processing Laboratory,FAC011,2026-06-26,2,Friday,1,7,2026-2027,P
690,STU000040,2023010040,SUB0056,Natural Language Processing Laboratory,FAC011,2026-06-26,2,Friday,1,7,2026-2027,P
691,STU000041,2023010041,SUB0056,Natural Language Processing Laboratory,FAC011,2026-06-26,2,Friday,1,7,2026-2027,P
692,STU000042,2023010042,SUB0056,Natural Language Processing Laboratory,FAC011,2026-06-26,2,Friday,1,7,2026-2027,P
693,STU000043,2023010043,SUB0056,Natural Language Processing Laboratory,FAC011,2026-06-26,2,Friday,1,7,2026-2027,P
694,STU000044,2023010044,SUB0056,Natural Language Processing Laboratory,FAC011,2026-06-26,2,Friday,1,7,2026-2027,P
695,STU000045,2023010045,SUB0056,Natural Language Processing Laboratory,FAC011,2026-06-26,2,Friday,1,7,2026-2027,P
696,STU000046,2023010046,SUB0056,Natural Language Processing Laboratory,FAC011,2026-06-26,2,Friday,1,7,2026-2027,P
697,STU000047,2023010047,SUB0056,Natural Language Processing Laboratory,FAC011,2026-06-26,2,Friday,1,7,2026-2027,P
698,STU000048,2023010048,SUB0056,Natural Language Processing Laboratory,FAC011,2026-06-26,2,Friday,1,7,2026-2027,P
699,STU000049,2023010049,SUB0056,Natural Language Processing Laboratory,FAC011,2026-06-26,2,Friday,1,7,2026-2027,P
700,STU000050,2023010050,SUB0056,Natural Language Processing Laboratory,FAC011,2026-06-26,2,Friday,1,7,2026-2027,P
701,STU000001,2023010001,SUB0050,Software Engineering,FAC005,2026-06-26,3,Friday,1,7,2026-2027,P
702,STU000002,2023010002,SUB0050,Software Engineering,FAC005,2026-06-26,3,Friday,1,7,2026-2027,A
703,STU000003,2023010003,SUB0050,Software Engineering,FAC005,2026-06-26,3,Friday,1,7,2026-2027,P
704,STU000004,2023010004,SUB0050,Software Engineering,FAC005,2026-06-26,3,Friday,1,7,2026-2027,P
705,STU000005,2023010005,SUB0050,Software Engineering,FAC005,2026-06-26,3,Friday,1,7,2026-2027,P
706,STU000006,2023010006,SUB0050,Software Engineering,FAC005,2026-06-26,3,Friday,1,7,2026-2027,P
707,STU000007,2023010007,SUB0050,Software Engineering,FAC005,2026-06-26,3,Friday,1,7,2026-2027,P
708,STU000008,2023010008,SUB0050,Software Engineering,FAC005,2026-06-26,3,Friday,1,7,2026-2027,P
709,STU000009,2023010009,SUB0050,Software Engineering,FAC005,2026-06-26,3,Friday,1,7,2026-2027,P
710,STU000010,2023010010,SUB0050,Software Engineering,FAC005,2026-06-26,3,Friday,1,7,2026-2027,P
711,STU000011,2023010011,SUB0050,Software Engineering,FAC005,2026-06-26,3,Friday,1,7,2026-2027,P
712,STU000012,2023010012,SUB0050,Software Engineering,FAC005,2026-06-26,3,Friday,1,7,2026-2027,P
713,STU000013,2023010013,SUB0050,Software Engineering,FAC005,2026-06-26,3,Friday,1,7,2026-2027,A
714,STU000014,2023010014,SUB0050,Software Engineering,FAC005,2026-06-26,3,Friday,1,7,2026-2027,P
715,STU000015,2023010015,SUB0050,Software Engineering,FAC005,2026-06-26,3,Friday,1,7,2026-2027,P
716,STU000016,2023010016,SUB0050,Software Engineering,FAC005,2026-06-26,3,Friday,1,7,2026-2027,P
717,STU000017,2023010017,SUB0050,Software Engineering,FAC005,2026-06-26,3,Friday,1,7,2026-2027,P
718,STU000018,2023010018,SUB0050,Software Engineering,FAC005,2026-06-26,3,Friday,1,7,2026-2027,P
719,STU000019,2023010019,SUB0050,Software Engineering,FAC005,2026-06-26,3,Friday,1,7,2026-2027,P
720,STU000020,2023010020,SUB0050,Software Engineering,FAC005,2026-06-26,3,Friday,1,7,2026-2027,A
721,STU000021,2023010021,SUB0050,Software Engineering,FAC005,2026-06-26,3,Friday,1,7,2026-2027,P
722,STU000022,2023010022,SUB0050,Software Engineering,FAC005,2026-06-26,3,Friday,1,7,2026-2027,P
723,STU000023,2023010023,SUB0050,Software Engineering,FAC005,2026-06-26,3,Friday,1,7,2026-2027,P
724,STU000024,2023010024,SUB0050,Software Engineering,FAC005,2026-06-26,3,Friday,1,7,2026-2027,P
725,STU000025,2023010025,SUB0050,Software Engineering,FAC005,2026-06-26,3,Friday,1,7,2026-2027,P
726,STU000026,2023010026,SUB0050,Software Engineering,FAC005,2026-06-26,3,Friday,1,7,2026-2027,P
727,STU000027,2023010027,SUB0050,Software Engineering,FAC005,2026-06-26,3,Friday,1,7,2026-2027,A
728,STU000028,2023010028,SUB0050,Software Engineering,FAC005,2026-06-26,3,Friday,1,7,2026-2027,P
729,STU000029,2023010029,SUB0050,Software Engineering,FAC005,2026-06-26,3,Friday,1,7,2026-2027,P
730,STU000030,2023010030,SUB0050,Software Engineering,FAC005,2026-06-26,3,Friday,1,7,2026-2027,P
731,STU000031,2023010031,SUB0050,Software Engineering,FAC005,2026-06-26,3,Friday,1,7,2026-2027,P
732,STU000032,2023010032,SUB0050,Software Engineering,FAC005,2026-06-26,3,Friday,1,7,2026-2027,P
733,STU000033,2023010033,SUB0050,Software Engineering,FAC005,2026-06-26,3,Friday,1,7,2026-2027,P
734,STU000034,2023010034,SUB0050,Software Engineering,FAC005,2026-06-26,3,Friday,1,7,2026-2027,P
735,STU000035,2023010035,SUB0050,Software Engineering,FAC005,2026-06-26,3,Friday,1,7,2026-2027,P
736,STU000036,2023010036,SUB0050,Software Engineering,FAC005,2026-06-26,3,Friday,1,7,2026-2027,P
737,STU000037,2023010037,SUB0050,Software Engineering,FAC005,2026-06-26,3,Friday,1,7,2026-2027,P
738,STU000038,2023010038,SUB0050,Software Engineering,FAC005,2026-06-26,3,Friday,1,7,2026-2027,A
739,STU000039,2023010039,SUB0050,Software Engineering,FAC005,2026-06-26,3,Friday,1,7,2026-2027,P
740,STU000040,2023010040,SUB0050,Software Engineering,FAC005,2026-06-26,3,Friday,1,7,2026-2027,P
741,STU000041,2023010041,SUB0050,Software Engineering,FAC005,2026-06-26,3,Friday,1,7,2026-2027,P
742,STU000042,2023010042,SUB0050,Software Engineering,FAC005,2026-06-26,3,Friday,1,7,2026-2027,P
743,STU000043,2023010043,SUB0050,Software Engineering,FAC005,2026-06-26,3,Friday,1,7,2026-2027,P
744,STU000044,2023010044,SUB0050,Software Engineering,FAC005,2026-06-26,3,Friday,1,7,2026-2027,P
745,STU000045,2023010045,SUB0050,Software Engineering,FAC005,2026-06-26,3,Friday,1,7,2026-2027,A
746,STU000046,2023010046,SUB0050,Software Engineering,FAC005,2026-06-26,3,Friday,1,7,2026-2027,P
747,STU000047,2023010047,SUB0050,Software Engineering,FAC005,2026-06-26,3,Friday,1,7,2026-2027,P
748,STU000048,2023010048,SUB0050,Software Engineering,FAC005,2026-06-26,3,Friday,1,7,2026-2027,P
749,STU000049,2023010049,SUB0050,Software Engineering,FAC005,2026-06-26,3,Friday,1,7,2026-2027,A
750,STU000050,2023010050,SUB0050,Software Engineering,FAC005,2026-06-26,3,Friday,1,7,2026-2027,P
751,STU000001,2023010001,SUB0051,Human Computer Interaction,FAC006,2026-06-29,3,Monday,1,7,2026-2027,P
752,STU000002,2023010002,SUB0051,Human Computer Interaction,FAC006,2026-06-29,3,Monday,1,7,2026-2027,P
753,STU000003,2023010003,SUB0051,Human Computer Interaction,FAC006,2026-06-29,3,Monday,1,7,2026-2027,P
754,STU000004,2023010004,SUB0051,Human Computer Interaction,FAC006,2026-06-29,3,Monday,1,7,2026-2027,P
755,STU000005,2023010005,SUB0051,Human Computer Interaction,FAC006,2026-06-29,3,Monday,1,7,2026-2027,P
756,STU000006,2023010006,SUB0051,Human Computer Interaction,FAC006,2026-06-29,3,Monday,1,7,2026-2027,P
757,STU000007,2023010007,SUB0051,Human Computer Interaction,FAC006,2026-06-29,3,Monday,1,7,2026-2027,P
758,STU000008,2023010008,SUB0051,Human Computer Interaction,FAC006,2026-06-29,3,Monday,1,7,2026-2027,A
759,STU000009,2023010009,SUB0051,Human Computer Interaction,FAC006,2026-06-29,3,Monday,1,7,2026-2027,P
760,STU000010,2023010010,SUB0051,Human Computer Interaction,FAC006,2026-06-29,3,Monday,1,7,2026-2027,P
761,STU000011,2023010011,SUB0051,Human Computer Interaction,FAC006,2026-06-29,3,Monday,1,7,2026-2027,P
762,STU000012,2023010012,SUB0051,Human Computer Interaction,FAC006,2026-06-29,3,Monday,1,7,2026-2027,P
763,STU000013,2023010013,SUB0051,Human Computer Interaction,FAC006,2026-06-29,3,Monday,1,7,2026-2027,P
764,STU000014,2023010014,SUB0051,Human Computer Interaction,FAC006,2026-06-29,3,Monday,1,7,2026-2027,P
765,STU000015,2023010015,SUB0051,Human Computer Interaction,FAC006,2026-06-29,3,Monday,1,7,2026-2027,A
766,STU000016,2023010016,SUB0051,Human Computer Interaction,FAC006,2026-06-29,3,Monday,1,7,2026-2027,P
767,STU000017,2023010017,SUB0051,Human Computer Interaction,FAC006,2026-06-29,3,Monday,1,7,2026-2027,P
768,STU000018,2023010018,SUB0051,Human Computer Interaction,FAC006,2026-06-29,3,Monday,1,7,2026-2027,P
769,STU000019,2023010019,SUB0051,Human Computer Interaction,FAC006,2026-06-29,3,Monday,1,7,2026-2027,P
770,STU000020,2023010020,SUB0051,Human Computer Interaction,FAC006,2026-06-29,3,Monday,1,7,2026-2027,P
771,STU000021,2023010021,SUB0051,Human Computer Interaction,FAC006,2026-06-29,3,Monday,1,7,2026-2027,P
772,STU000022,2023010022,SUB0051,Human Computer Interaction,FAC006,2026-06-29,3,Monday,1,7,2026-2027,P
773,STU000023,2023010023,SUB0051,Human Computer Interaction,FAC006,2026-06-29,3,Monday,1,7,2026-2027,P
774,STU000024,2023010024,SUB0051,Human Computer Interaction,FAC006,2026-06-29,3,Monday,1,7,2026-2027,P
775,STU000025,2023010025,SUB0051,Human Computer Interaction,FAC006,2026-06-29,3,Monday,1,7,2026-2027,A
776,STU000026,2023010026,SUB0051,Human Computer Interaction,FAC006,2026-06-29,3,Monday,1,7,2026-2027,P
777,STU000027,2023010027,SUB0051,Human Computer Interaction,FAC006,2026-06-29,3,Monday,1,7,2026-2027,P
778,STU000028,2023010028,SUB0051,Human Computer Interaction,FAC006,2026-06-29,3,Monday,1,7,2026-2027,P
779,STU000029,2023010029,SUB0051,Human Computer Interaction,FAC006,2026-06-29,3,Monday,1,7,2026-2027,P
780,STU000030,2023010030,SUB0051,Human Computer Interaction,FAC006,2026-06-29,3,Monday,1,7,2026-2027,P
781,STU000031,2023010031,SUB0051,Human Computer Interaction,FAC006,2026-06-29,3,Monday,1,7,2026-2027,P
782,STU000032,2023010032,SUB0051,Human Computer Interaction,FAC006,2026-06-29,3,Monday,1,7,2026-2027,P
783,STU000033,2023010033,SUB0051,Human Computer Interaction,FAC006,2026-06-29,3,Monday,1,7,2026-2027,P
784,STU000034,2023010034,SUB0051,Human Computer Interaction,FAC006,2026-06-29,3,Monday,1,7,2026-2027,P
785,STU000035,2023010035,SUB0051,Human Computer Interaction,FAC006,2026-06-29,3,Monday,1,7,2026-2027,P
786,STU000036,2023010036,SUB0051,Human Computer Interaction,FAC006,2026-06-29,3,Monday,1,7,2026-2027,P
787,STU000037,2023010037,SUB0051,Human Computer Interaction,FAC006,2026-06-29,3,Monday,1,7,2026-2027,P
788,STU000038,2023010038,SUB0051,Human Computer Interaction,FAC006,2026-06-29,3,Monday,1,7,2026-2027,P
789,STU000039,2023010039,SUB0051,Human Computer Interaction,FAC006,2026-06-29,3,Monday,1,7,2026-2027,P
790,STU000040,2023010040,SUB0051,Human Computer Interaction,FAC006,2026-06-29,3,Monday,1,7,2026-2027,P
791,STU000041,2023010041,SUB0051,Human Computer Interaction,FAC006,2026-06-29,3,Monday,1,7,2026-2027,P
792,STU000042,2023010042,SUB0051,Human Computer Interaction,FAC006,2026-06-29,3,Monday,1,7,2026-2027,P
793,STU000043,2023010043,SUB0051,Human Computer Interaction,FAC006,2026-06-29,3,Monday,1,7,2026-2027,P
794,STU000044,2023010044,SUB0051,Human Computer Interaction,FAC006,2026-06-29,3,Monday,1,7,2026-2027,P
795,STU000045,2023010045,SUB0051,Human Computer Interaction,FAC006,2026-06-29,3,Monday,1,7,2026-2027,P
796,STU000046,2023010046,SUB0051,Human Computer Interaction,FAC006,2026-06-29,3,Monday,1,7,2026-2027,P
797,STU000047,2023010047,SUB0051,Human Computer Interaction,FAC006,2026-06-29,3,Monday,1,7,2026-2027,P
798,STU000048,2023010048,SUB0051,Human Computer Interaction,FAC006,2026-06-29,3,Monday,1,7,2026-2027,P
799,STU000049,2023010049,SUB0051,Human Computer Interaction,FAC006,2026-06-29,3,Monday,1,7,2026-2027,A
800,STU000050,2023010050,SUB0051,Human Computer Interaction,FAC006,2026-06-29,3,Monday,1,7,2026-2027,P
801,STU000001,2023010001,SUB0050,Software Engineering,FAC005,2026-06-29,4,Monday,1,7,2026-2027,P
802,STU000001,2023010001,SUB0053,Deep Learning,FAC008,2026-06-29,4,Monday,1,7,2026-2027,P
803,STU000002,2023010002,SUB0050,Software Engineering,FAC005,2026-06-29,4,Monday,1,7,2026-2027,P
804,STU000002,2023010002,SUB0053,Deep Learning,FAC008,2026-06-29,4,Monday,1,7,2026-2027,P
805,STU000003,2023010003,SUB0050,Software Engineering,FAC005,2026-06-29,4,Monday,1,7,2026-2027,A
806,STU000003,2023010003,SUB0053,Deep Learning,FAC008,2026-06-29,4,Monday,1,7,2026-2027,P
807,STU000004,2023010004,SUB0050,Software Engineering,FAC005,2026-06-29,4,Monday,1,7,2026-2027,P
808,STU000004,2023010004,SUB0053,Deep Learning,FAC008,2026-06-29,4,Monday,1,7,2026-2027,P
809,STU000005,2023010005,SUB0050,Software Engineering,FAC005,2026-06-29,4,Monday,1,7,2026-2027,P
810,STU000005,2023010005,SUB0053,Deep Learning,FAC008,2026-06-29,4,Monday,1,7,2026-2027,P
811,STU000006,2023010006,SUB0050,Software Engineering,FAC005,2026-06-29,4,Monday,1,7,2026-2027,P
812,STU000006,2023010006,SUB0053,Deep Learning,FAC008,2026-06-29,4,Monday,1,7,2026-2027,P
813,STU000007,2023010007,SUB0050,Software Engineering,FAC005,2026-06-29,4,Monday,1,7,2026-2027,P
814,STU000007,2023010007,SUB0053,Deep Learning,FAC008,2026-06-29,4,Monday,1,7,2026-2027,P
815,STU000008,2023010008,SUB0050,Software Engineering,FAC005,2026-06-29,4,Monday,1,7,2026-2027,P
816,STU000008,2023010008,SUB0053,Deep Learning,FAC008,2026-06-29,4,Monday,1,7,2026-2027,P
817,STU000009,2023010009,SUB0050,Software Engineering,FAC005,2026-06-29,4,Monday,1,7,2026-2027,P
818,STU000009,2023010009,SUB0053,Deep Learning,FAC008,2026-06-29,4,Monday,1,7,2026-2027,P
819,STU000010,2023010010,SUB0050,Software Engineering,FAC005,2026-06-29,4,Monday,1,7,2026-2027,P
820,STU000010,2023010010,SUB0053,Deep Learning,FAC008,2026-06-29,4,Monday,1,7,2026-2027,P
821,STU000011,2023010011,SUB0050,Software Engineering,FAC005,2026-06-29,4,Monday,1,7,2026-2027,P
822,STU000011,2023010011,SUB0053,Deep Learning,FAC008,2026-06-29,4,Monday,1,7,2026-2027,A
823,STU000012,2023010012,SUB0050,Software Engineering,FAC005,2026-06-29,4,Monday,1,7,2026-2027,P
824,STU000012,2023010012,SUB0053,Deep Learning,FAC008,2026-06-29,4,Monday,1,7,2026-2027,P
825,STU000013,2023010013,SUB0050,Software Engineering,FAC005,2026-06-29,4,Monday,1,7,2026-2027,P
826,STU000013,2023010013,SUB0053,Deep Learning,FAC008,2026-06-29,4,Monday,1,7,2026-2027,P
827,STU000014,2023010014,SUB0050,Software Engineering,FAC005,2026-06-29,4,Monday,1,7,2026-2027,A
828,STU000014,2023010014,SUB0053,Deep Learning,FAC008,2026-06-29,4,Monday,1,7,2026-2027,P
829,STU000015,2023010015,SUB0050,Software Engineering,FAC005,2026-06-29,4,Monday,1,7,2026-2027,P
830,STU000015,2023010015,SUB0053,Deep Learning,FAC008,2026-06-29,4,Monday,1,7,2026-2027,P
831,STU000016,2023010016,SUB0050,Software Engineering,FAC005,2026-06-29,4,Monday,1,7,2026-2027,P
832,STU000016,2023010016,SUB0053,Deep Learning,FAC008,2026-06-29,4,Monday,1,7,2026-2027,P
833,STU000017,2023010017,SUB0050,Software Engineering,FAC005,2026-06-29,4,Monday,1,7,2026-2027,P
834,STU000017,2023010017,SUB0053,Deep Learning,FAC008,2026-06-29,4,Monday,1,7,2026-2027,P
835,STU000018,2023010018,SUB0050,Software Engineering,FAC005,2026-06-29,4,Monday,1,7,2026-2027,P
836,STU000018,2023010018,SUB0053,Deep Learning,FAC008,2026-06-29,4,Monday,1,7,2026-2027,A
837,STU000019,2023010019,SUB0050,Software Engineering,FAC005,2026-06-29,4,Monday,1,7,2026-2027,P
838,STU000019,2023010019,SUB0053,Deep Learning,FAC008,2026-06-29,4,Monday,1,7,2026-2027,P
839,STU000020,2023010020,SUB0050,Software Engineering,FAC005,2026-06-29,4,Monday,1,7,2026-2027,P
840,STU000020,2023010020,SUB0053,Deep Learning,FAC008,2026-06-29,4,Monday,1,7,2026-2027,P
841,STU000021,2023010021,SUB0050,Software Engineering,FAC005,2026-06-29,4,Monday,1,7,2026-2027,A
842,STU000021,2023010021,SUB0053,Deep Learning,FAC008,2026-06-29,4,Monday,1,7,2026-2027,P
843,STU000022,2023010022,SUB0050,Software Engineering,FAC005,2026-06-29,4,Monday,1,7,2026-2027,P
844,STU000022,2023010022,SUB0053,Deep Learning,FAC008,2026-06-29,4,Monday,1,7,2026-2027,P
845,STU000023,2023010023,SUB0050,Software Engineering,FAC005,2026-06-29,4,Monday,1,7,2026-2027,P
846,STU000023,2023010023,SUB0053,Deep Learning,FAC008,2026-06-29,4,Monday,1,7,2026-2027,P
847,STU000024,2023010024,SUB0050,Software Engineering,FAC005,2026-06-29,4,Monday,1,7,2026-2027,P
848,STU000024,2023010024,SUB0053,Deep Learning,FAC008,2026-06-29,4,Monday,1,7,2026-2027,P
849,STU000025,2023010025,SUB0050,Software Engineering,FAC005,2026-06-29,4,Monday,1,7,2026-2027,P
850,STU000025,2023010025,SUB0053,Deep Learning,FAC008,2026-06-29,4,Monday,1,7,2026-2027,A
851,STU000026,2023010026,SUB0050,Software Engineering,FAC005,2026-06-29,4,Monday,1,7,2026-2027,P
852,STU000026,2023010026,SUB0053,Deep Learning,FAC008,2026-06-29,4,Monday,1,7,2026-2027,P
853,STU000027,2023010027,SUB0050,Software Engineering,FAC005,2026-06-29,4,Monday,1,7,2026-2027,P
854,STU000027,2023010027,SUB0053,Deep Learning,FAC008,2026-06-29,4,Monday,1,7,2026-2027,P
855,STU000028,2023010028,SUB0050,Software Engineering,FAC005,2026-06-29,4,Monday,1,7,2026-2027,A
856,STU000028,2023010028,SUB0053,Deep Learning,FAC008,2026-06-29,4,Monday,1,7,2026-2027,P
857,STU000029,2023010029,SUB0050,Software Engineering,FAC005,2026-06-29,4,Monday,1,7,2026-2027,P
858,STU000029,2023010029,SUB0053,Deep Learning,FAC008,2026-06-29,4,Monday,1,7,2026-2027,P
859,STU000030,2023010030,SUB0050,Software Engineering,FAC005,2026-06-29,4,Monday,1,7,2026-2027,P
860,STU000030,2023010030,SUB0053,Deep Learning,FAC008,2026-06-29,4,Monday,1,7,2026-2027,P
861,STU000031,2023010031,SUB0050,Software Engineering,FAC005,2026-06-29,4,Monday,1,7,2026-2027,P
862,STU000031,2023010031,SUB0053,Deep Learning,FAC008,2026-06-29,4,Monday,1,7,2026-2027,P
863,STU000032,2023010032,SUB0050,Software Engineering,FAC005,2026-06-29,4,Monday,1,7,2026-2027,P
864,STU000032,2023010032,SUB0053,Deep Learning,FAC008,2026-06-29,4,Monday,1,7,2026-2027,P
865,STU000033,2023010033,SUB0050,Software Engineering,FAC005,2026-06-29,4,Monday,1,7,2026-2027,P
866,STU000033,2023010033,SUB0053,Deep Learning,FAC008,2026-06-29,4,Monday,1,7,2026-2027,P
867,STU000034,2023010034,SUB0050,Software Engineering,FAC005,2026-06-29,4,Monday,1,7,2026-2027,P
868,STU000034,2023010034,SUB0053,Deep Learning,FAC008,2026-06-29,4,Monday,1,7,2026-2027,P
869,STU000035,2023010035,SUB0050,Software Engineering,FAC005,2026-06-29,4,Monday,1,7,2026-2027,P
870,STU000035,2023010035,SUB0053,Deep Learning,FAC008,2026-06-29,4,Monday,1,7,2026-2027,P
871,STU000036,2023010036,SUB0050,Software Engineering,FAC005,2026-06-29,4,Monday,1,7,2026-2027,P
872,STU000036,2023010036,SUB0053,Deep Learning,FAC008,2026-06-29,4,Monday,1,7,2026-2027,A
873,STU000037,2023010037,SUB0050,Software Engineering,FAC005,2026-06-29,4,Monday,1,7,2026-2027,P
874,STU000037,2023010037,SUB0053,Deep Learning,FAC008,2026-06-29,4,Monday,1,7,2026-2027,P
875,STU000038,2023010038,SUB0050,Software Engineering,FAC005,2026-06-29,4,Monday,1,7,2026-2027,P
876,STU000038,2023010038,SUB0053,Deep Learning,FAC008,2026-06-29,4,Monday,1,7,2026-2027,P
877,STU000039,2023010039,SUB0050,Software Engineering,FAC005,2026-06-29,4,Monday,1,7,2026-2027,A
878,STU000039,2023010039,SUB0053,Deep Learning,FAC008,2026-06-29,4,Monday,1,7,2026-2027,P
879,STU000040,2023010040,SUB0050,Software Engineering,FAC005,2026-06-29,4,Monday,1,7,2026-2027,P
880,STU000040,2023010040,SUB0053,Deep Learning,FAC008,2026-06-29,4,Monday,1,7,2026-2027,P
881,STU000041,2023010041,SUB0050,Software Engineering,FAC005,2026-06-29,4,Monday,1,7,2026-2027,P
882,STU000041,2023010041,SUB0053,Deep Learning,FAC008,2026-06-29,4,Monday,1,7,2026-2027,P
883,STU000042,2023010042,SUB0050,Software Engineering,FAC005,2026-06-29,4,Monday,1,7,2026-2027,P
884,STU000042,2023010042,SUB0053,Deep Learning,FAC008,2026-06-29,4,Monday,1,7,2026-2027,P
885,STU000043,2023010043,SUB0050,Software Engineering,FAC005,2026-06-29,4,Monday,1,7,2026-2027,P
886,STU000043,2023010043,SUB0053,Deep Learning,FAC008,2026-06-29,4,Monday,1,7,2026-2027,A
887,STU000044,2023010044,SUB0050,Software Engineering,FAC005,2026-06-29,4,Monday,1,7,2026-2027,P
888,STU000044,2023010044,SUB0053,Deep Learning,FAC008,2026-06-29,4,Monday,1,7,2026-2027,P
889,STU000045,2023010045,SUB0050,Software Engineering,FAC005,2026-06-29,4,Monday,1,7,2026-2027,P
890,STU000045,2023010045,SUB0053,Deep Learning,FAC008,2026-06-29,4,Monday,1,7,2026-2027,P
891,STU000046,2023010046,SUB0050,Software Engineering,FAC005,2026-06-29,4,Monday,1,7,2026-2027,A
892,STU000046,2023010046,SUB0053,Deep Learning,FAC008,2026-06-29,4,Monday,1,7,2026-2027,P
893,STU000047,2023010047,SUB0050,Software Engineering,FAC005,2026-06-29,4,Monday,1,7,2026-2027,P
894,STU000047,2023010047,SUB0053,Deep Learning,FAC008,2026-06-29,4,Monday,1,7,2026-2027,A
895,STU000048,2023010048,SUB0050,Software Engineering,FAC005,2026-06-29,4,Monday,1,7,2026-2027,P
896,STU000048,2023010048,SUB0053,Deep Learning,FAC008,2026-06-29,4,Monday,1,7,2026-2027,P
897,STU000049,2023010049,SUB0050,Software Engineering,FAC005,2026-06-29,4,Monday,1,7,2026-2027,P
898,STU000049,2023010049,SUB0053,Deep Learning,FAC008,2026-06-29,4,Monday,1,7,2026-2027,P
899,STU000050,2023010050,SUB0050,Software Engineering,FAC005,2026-06-29,4,Monday,1,7,2026-2027,P
900,STU000050,2023010050,SUB0053,Deep Learning,FAC008,2026-06-29,4,Monday,1,7,2026-2027,A
901,STU000001,2023010001,SUB0052,"Innovation, Start-up & Entrepreneurship",FAC007,2026-06-30,2,Tuesday,1,7,2026-2027,P
902,STU000002,2023010002,SUB0052,"Innovation, Start-up & Entrepreneurship",FAC007,2026-06-30,2,Tuesday,1,7,2026-2027,P
903,STU000003,2023010003,SUB0052,"Innovation, Start-up & Entrepreneurship",FAC007,2026-06-30,2,Tuesday,1,7,2026-2027,P
904,STU000004,2023010004,SUB0052,"Innovation, Start-up & Entrepreneurship",FAC007,2026-06-30,2,Tuesday,1,7,2026-2027,P
905,STU000005,2023010005,SUB0052,"Innovation, Start-up & Entrepreneurship",FAC007,2026-06-30,2,Tuesday,1,7,2026-2027,A
906,STU000006,2023010006,SUB0052,"Innovation, Start-up & Entrepreneurship",FAC007,2026-06-30,2,Tuesday,1,7,2026-2027,P
907,STU000007,2023010007,SUB0052,"Innovation, Start-up & Entrepreneurship",FAC007,2026-06-30,2,Tuesday,1,7,2026-2027,P
908,STU000008,2023010008,SUB0052,"Innovation, Start-up & Entrepreneurship",FAC007,2026-06-30,2,Tuesday,1,7,2026-2027,P
909,STU000009,2023010009,SUB0052,"Innovation, Start-up & Entrepreneurship",FAC007,2026-06-30,2,Tuesday,1,7,2026-2027,P
910,STU000010,2023010010,SUB0052,"Innovation, Start-up & Entrepreneurship",FAC007,2026-06-30,2,Tuesday,1,7,2026-2027,P
911,STU000011,2023010011,SUB0052,"Innovation, Start-up & Entrepreneurship",FAC007,2026-06-30,2,Tuesday,1,7,2026-2027,P
912,STU000012,2023010012,SUB0052,"Innovation, Start-up & Entrepreneurship",FAC007,2026-06-30,2,Tuesday,1,7,2026-2027,P
913,STU000013,2023010013,SUB0052,"Innovation, Start-up & Entrepreneurship",FAC007,2026-06-30,2,Tuesday,1,7,2026-2027,A
914,STU000014,2023010014,SUB0052,"Innovation, Start-up & Entrepreneurship",FAC007,2026-06-30,2,Tuesday,1,7,2026-2027,P
915,STU000015,2023010015,SUB0052,"Innovation, Start-up & Entrepreneurship",FAC007,2026-06-30,2,Tuesday,1,7,2026-2027,P
916,STU000016,2023010016,SUB0052,"Innovation, Start-up & Entrepreneurship",FAC007,2026-06-30,2,Tuesday,1,7,2026-2027,P
917,STU000017,2023010017,SUB0052,"Innovation, Start-up & Entrepreneurship",FAC007,2026-06-30,2,Tuesday,1,7,2026-2027,P
918,STU000018,2023010018,SUB0052,"Innovation, Start-up & Entrepreneurship",FAC007,2026-06-30,2,Tuesday,1,7,2026-2027,P
919,STU000019,2023010019,SUB0052,"Innovation, Start-up & Entrepreneurship",FAC007,2026-06-30,2,Tuesday,1,7,2026-2027,P
920,STU000020,2023010020,SUB0052,"Innovation, Start-up & Entrepreneurship",FAC007,2026-06-30,2,Tuesday,1,7,2026-2027,P
921,STU000021,2023010021,SUB0052,"Innovation, Start-up & Entrepreneurship",FAC007,2026-06-30,2,Tuesday,1,7,2026-2027,A
922,STU000022,2023010022,SUB0052,"Innovation, Start-up & Entrepreneurship",FAC007,2026-06-30,2,Tuesday,1,7,2026-2027,P
923,STU000023,2023010023,SUB0052,"Innovation, Start-up & Entrepreneurship",FAC007,2026-06-30,2,Tuesday,1,7,2026-2027,P
924,STU000024,2023010024,SUB0052,"Innovation, Start-up & Entrepreneurship",FAC007,2026-06-30,2,Tuesday,1,7,2026-2027,P
925,STU000025,2023010025,SUB0052,"Innovation, Start-up & Entrepreneurship",FAC007,2026-06-30,2,Tuesday,1,7,2026-2027,P
926,STU000026,2023010026,SUB0052,"Innovation, Start-up & Entrepreneurship",FAC007,2026-06-30,2,Tuesday,1,7,2026-2027,P
927,STU000027,2023010027,SUB0052,"Innovation, Start-up & Entrepreneurship",FAC007,2026-06-30,2,Tuesday,1,7,2026-2027,P
928,STU000028,2023010028,SUB0052,"Innovation, Start-up & Entrepreneurship",FAC007,2026-06-30,2,Tuesday,1,7,2026-2027,P
929,STU000029,2023010029,SUB0052,"Innovation, Start-up & Entrepreneurship",FAC007,2026-06-30,2,Tuesday,1,7,2026-2027,A
930,STU000030,2023010030,SUB0052,"Innovation, Start-up & Entrepreneurship",FAC007,2026-06-30,2,Tuesday,1,7,2026-2027,P
931,STU000031,2023010031,SUB0052,"Innovation, Start-up & Entrepreneurship",FAC007,2026-06-30,2,Tuesday,1,7,2026-2027,P
932,STU000032,2023010032,SUB0052,"Innovation, Start-up & Entrepreneurship",FAC007,2026-06-30,2,Tuesday,1,7,2026-2027,P
933,STU000033,2023010033,SUB0052,"Innovation, Start-up & Entrepreneurship",FAC007,2026-06-30,2,Tuesday,1,7,2026-2027,P
934,STU000034,2023010034,SUB0052,"Innovation, Start-up & Entrepreneurship",FAC007,2026-06-30,2,Tuesday,1,7,2026-2027,P
935,STU000035,2023010035,SUB0052,"Innovation, Start-up & Entrepreneurship",FAC007,2026-06-30,2,Tuesday,1,7,2026-2027,P
936,STU000036,2023010036,SUB0052,"Innovation, Start-up & Entrepreneurship",FAC007,2026-06-30,2,Tuesday,1,7,2026-2027,P
937,STU000037,2023010037,SUB0052,"Innovation, Start-up & Entrepreneurship",FAC007,2026-06-30,2,Tuesday,1,7,2026-2027,A
938,STU000038,2023010038,SUB0052,"Innovation, Start-up & Entrepreneurship",FAC007,2026-06-30,2,Tuesday,1,7,2026-2027,P
939,STU000039,2023010039,SUB0052,"Innovation, Start-up & Entrepreneurship",FAC007,2026-06-30,2,Tuesday,1,7,2026-2027,P
940,STU000040,2023010040,SUB0052,"Innovation, Start-up & Entrepreneurship",FAC007,2026-06-30,2,Tuesday,1,7,2026-2027,P
941,STU000041,2023010041,SUB0052,"Innovation, Start-up & Entrepreneurship",FAC007,2026-06-30,2,Tuesday,1,7,2026-2027,P
942,STU000042,2023010042,SUB0052,"Innovation, Start-up & Entrepreneurship",FAC007,2026-06-30,2,Tuesday,1,7,2026-2027,P
943,STU000043,2023010043,SUB0052,"Innovation, Start-up & Entrepreneurship",FAC007,2026-06-30,2,Tuesday,1,7,2026-2027,P
944,STU000044,2023010044,SUB0052,"Innovation, Start-up & Entrepreneurship",FAC007,2026-06-30,2,Tuesday,1,7,2026-2027,P
945,STU000045,2023010045,SUB0052,"Innovation, Start-up & Entrepreneurship",FAC007,2026-06-30,2,Tuesday,1,7,2026-2027,A
946,STU000046,2023010046,SUB0052,"Innovation, Start-up & Entrepreneurship",FAC007,2026-06-30,2,Tuesday,1,7,2026-2027,P
947,STU000047,2023010047,SUB0052,"Innovation, Start-up & Entrepreneurship",FAC007,2026-06-30,2,Tuesday,1,7,2026-2027,P
948,STU000048,2023010048,SUB0052,"Innovation, Start-up & Entrepreneurship",FAC007,2026-06-30,2,Tuesday,1,7,2026-2027,P
949,STU000049,2023010049,SUB0052,"Innovation, Start-up & Entrepreneurship",FAC007,2026-06-30,2,Tuesday,1,7,2026-2027,P
950,STU000050,2023010050,SUB0052,"Innovation, Start-up & Entrepreneurship",FAC007,2026-06-30,2,Tuesday,1,7,2026-2027,P
951,STU000001,2023010001,SUB0054,Natural Language Processing,FAC009,2026-06-30,3,Tuesday,1,7,2026-2027,P
952,STU000002,2023010002,SUB0054,Natural Language Processing,FAC009,2026-06-30,3,Tuesday,1,7,2026-2027,P
953,STU000003,2023010003,SUB0054,Natural Language Processing,FAC009,2026-06-30,3,Tuesday,1,7,2026-2027,P
954,STU000004,2023010004,SUB0054,Natural Language Processing,FAC009,2026-06-30,3,Tuesday,1,7,2026-2027,P
955,STU000005,2023010005,SUB0054,Natural Language Processing,FAC009,2026-06-30,3,Tuesday,1,7,2026-2027,A
956,STU000006,2023010006,SUB0054,Natural Language Processing,FAC009,2026-06-30,3,Tuesday,1,7,2026-2027,P
957,STU000007,2023010007,SUB0054,Natural Language Processing,FAC009,2026-06-30,3,Tuesday,1,7,2026-2027,P
958,STU000008,2023010008,SUB0054,Natural Language Processing,FAC009,2026-06-30,3,Tuesday,1,7,2026-2027,P
959,STU000009,2023010009,SUB0054,Natural Language Processing,FAC009,2026-06-30,3,Tuesday,1,7,2026-2027,P
960,STU000010,2023010010,SUB0054,Natural Language Processing,FAC009,2026-06-30,3,Tuesday,1,7,2026-2027,P
961,STU000011,2023010011,SUB0054,Natural Language Processing,FAC009,2026-06-30,3,Tuesday,1,7,2026-2027,P
962,STU000012,2023010012,SUB0054,Natural Language Processing,FAC009,2026-06-30,3,Tuesday,1,7,2026-2027,A
963,STU000013,2023010013,SUB0054,Natural Language Processing,FAC009,2026-06-30,3,Tuesday,1,7,2026-2027,P
964,STU000014,2023010014,SUB0054,Natural Language Processing,FAC009,2026-06-30,3,Tuesday,1,7,2026-2027,P
965,STU000015,2023010015,SUB0054,Natural Language Processing,FAC009,2026-06-30,3,Tuesday,1,7,2026-2027,P
966,STU000016,2023010016,SUB0054,Natural Language Processing,FAC009,2026-06-30,3,Tuesday,1,7,2026-2027,P
967,STU000017,2023010017,SUB0054,Natural Language Processing,FAC009,2026-06-30,3,Tuesday,1,7,2026-2027,P
968,STU000018,2023010018,SUB0054,Natural Language Processing,FAC009,2026-06-30,3,Tuesday,1,7,2026-2027,P
969,STU000019,2023010019,SUB0054,Natural Language Processing,FAC009,2026-06-30,3,Tuesday,1,7,2026-2027,P
970,STU000020,2023010020,SUB0054,Natural Language Processing,FAC009,2026-06-30,3,Tuesday,1,7,2026-2027,P
971,STU000021,2023010021,SUB0054,Natural Language Processing,FAC009,2026-06-30,3,Tuesday,1,7,2026-2027,P
972,STU000022,2023010022,SUB0054,Natural Language Processing,FAC009,2026-06-30,3,Tuesday,1,7,2026-2027,P
973,STU000023,2023010023,SUB0054,Natural Language Processing,FAC009,2026-06-30,3,Tuesday,1,7,2026-2027,P
974,STU000024,2023010024,SUB0054,Natural Language Processing,FAC009,2026-06-30,3,Tuesday,1,7,2026-2027,P
975,STU000025,2023010025,SUB0054,Natural Language Processing,FAC009,2026-06-30,3,Tuesday,1,7,2026-2027,P
976,STU000026,2023010026,SUB0054,Natural Language Processing,FAC009,2026-06-30,3,Tuesday,1,7,2026-2027,P
977,STU000027,2023010027,SUB0054,Natural Language Processing,FAC009,2026-06-30,3,Tuesday,1,7,2026-2027,P
978,STU000028,2023010028,SUB0054,Natural Language Processing,FAC009,2026-06-30,3,Tuesday,1,7,2026-2027,A
979,STU000029,2023010029,SUB0054,Natural Language Processing,FAC009,2026-06-30,3,Tuesday,1,7,2026-2027,P
980,STU000030,2023010030,SUB0054,Natural Language Processing,FAC009,2026-06-30,3,Tuesday,1,7,2026-2027,P
981,STU000031,2023010031,SUB0054,Natural Language Processing,FAC009,2026-06-30,3,Tuesday,1,7,2026-2027,P
982,STU000032,2023010032,SUB0054,Natural Language Processing,FAC009,2026-06-30,3,Tuesday,1,7,2026-2027,P
983,STU000033,2023010033,SUB0054,Natural Language Processing,FAC009,2026-06-30,3,Tuesday,1,7,2026-2027,P
984,STU000034,2023010034,SUB0054,Natural Language Processing,FAC009,2026-06-30,3,Tuesday,1,7,2026-2027,P
985,STU000035,2023010035,SUB0054,Natural Language Processing,FAC009,2026-06-30,3,Tuesday,1,7,2026-2027,P
986,STU000036,2023010036,SUB0054,Natural Language Processing,FAC009,2026-06-30,3,Tuesday,1,7,2026-2027,P
987,STU000037,2023010037,SUB0054,Natural Language Processing,FAC009,2026-06-30,3,Tuesday,1,7,2026-2027,A
988,STU000038,2023010038,SUB0054,Natural Language Processing,FAC009,2026-06-30,3,Tuesday,1,7,2026-2027,P
989,STU000039,2023010039,SUB0054,Natural Language Processing,FAC009,2026-06-30,3,Tuesday,1,7,2026-2027,P
990,STU000040,2023010040,SUB0054,Natural Language Processing,FAC009,2026-06-30,3,Tuesday,1,7,2026-2027,P
991,STU000041,2023010041,SUB0054,Natural Language Processing,FAC009,2026-06-30,3,Tuesday,1,7,2026-2027,P
992,STU000042,2023010042,SUB0054,Natural Language Processing,FAC009,2026-06-30,3,Tuesday,1,7,2026-2027,P
993,STU000043,2023010043,SUB0054,Natural Language Processing,FAC009,2026-06-30,3,Tuesday,1,7,2026-2027,P
994,STU000044,2023010044,SUB0054,Natural Language Processing,FAC009,2026-06-30,3,Tuesday,1,7,2026-2027,A
995,STU000045,2023010045,SUB0054,Natural Language Processing,FAC009,2026-06-30,3,Tuesday,1,7,2026-2027,P
996,STU000046,2023010046,SUB0054,Natural Language Processing,FAC009,2026-06-30,3,Tuesday,1,7,2026-2027,P
997,STU000047,2023010047,SUB0054,Natural Language Processing,FAC009,2026-06-30,3,Tuesday,1,7,2026-2027,P
998,STU000048,2023010048,SUB0054,Natural Language Processing,FAC009,2026-06-30,3,Tuesday,1,7,2026-2027,P
999,STU000049,2023010049,SUB0054,Natural Language Processing,FAC009,2026-06-30,3,Tuesday,1,7,2026-2027,P
1000,STU000050,2023010050,SUB0054,Natural Language Processing,FAC009,2026-06-30,3,Tuesday,1,7,2026-2027,P
1001,STU000001,2023010001,SUB0053,Deep Learning,FAC008,2026-06-30,5,Tuesday,1,7,2026-2027,A
1002,STU000002,2023010002,SUB0053,Deep Learning,FAC008,2026-06-30,5,Tuesday,1,7,2026-2027,P
1003,STU000003,2023010003,SUB0053,Deep Learning,FAC008,2026-06-30,5,Tuesday,1,7,2026-2027,P
1004,STU000004,2023010004,SUB0053,Deep Learning,FAC008,2026-06-30,5,Tuesday,1,7,2026-2027,P
1005,STU000005,2023010005,SUB0053,Deep Learning,FAC008,2026-06-30,5,Tuesday,1,7,2026-2027,P
1006,STU000006,2023010006,SUB0053,Deep Learning,FAC008,2026-06-30,5,Tuesday,1,7,2026-2027,P
1007,STU000007,2023010007,SUB0053,Deep Learning,FAC008,2026-06-30,5,Tuesday,1,7,2026-2027,P
1008,STU000008,2023010008,SUB0053,Deep Learning,FAC008,2026-06-30,5,Tuesday,1,7,2026-2027,P
1009,STU000009,2023010009,SUB0053,Deep Learning,FAC008,2026-06-30,5,Tuesday,1,7,2026-2027,P
1010,STU000010,2023010010,SUB0053,Deep Learning,FAC008,2026-06-30,5,Tuesday,1,7,2026-2027,P
1011,STU000011,2023010011,SUB0053,Deep Learning,FAC008,2026-06-30,5,Tuesday,1,7,2026-2027,P
1012,STU000012,2023010012,SUB0053,Deep Learning,FAC008,2026-06-30,5,Tuesday,1,7,2026-2027,A
1013,STU000013,2023010013,SUB0053,Deep Learning,FAC008,2026-06-30,5,Tuesday,1,7,2026-2027,P
1014,STU000014,2023010014,SUB0053,Deep Learning,FAC008,2026-06-30,5,Tuesday,1,7,2026-2027,P
1015,STU000015,2023010015,SUB0053,Deep Learning,FAC008,2026-06-30,5,Tuesday,1,7,2026-2027,P
1016,STU000016,2023010016,SUB0053,Deep Learning,FAC008,2026-06-30,5,Tuesday,1,7,2026-2027,P
1017,STU000017,2023010017,SUB0053,Deep Learning,FAC008,2026-06-30,5,Tuesday,1,7,2026-2027,P
1018,STU000018,2023010018,SUB0053,Deep Learning,FAC008,2026-06-30,5,Tuesday,1,7,2026-2027,P
1019,STU000019,2023010019,SUB0053,Deep Learning,FAC008,2026-06-30,5,Tuesday,1,7,2026-2027,A
1020,STU000020,2023010020,SUB0053,Deep Learning,FAC008,2026-06-30,5,Tuesday,1,7,2026-2027,P
1021,STU000021,2023010021,SUB0053,Deep Learning,FAC008,2026-06-30,5,Tuesday,1,7,2026-2027,P
1022,STU000022,2023010022,SUB0053,Deep Learning,FAC008,2026-06-30,5,Tuesday,1,7,2026-2027,P
1023,STU000023,2023010023,SUB0053,Deep Learning,FAC008,2026-06-30,5,Tuesday,1,7,2026-2027,P
1024,STU000024,2023010024,SUB0053,Deep Learning,FAC008,2026-06-30,5,Tuesday,1,7,2026-2027,P
1025,STU000025,2023010025,SUB0053,Deep Learning,FAC008,2026-06-30,5,Tuesday,1,7,2026-2027,P
1026,STU000026,2023010026,SUB0053,Deep Learning,FAC008,2026-06-30,5,Tuesday,1,7,2026-2027,A
1027,STU000027,2023010027,SUB0053,Deep Learning,FAC008,2026-06-30,5,Tuesday,1,7,2026-2027,P
1028,STU000028,2023010028,SUB0053,Deep Learning,FAC008,2026-06-30,5,Tuesday,1,7,2026-2027,P
1029,STU000029,2023010029,SUB0053,Deep Learning,FAC008,2026-06-30,5,Tuesday,1,7,2026-2027,P
1030,STU000030,2023010030,SUB0053,Deep Learning,FAC008,2026-06-30,5,Tuesday,1,7,2026-2027,P
1031,STU000031,2023010031,SUB0053,Deep Learning,FAC008,2026-06-30,5,Tuesday,1,7,2026-2027,P
1032,STU000032,2023010032,SUB0053,Deep Learning,FAC008,2026-06-30,5,Tuesday,1,7,2026-2027,P
1033,STU000033,2023010033,SUB0053,Deep Learning,FAC008,2026-06-30,5,Tuesday,1,7,2026-2027,P
1034,STU000034,2023010034,SUB0053,Deep Learning,FAC008,2026-06-30,5,Tuesday,1,7,2026-2027,P
1035,STU000035,2023010035,SUB0053,Deep Learning,FAC008,2026-06-30,5,Tuesday,1,7,2026-2027,P
1036,STU000036,2023010036,SUB0053,Deep Learning,FAC008,2026-06-30,5,Tuesday,1,7,2026-2027,P
1037,STU000037,2023010037,SUB0053,Deep Learning,FAC008,2026-06-30,5,Tuesday,1,7,2026-2027,P
1038,STU000038,2023010038,SUB0053,Deep Learning,FAC008,2026-06-30,5,Tuesday,1,7,2026-2027,P
1039,STU000039,2023010039,SUB0053,Deep Learning,FAC008,2026-06-30,5,Tuesday,1,7,2026-2027,P
1040,STU000040,2023010040,SUB0053,Deep Learning,FAC008,2026-06-30,5,Tuesday,1,7,2026-2027,P
1041,STU000041,2023010041,SUB0053,Deep Learning,FAC008,2026-06-30,5,Tuesday,1,7,2026-2027,P
1042,STU000042,2023010042,SUB0053,Deep Learning,FAC008,2026-06-30,5,Tuesday,1,7,2026-2027,P
1043,STU000043,2023010043,SUB0053,Deep Learning,FAC008,2026-06-30,5,Tuesday,1,7,2026-2027,P
1044,STU000044,2023010044,SUB0053,Deep Learning,FAC008,2026-06-30,5,Tuesday,1,7,2026-2027,A
1045,STU000045,2023010045,SUB0053,Deep Learning,FAC008,2026-06-30,5,Tuesday,1,7,2026-2027,P
1046,STU000046,2023010046,SUB0053,Deep Learning,FAC008,2026-06-30,5,Tuesday,1,7,2026-2027,P
1047,STU000047,2023010047,SUB0053,Deep Learning,FAC008,2026-06-30,5,Tuesday,1,7,2026-2027,P
1048,STU000048,2023010048,SUB0053,Deep Learning,FAC008,2026-06-30,5,Tuesday,1,7,2026-2027,A
1049,STU000049,2023010049,SUB0053,Deep Learning,FAC008,2026-06-30,5,Tuesday,1,7,2026-2027,P
1050,STU000050,2023010050,SUB0053,Deep Learning,FAC008,2026-06-30,5,Tuesday,1,7,2026-2027,P
1051,STU000001,2023010001,SUB0051,Human Computer Interaction,FAC006,2026-07-01,4,Wednesday,1,7,2026-2027,P
1052,STU000001,2023010001,SUB0054,Natural Language Processing,FAC009,2026-07-01,4,Wednesday,1,7,2026-2027,P
1053,STU000002,2023010002,SUB0051,Human Computer Interaction,FAC006,2026-07-01,4,Wednesday,1,7,2026-2027,P
1054,STU000002,2023010002,SUB0054,Natural Language Processing,FAC009,2026-07-01,4,Wednesday,1,7,2026-2027,P
1055,STU000003,2023010003,SUB0051,Human Computer Interaction,FAC006,2026-07-01,4,Wednesday,1,7,2026-2027,P
1056,STU000003,2023010003,SUB0054,Natural Language Processing,FAC009,2026-07-01,4,Wednesday,1,7,2026-2027,P
1057,STU000004,2023010004,SUB0051,Human Computer Interaction,FAC006,2026-07-01,4,Wednesday,1,7,2026-2027,P
1058,STU000004,2023010004,SUB0054,Natural Language Processing,FAC009,2026-07-01,4,Wednesday,1,7,2026-2027,P
1059,STU000005,2023010005,SUB0051,Human Computer Interaction,FAC006,2026-07-01,4,Wednesday,1,7,2026-2027,P
1060,STU000005,2023010005,SUB0054,Natural Language Processing,FAC009,2026-07-01,4,Wednesday,1,7,2026-2027,P
1061,STU000006,2023010006,SUB0051,Human Computer Interaction,FAC006,2026-07-01,4,Wednesday,1,7,2026-2027,P
1062,STU000006,2023010006,SUB0054,Natural Language Processing,FAC009,2026-07-01,4,Wednesday,1,7,2026-2027,A
1063,STU000007,2023010007,SUB0051,Human Computer Interaction,FAC006,2026-07-01,4,Wednesday,1,7,2026-2027,P
1064,STU000007,2023010007,SUB0054,Natural Language Processing,FAC009,2026-07-01,4,Wednesday,1,7,2026-2027,P
1065,STU000008,2023010008,SUB0051,Human Computer Interaction,FAC006,2026-07-01,4,Wednesday,1,7,2026-2027,P
1066,STU000008,2023010008,SUB0054,Natural Language Processing,FAC009,2026-07-01,4,Wednesday,1,7,2026-2027,P
1067,STU000009,2023010009,SUB0051,Human Computer Interaction,FAC006,2026-07-01,4,Wednesday,1,7,2026-2027,P
1068,STU000009,2023010009,SUB0054,Natural Language Processing,FAC009,2026-07-01,4,Wednesday,1,7,2026-2027,P
1069,STU000010,2023010010,SUB0051,Human Computer Interaction,FAC006,2026-07-01,4,Wednesday,1,7,2026-2027,P
1070,STU000010,2023010010,SUB0054,Natural Language Processing,FAC009,2026-07-01,4,Wednesday,1,7,2026-2027,P
1071,STU000011,2023010011,SUB0051,Human Computer Interaction,FAC006,2026-07-01,4,Wednesday,1,7,2026-2027,P
1072,STU000011,2023010011,SUB0054,Natural Language Processing,FAC009,2026-07-01,4,Wednesday,1,7,2026-2027,P
1073,STU000012,2023010012,SUB0051,Human Computer Interaction,FAC006,2026-07-01,4,Wednesday,1,7,2026-2027,P
1074,STU000012,2023010012,SUB0054,Natural Language Processing,FAC009,2026-07-01,4,Wednesday,1,7,2026-2027,P
1075,STU000013,2023010013,SUB0051,Human Computer Interaction,FAC006,2026-07-01,4,Wednesday,1,7,2026-2027,P
1076,STU000013,2023010013,SUB0054,Natural Language Processing,FAC009,2026-07-01,4,Wednesday,1,7,2026-2027,A
1077,STU000014,2023010014,SUB0051,Human Computer Interaction,FAC006,2026-07-01,4,Wednesday,1,7,2026-2027,P
1078,STU000014,2023010014,SUB0054,Natural Language Processing,FAC009,2026-07-01,4,Wednesday,1,7,2026-2027,P
1079,STU000015,2023010015,SUB0051,Human Computer Interaction,FAC006,2026-07-01,4,Wednesday,1,7,2026-2027,P
1080,STU000015,2023010015,SUB0054,Natural Language Processing,FAC009,2026-07-01,4,Wednesday,1,7,2026-2027,A
1081,STU000016,2023010016,SUB0051,Human Computer Interaction,FAC006,2026-07-01,4,Wednesday,1,7,2026-2027,A
1082,STU000016,2023010016,SUB0054,Natural Language Processing,FAC009,2026-07-01,4,Wednesday,1,7,2026-2027,P
1083,STU000017,2023010017,SUB0051,Human Computer Interaction,FAC006,2026-07-01,4,Wednesday,1,7,2026-2027,P
1084,STU000017,2023010017,SUB0054,Natural Language Processing,FAC009,2026-07-01,4,Wednesday,1,7,2026-2027,P
1085,STU000018,2023010018,SUB0051,Human Computer Interaction,FAC006,2026-07-01,4,Wednesday,1,7,2026-2027,P
1086,STU000018,2023010018,SUB0054,Natural Language Processing,FAC009,2026-07-01,4,Wednesday,1,7,2026-2027,P
1087,STU000019,2023010019,SUB0051,Human Computer Interaction,FAC006,2026-07-01,4,Wednesday,1,7,2026-2027,P
1088,STU000019,2023010019,SUB0054,Natural Language Processing,FAC009,2026-07-01,4,Wednesday,1,7,2026-2027,P
1089,STU000020,2023010020,SUB0051,Human Computer Interaction,FAC006,2026-07-01,4,Wednesday,1,7,2026-2027,P
1090,STU000020,2023010020,SUB0054,Natural Language Processing,FAC009,2026-07-01,4,Wednesday,1,7,2026-2027,P
1091,STU000021,2023010021,SUB0051,Human Computer Interaction,FAC006,2026-07-01,4,Wednesday,1,7,2026-2027,P
1092,STU000021,2023010021,SUB0054,Natural Language Processing,FAC009,2026-07-01,4,Wednesday,1,7,2026-2027,P
1093,STU000022,2023010022,SUB0051,Human Computer Interaction,FAC006,2026-07-01,4,Wednesday,1,7,2026-2027,P
1094,STU000022,2023010022,SUB0054,Natural Language Processing,FAC009,2026-07-01,4,Wednesday,1,7,2026-2027,A
1095,STU000023,2023010023,SUB0051,Human Computer Interaction,FAC006,2026-07-01,4,Wednesday,1,7,2026-2027,P
1096,STU000023,2023010023,SUB0054,Natural Language Processing,FAC009,2026-07-01,4,Wednesday,1,7,2026-2027,P
1097,STU000024,2023010024,SUB0051,Human Computer Interaction,FAC006,2026-07-01,4,Wednesday,1,7,2026-2027,P
1098,STU000024,2023010024,SUB0054,Natural Language Processing,FAC009,2026-07-01,4,Wednesday,1,7,2026-2027,P
1099,STU000025,2023010025,SUB0051,Human Computer Interaction,FAC006,2026-07-01,4,Wednesday,1,7,2026-2027,P
1100,STU000025,2023010025,SUB0054,Natural Language Processing,FAC009,2026-07-01,4,Wednesday,1,7,2026-2027,P
1101,STU000026,2023010026,SUB0051,Human Computer Interaction,FAC006,2026-07-01,4,Wednesday,1,7,2026-2027,A
1102,STU000026,2023010026,SUB0054,Natural Language Processing,FAC009,2026-07-01,4,Wednesday,1,7,2026-2027,P
1103,STU000027,2023010027,SUB0051,Human Computer Interaction,FAC006,2026-07-01,4,Wednesday,1,7,2026-2027,P
1104,STU000027,2023010027,SUB0054,Natural Language Processing,FAC009,2026-07-01,4,Wednesday,1,7,2026-2027,P
1105,STU000028,2023010028,SUB0051,Human Computer Interaction,FAC006,2026-07-01,4,Wednesday,1,7,2026-2027,P
1106,STU000028,2023010028,SUB0054,Natural Language Processing,FAC009,2026-07-01,4,Wednesday,1,7,2026-2027,P
1107,STU000029,2023010029,SUB0051,Human Computer Interaction,FAC006,2026-07-01,4,Wednesday,1,7,2026-2027,P
1108,STU000029,2023010029,SUB0054,Natural Language Processing,FAC009,2026-07-01,4,Wednesday,1,7,2026-2027,A
1109,STU000030,2023010030,SUB0051,Human Computer Interaction,FAC006,2026-07-01,4,Wednesday,1,7,2026-2027,P
1110,STU000030,2023010030,SUB0054,Natural Language Processing,FAC009,2026-07-01,4,Wednesday,1,7,2026-2027,P
1111,STU000031,2023010031,SUB0051,Human Computer Interaction,FAC006,2026-07-01,4,Wednesday,1,7,2026-2027,P
1112,STU000031,2023010031,SUB0054,Natural Language Processing,FAC009,2026-07-01,4,Wednesday,1,7,2026-2027,P
1113,STU000032,2023010032,SUB0051,Human Computer Interaction,FAC006,2026-07-01,4,Wednesday,1,7,2026-2027,P
1114,STU000032,2023010032,SUB0054,Natural Language Processing,FAC009,2026-07-01,4,Wednesday,1,7,2026-2027,P
1115,STU000033,2023010033,SUB0051,Human Computer Interaction,FAC006,2026-07-01,4,Wednesday,1,7,2026-2027,A
1116,STU000033,2023010033,SUB0054,Natural Language Processing,FAC009,2026-07-01,4,Wednesday,1,7,2026-2027,P
1117,STU000034,2023010034,SUB0051,Human Computer Interaction,FAC006,2026-07-01,4,Wednesday,1,7,2026-2027,P
1118,STU000034,2023010034,SUB0054,Natural Language Processing,FAC009,2026-07-01,4,Wednesday,1,7,2026-2027,P
1119,STU000035,2023010035,SUB0051,Human Computer Interaction,FAC006,2026-07-01,4,Wednesday,1,7,2026-2027,P
1120,STU000035,2023010035,SUB0054,Natural Language Processing,FAC009,2026-07-01,4,Wednesday,1,7,2026-2027,P
1121,STU000036,2023010036,SUB0051,Human Computer Interaction,FAC006,2026-07-01,4,Wednesday,1,7,2026-2027,P
1122,STU000036,2023010036,SUB0054,Natural Language Processing,FAC009,2026-07-01,4,Wednesday,1,7,2026-2027,P
1123,STU000037,2023010037,SUB0051,Human Computer Interaction,FAC006,2026-07-01,4,Wednesday,1,7,2026-2027,P
1124,STU000037,2023010037,SUB0054,Natural Language Processing,FAC009,2026-07-01,4,Wednesday,1,7,2026-2027,P
1125,STU000038,2023010038,SUB0051,Human Computer Interaction,FAC006,2026-07-01,4,Wednesday,1,7,2026-2027,P
1126,STU000038,2023010038,SUB0054,Natural Language Processing,FAC009,2026-07-01,4,Wednesday,1,7,2026-2027,A
1127,STU000039,2023010039,SUB0051,Human Computer Interaction,FAC006,2026-07-01,4,Wednesday,1,7,2026-2027,P
1128,STU000039,2023010039,SUB0054,Natural Language Processing,FAC009,2026-07-01,4,Wednesday,1,7,2026-2027,P
1129,STU000040,2023010040,SUB0051,Human Computer Interaction,FAC006,2026-07-01,4,Wednesday,1,7,2026-2027,P
1130,STU000040,2023010040,SUB0054,Natural Language Processing,FAC009,2026-07-01,4,Wednesday,1,7,2026-2027,P
1131,STU000041,2023010041,SUB0051,Human Computer Interaction,FAC006,2026-07-01,4,Wednesday,1,7,2026-2027,P
1132,STU000041,2023010041,SUB0054,Natural Language Processing,FAC009,2026-07-01,4,Wednesday,1,7,2026-2027,P
1133,STU000042,2023010042,SUB0051,Human Computer Interaction,FAC006,2026-07-01,4,Wednesday,1,7,2026-2027,P
1134,STU000042,2023010042,SUB0054,Natural Language Processing,FAC009,2026-07-01,4,Wednesday,1,7,2026-2027,P
1135,STU000043,2023010043,SUB0051,Human Computer Interaction,FAC006,2026-07-01,4,Wednesday,1,7,2026-2027,A
1136,STU000043,2023010043,SUB0054,Natural Language Processing,FAC009,2026-07-01,4,Wednesday,1,7,2026-2027,P
1137,STU000044,2023010044,SUB0051,Human Computer Interaction,FAC006,2026-07-01,4,Wednesday,1,7,2026-2027,P
1138,STU000044,2023010044,SUB0054,Natural Language Processing,FAC009,2026-07-01,4,Wednesday,1,7,2026-2027,P
1139,STU000045,2023010045,SUB0051,Human Computer Interaction,FAC006,2026-07-01,4,Wednesday,1,7,2026-2027,P
1140,STU000045,2023010045,SUB0054,Natural Language Processing,FAC009,2026-07-01,4,Wednesday,1,7,2026-2027,A
1141,STU000046,2023010046,SUB0051,Human Computer Interaction,FAC006,2026-07-01,4,Wednesday,1,7,2026-2027,P
1142,STU000046,2023010046,SUB0054,Natural Language Processing,FAC009,2026-07-01,4,Wednesday,1,7,2026-2027,P
1143,STU000047,2023010047,SUB0051,Human Computer Interaction,FAC006,2026-07-01,4,Wednesday,1,7,2026-2027,P
1144,STU000047,2023010047,SUB0054,Natural Language Processing,FAC009,2026-07-01,4,Wednesday,1,7,2026-2027,A
1145,STU000048,2023010048,SUB0051,Human Computer Interaction,FAC006,2026-07-01,4,Wednesday,1,7,2026-2027,P
1146,STU000048,2023010048,SUB0054,Natural Language Processing,FAC009,2026-07-01,4,Wednesday,1,7,2026-2027,P
1147,STU000049,2023010049,SUB0051,Human Computer Interaction,FAC006,2026-07-01,4,Wednesday,1,7,2026-2027,P
1148,STU000049,2023010049,SUB0054,Natural Language Processing,FAC009,2026-07-01,4,Wednesday,1,7,2026-2027,A
1149,STU000050,2023010050,SUB0051,Human Computer Interaction,FAC006,2026-07-01,4,Wednesday,1,7,2026-2027,A
1150,STU000050,2023010050,SUB0054,Natural Language Processing,FAC009,2026-07-01,4,Wednesday,1,7,2026-2027,P
1151,STU000001,2023010001,SUB0050,Software Engineering,FAC005,2026-07-01,5,Wednesday,1,7,2026-2027,P
1152,STU000002,2023010002,SUB0050,Software Engineering,FAC005,2026-07-01,5,Wednesday,1,7,2026-2027,P
1153,STU000003,2023010003,SUB0050,Software Engineering,FAC005,2026-07-01,5,Wednesday,1,7,2026-2027,P
1154,STU000004,2023010004,SUB0050,Software Engineering,FAC005,2026-07-01,5,Wednesday,1,7,2026-2027,A
1155,STU000005,2023010005,SUB0050,Software Engineering,FAC005,2026-07-01,5,Wednesday,1,7,2026-2027,P
1156,STU000006,2023010006,SUB0050,Software Engineering,FAC005,2026-07-01,5,Wednesday,1,7,2026-2027,P
1157,STU000007,2023010007,SUB0050,Software Engineering,FAC005,2026-07-01,5,Wednesday,1,7,2026-2027,P
1158,STU000008,2023010008,SUB0050,Software Engineering,FAC005,2026-07-01,5,Wednesday,1,7,2026-2027,A
1159,STU000009,2023010009,SUB0050,Software Engineering,FAC005,2026-07-01,5,Wednesday,1,7,2026-2027,P
1160,STU000010,2023010010,SUB0050,Software Engineering,FAC005,2026-07-01,5,Wednesday,1,7,2026-2027,P
1161,STU000011,2023010011,SUB0050,Software Engineering,FAC005,2026-07-01,5,Wednesday,1,7,2026-2027,P
1162,STU000012,2023010012,SUB0050,Software Engineering,FAC005,2026-07-01,5,Wednesday,1,7,2026-2027,P
1163,STU000013,2023010013,SUB0050,Software Engineering,FAC005,2026-07-01,5,Wednesday,1,7,2026-2027,P
1164,STU000014,2023010014,SUB0050,Software Engineering,FAC005,2026-07-01,5,Wednesday,1,7,2026-2027,P
1165,STU000015,2023010015,SUB0050,Software Engineering,FAC005,2026-07-01,5,Wednesday,1,7,2026-2027,A
1166,STU000016,2023010016,SUB0050,Software Engineering,FAC005,2026-07-01,5,Wednesday,1,7,2026-2027,P
1167,STU000017,2023010017,SUB0050,Software Engineering,FAC005,2026-07-01,5,Wednesday,1,7,2026-2027,P
1168,STU000018,2023010018,SUB0050,Software Engineering,FAC005,2026-07-01,5,Wednesday,1,7,2026-2027,P
1169,STU000019,2023010019,SUB0050,Software Engineering,FAC005,2026-07-01,5,Wednesday,1,7,2026-2027,P
1170,STU000020,2023010020,SUB0050,Software Engineering,FAC005,2026-07-01,5,Wednesday,1,7,2026-2027,P
1171,STU000021,2023010021,SUB0050,Software Engineering,FAC005,2026-07-01,5,Wednesday,1,7,2026-2027,P
1172,STU000022,2023010022,SUB0050,Software Engineering,FAC005,2026-07-01,5,Wednesday,1,7,2026-2027,A
1173,STU000023,2023010023,SUB0050,Software Engineering,FAC005,2026-07-01,5,Wednesday,1,7,2026-2027,P
1174,STU000024,2023010024,SUB0050,Software Engineering,FAC005,2026-07-01,5,Wednesday,1,7,2026-2027,P
1175,STU000025,2023010025,SUB0050,Software Engineering,FAC005,2026-07-01,5,Wednesday,1,7,2026-2027,P
1176,STU000026,2023010026,SUB0050,Software Engineering,FAC005,2026-07-01,5,Wednesday,1,7,2026-2027,P
1177,STU000027,2023010027,SUB0050,Software Engineering,FAC005,2026-07-01,5,Wednesday,1,7,2026-2027,P
1178,STU000028,2023010028,SUB0050,Software Engineering,FAC005,2026-07-01,5,Wednesday,1,7,2026-2027,P
1179,STU000029,2023010029,SUB0050,Software Engineering,FAC005,2026-07-01,5,Wednesday,1,7,2026-2027,A
1180,STU000030,2023010030,SUB0050,Software Engineering,FAC005,2026-07-01,5,Wednesday,1,7,2026-2027,P
1181,STU000031,2023010031,SUB0050,Software Engineering,FAC005,2026-07-01,5,Wednesday,1,7,2026-2027,P
1182,STU000032,2023010032,SUB0050,Software Engineering,FAC005,2026-07-01,5,Wednesday,1,7,2026-2027,P
1183,STU000033,2023010033,SUB0050,Software Engineering,FAC005,2026-07-01,5,Wednesday,1,7,2026-2027,P
1184,STU000034,2023010034,SUB0050,Software Engineering,FAC005,2026-07-01,5,Wednesday,1,7,2026-2027,P
1185,STU000035,2023010035,SUB0050,Software Engineering,FAC005,2026-07-01,5,Wednesday,1,7,2026-2027,P
1186,STU000036,2023010036,SUB0050,Software Engineering,FAC005,2026-07-01,5,Wednesday,1,7,2026-2027,P
1187,STU000037,2023010037,SUB0050,Software Engineering,FAC005,2026-07-01,5,Wednesday,1,7,2026-2027,P
1188,STU000038,2023010038,SUB0050,Software Engineering,FAC005,2026-07-01,5,Wednesday,1,7,2026-2027,P
1189,STU000039,2023010039,SUB0050,Software Engineering,FAC005,2026-07-01,5,Wednesday,1,7,2026-2027,P
1190,STU000040,2023010040,SUB0050,Software Engineering,FAC005,2026-07-01,5,Wednesday,1,7,2026-2027,P
1191,STU000041,2023010041,SUB0050,Software Engineering,FAC005,2026-07-01,5,Wednesday,1,7,2026-2027,P
1192,STU000042,2023010042,SUB0050,Software Engineering,FAC005,2026-07-01,5,Wednesday,1,7,2026-2027,P
1193,STU000043,2023010043,SUB0050,Software Engineering,FAC005,2026-07-01,5,Wednesday,1,7,2026-2027,P
1194,STU000044,2023010044,SUB0050,Software Engineering,FAC005,2026-07-01,5,Wednesday,1,7,2026-2027,P
1195,STU000045,2023010045,SUB0050,Software Engineering,FAC005,2026-07-01,5,Wednesday,1,7,2026-2027,P
1196,STU000046,2023010046,SUB0050,Software Engineering,FAC005,2026-07-01,5,Wednesday,1,7,2026-2027,P
1197,STU000047,2023010047,SUB0050,Software Engineering,FAC005,2026-07-01,5,Wednesday,1,7,2026-2027,A
1198,STU000048,2023010048,SUB0050,Software Engineering,FAC005,2026-07-01,5,Wednesday,1,7,2026-2027,P
1199,STU000049,2023010049,SUB0050,Software Engineering,FAC005,2026-07-01,5,Wednesday,1,7,2026-2027,P
1200,STU000050,2023010050,SUB0050,Software Engineering,FAC005,2026-07-01,5,Wednesday,1,7,2026-2027,P
1201,STU000001,2023010001,SUB0055,Deep Learning Laboratory,FAC010,2026-07-02,3,Thursday,1,7,2026-2027,P
1202,STU000002,2023010002,SUB0055,Deep Learning Laboratory,FAC010,2026-07-02,3,Thursday,1,7,2026-2027,P
1203,STU000003,2023010003,SUB0055,Deep Learning Laboratory,FAC010,2026-07-02,3,Thursday,1,7,2026-2027,P
1204,STU000004,2023010004,SUB0055,Deep Learning Laboratory,FAC010,2026-07-02,3,Thursday,1,7,2026-2027,A
1205,STU000005,2023010005,SUB0055,Deep Learning Laboratory,FAC010,2026-07-02,3,Thursday,1,7,2026-2027,P
1206,STU000006,2023010006,SUB0055,Deep Learning Laboratory,FAC010,2026-07-02,3,Thursday,1,7,2026-2027,P
1207,STU000007,2023010007,SUB0055,Deep Learning Laboratory,FAC010,2026-07-02,3,Thursday,1,7,2026-2027,P
1208,STU000008,2023010008,SUB0055,Deep Learning Laboratory,FAC010,2026-07-02,3,Thursday,1,7,2026-2027,P
1209,STU000009,2023010009,SUB0055,Deep Learning Laboratory,FAC010,2026-07-02,3,Thursday,1,7,2026-2027,P
1210,STU000010,2023010010,SUB0055,Deep Learning Laboratory,FAC010,2026-07-02,3,Thursday,1,7,2026-2027,P
1211,STU000011,2023010011,SUB0055,Deep Learning Laboratory,FAC010,2026-07-02,3,Thursday,1,7,2026-2027,A
1212,STU000012,2023010012,SUB0055,Deep Learning Laboratory,FAC010,2026-07-02,3,Thursday,1,7,2026-2027,P
1213,STU000013,2023010013,SUB0055,Deep Learning Laboratory,FAC010,2026-07-02,3,Thursday,1,7,2026-2027,A
1214,STU000014,2023010014,SUB0055,Deep Learning Laboratory,FAC010,2026-07-02,3,Thursday,1,7,2026-2027,P
1215,STU000015,2023010015,SUB0055,Deep Learning Laboratory,FAC010,2026-07-02,3,Thursday,1,7,2026-2027,P
1216,STU000016,2023010016,SUB0055,Deep Learning Laboratory,FAC010,2026-07-02,3,Thursday,1,7,2026-2027,P
1217,STU000017,2023010017,SUB0055,Deep Learning Laboratory,FAC010,2026-07-02,3,Thursday,1,7,2026-2027,P
1218,STU000018,2023010018,SUB0055,Deep Learning Laboratory,FAC010,2026-07-02,3,Thursday,1,7,2026-2027,P
1219,STU000019,2023010019,SUB0055,Deep Learning Laboratory,FAC010,2026-07-02,3,Thursday,1,7,2026-2027,P
1220,STU000020,2023010020,SUB0055,Deep Learning Laboratory,FAC010,2026-07-02,3,Thursday,1,7,2026-2027,A
1221,STU000021,2023010021,SUB0055,Deep Learning Laboratory,FAC010,2026-07-02,3,Thursday,1,7,2026-2027,P
1222,STU000022,2023010022,SUB0055,Deep Learning Laboratory,FAC010,2026-07-02,3,Thursday,1,7,2026-2027,P
1223,STU000023,2023010023,SUB0055,Deep Learning Laboratory,FAC010,2026-07-02,3,Thursday,1,7,2026-2027,P
1224,STU000024,2023010024,SUB0055,Deep Learning Laboratory,FAC010,2026-07-02,3,Thursday,1,7,2026-2027,P
1225,STU000025,2023010025,SUB0055,Deep Learning Laboratory,FAC010,2026-07-02,3,Thursday,1,7,2026-2027,P
1226,STU000026,2023010026,SUB0055,Deep Learning Laboratory,FAC010,2026-07-02,3,Thursday,1,7,2026-2027,P
1227,STU000027,2023010027,SUB0055,Deep Learning Laboratory,FAC010,2026-07-02,3,Thursday,1,7,2026-2027,A
1228,STU000028,2023010028,SUB0055,Deep Learning Laboratory,FAC010,2026-07-02,3,Thursday,1,7,2026-2027,P
1229,STU000029,2023010029,SUB0055,Deep Learning Laboratory,FAC010,2026-07-02,3,Thursday,1,7,2026-2027,P
1230,STU000030,2023010030,SUB0055,Deep Learning Laboratory,FAC010,2026-07-02,3,Thursday,1,7,2026-2027,P
1231,STU000031,2023010031,SUB0055,Deep Learning Laboratory,FAC010,2026-07-02,3,Thursday,1,7,2026-2027,P
1232,STU000032,2023010032,SUB0055,Deep Learning Laboratory,FAC010,2026-07-02,3,Thursday,1,7,2026-2027,P
1233,STU000033,2023010033,SUB0055,Deep Learning Laboratory,FAC010,2026-07-02,3,Thursday,1,7,2026-2027,P
1234,STU000034,2023010034,SUB0055,Deep Learning Laboratory,FAC010,2026-07-02,3,Thursday,1,7,2026-2027,P
1235,STU000035,2023010035,SUB0055,Deep Learning Laboratory,FAC010,2026-07-02,3,Thursday,1,7,2026-2027,P
1236,STU000036,2023010036,SUB0055,Deep Learning Laboratory,FAC010,2026-07-02,3,Thursday,1,7,2026-2027,A
1237,STU000037,2023010037,SUB0055,Deep Learning Laboratory,FAC010,2026-07-02,3,Thursday,1,7,2026-2027,P
1238,STU000038,2023010038,SUB0055,Deep Learning Laboratory,FAC010,2026-07-02,3,Thursday,1,7,2026-2027,P
1239,STU000039,2023010039,SUB0055,Deep Learning Laboratory,FAC010,2026-07-02,3,Thursday,1,7,2026-2027,P
1240,STU000040,2023010040,SUB0055,Deep Learning Laboratory,FAC010,2026-07-02,3,Thursday,1,7,2026-2027,P
1241,STU000041,2023010041,SUB0055,Deep Learning Laboratory,FAC010,2026-07-02,3,Thursday,1,7,2026-2027,P
1242,STU000042,2023010042,SUB0055,Deep Learning Laboratory,FAC010,2026-07-02,3,Thursday,1,7,2026-2027,P
1243,STU000043,2023010043,SUB0055,Deep Learning Laboratory,FAC010,2026-07-02,3,Thursday,1,7,2026-2027,A
1244,STU000044,2023010044,SUB0055,Deep Learning Laboratory,FAC010,2026-07-02,3,Thursday,1,7,2026-2027,P
1245,STU000045,2023010045,SUB0055,Deep Learning Laboratory,FAC010,2026-07-02,3,Thursday,1,7,2026-2027,P
1246,STU000046,2023010046,SUB0055,Deep Learning Laboratory,FAC010,2026-07-02,3,Thursday,1,7,2026-2027,P
1247,STU000047,2023010047,SUB0055,Deep Learning Laboratory,FAC010,2026-07-02,3,Thursday,1,7,2026-2027,P
1248,STU000048,2023010048,SUB0055,Deep Learning Laboratory,FAC010,2026-07-02,3,Thursday,1,7,2026-2027,P
1249,STU000049,2023010049,SUB0055,Deep Learning Laboratory,FAC010,2026-07-02,3,Thursday,1,7,2026-2027,P
1250,STU000050,2023010050,SUB0055,Deep Learning Laboratory,FAC010,2026-07-02,3,Thursday,1,7,2026-2027,P
1251,STU000001,2023010001,SUB0055,Deep Learning Laboratory,FAC010,2026-07-02,4,Thursday,1,7,2026-2027,P
1252,STU000002,2023010002,SUB0055,Deep Learning Laboratory,FAC010,2026-07-02,4,Thursday,1,7,2026-2027,P
1253,STU000003,2023010003,SUB0055,Deep Learning Laboratory,FAC010,2026-07-02,4,Thursday,1,7,2026-2027,P
1254,STU000004,2023010004,SUB0055,Deep Learning Laboratory,FAC010,2026-07-02,4,Thursday,1,7,2026-2027,P
1255,STU000005,2023010005,SUB0055,Deep Learning Laboratory,FAC010,2026-07-02,4,Thursday,1,7,2026-2027,A
1256,STU000006,2023010006,SUB0055,Deep Learning Laboratory,FAC010,2026-07-02,4,Thursday,1,7,2026-2027,P
1257,STU000007,2023010007,SUB0055,Deep Learning Laboratory,FAC010,2026-07-02,4,Thursday,1,7,2026-2027,P
1258,STU000008,2023010008,SUB0055,Deep Learning Laboratory,FAC010,2026-07-02,4,Thursday,1,7,2026-2027,P
1259,STU000009,2023010009,SUB0055,Deep Learning Laboratory,FAC010,2026-07-02,4,Thursday,1,7,2026-2027,P
1260,STU000010,2023010010,SUB0055,Deep Learning Laboratory,FAC010,2026-07-02,4,Thursday,1,7,2026-2027,P
1261,STU000011,2023010011,SUB0055,Deep Learning Laboratory,FAC010,2026-07-02,4,Thursday,1,7,2026-2027,P
1262,STU000012,2023010012,SUB0055,Deep Learning Laboratory,FAC010,2026-07-02,4,Thursday,1,7,2026-2027,A
1263,STU000013,2023010013,SUB0055,Deep Learning Laboratory,FAC010,2026-07-02,4,Thursday,1,7,2026-2027,P
1264,STU000014,2023010014,SUB0055,Deep Learning Laboratory,FAC010,2026-07-02,4,Thursday,1,7,2026-2027,P
1265,STU000015,2023010015,SUB0055,Deep Learning Laboratory,FAC010,2026-07-02,4,Thursday,1,7,2026-2027,P
1266,STU000016,2023010016,SUB0055,Deep Learning Laboratory,FAC010,2026-07-02,4,Thursday,1,7,2026-2027,P
1267,STU000017,2023010017,SUB0055,Deep Learning Laboratory,FAC010,2026-07-02,4,Thursday,1,7,2026-2027,P
1268,STU000018,2023010018,SUB0055,Deep Learning Laboratory,FAC010,2026-07-02,4,Thursday,1,7,2026-2027,P
1269,STU000019,2023010019,SUB0055,Deep Learning Laboratory,FAC010,2026-07-02,4,Thursday,1,7,2026-2027,P
1270,STU000020,2023010020,SUB0055,Deep Learning Laboratory,FAC010,2026-07-02,4,Thursday,1,7,2026-2027,P
1271,STU000021,2023010021,SUB0055,Deep Learning Laboratory,FAC010,2026-07-02,4,Thursday,1,7,2026-2027,P
1272,STU000022,2023010022,SUB0055,Deep Learning Laboratory,FAC010,2026-07-02,4,Thursday,1,7,2026-2027,P
1273,STU000023,2023010023,SUB0055,Deep Learning Laboratory,FAC010,2026-07-02,4,Thursday,1,7,2026-2027,P
1274,STU000024,2023010024,SUB0055,Deep Learning Laboratory,FAC010,2026-07-02,4,Thursday,1,7,2026-2027,P
1275,STU000025,2023010025,SUB0055,Deep Learning Laboratory,FAC010,2026-07-02,4,Thursday,1,7,2026-2027,P
1276,STU000026,2023010026,SUB0055,Deep Learning Laboratory,FAC010,2026-07-02,4,Thursday,1,7,2026-2027,P
1277,STU000027,2023010027,SUB0055,Deep Learning Laboratory,FAC010,2026-07-02,4,Thursday,1,7,2026-2027,P
1278,STU000028,2023010028,SUB0055,Deep Learning Laboratory,FAC010,2026-07-02,4,Thursday,1,7,2026-2027,A
1279,STU000029,2023010029,SUB0055,Deep Learning Laboratory,FAC010,2026-07-02,4,Thursday,1,7,2026-2027,P
1280,STU000030,2023010030,SUB0055,Deep Learning Laboratory,FAC010,2026-07-02,4,Thursday,1,7,2026-2027,P
1281,STU000031,2023010031,SUB0055,Deep Learning Laboratory,FAC010,2026-07-02,4,Thursday,1,7,2026-2027,P
1282,STU000032,2023010032,SUB0055,Deep Learning Laboratory,FAC010,2026-07-02,4,Thursday,1,7,2026-2027,P
1283,STU000033,2023010033,SUB0055,Deep Learning Laboratory,FAC010,2026-07-02,4,Thursday,1,7,2026-2027,P
1284,STU000034,2023010034,SUB0055,Deep Learning Laboratory,FAC010,2026-07-02,4,Thursday,1,7,2026-2027,P
1285,STU000035,2023010035,SUB0055,Deep Learning Laboratory,FAC010,2026-07-02,4,Thursday,1,7,2026-2027,P
1286,STU000036,2023010036,SUB0055,Deep Learning Laboratory,FAC010,2026-07-02,4,Thursday,1,7,2026-2027,P
1287,STU000037,2023010037,SUB0055,Deep Learning Laboratory,FAC010,2026-07-02,4,Thursday,1,7,2026-2027,A
1288,STU000038,2023010038,SUB0055,Deep Learning Laboratory,FAC010,2026-07-02,4,Thursday,1,7,2026-2027,P
1289,STU000039,2023010039,SUB0055,Deep Learning Laboratory,FAC010,2026-07-02,4,Thursday,1,7,2026-2027,P
1290,STU000040,2023010040,SUB0055,Deep Learning Laboratory,FAC010,2026-07-02,4,Thursday,1,7,2026-2027,P
1291,STU000041,2023010041,SUB0055,Deep Learning Laboratory,FAC010,2026-07-02,4,Thursday,1,7,2026-2027,P
1292,STU000042,2023010042,SUB0055,Deep Learning Laboratory,FAC010,2026-07-02,4,Thursday,1,7,2026-2027,P
1293,STU000043,2023010043,SUB0055,Deep Learning Laboratory,FAC010,2026-07-02,4,Thursday,1,7,2026-2027,P
1294,STU000044,2023010044,SUB0055,Deep Learning Laboratory,FAC010,2026-07-02,4,Thursday,1,7,2026-2027,A
1295,STU000045,2023010045,SUB0055,Deep Learning Laboratory,FAC010,2026-07-02,4,Thursday,1,7,2026-2027,P
1296,STU000046,2023010046,SUB0055,Deep Learning Laboratory,FAC010,2026-07-02,4,Thursday,1,7,2026-2027,A
1297,STU000047,2023010047,SUB0055,Deep Learning Laboratory,FAC010,2026-07-02,4,Thursday,1,7,2026-2027,P
1298,STU000048,2023010048,SUB0055,Deep Learning Laboratory,FAC010,2026-07-02,4,Thursday,1,7,2026-2027,P
1299,STU000049,2023010049,SUB0055,Deep Learning Laboratory,FAC010,2026-07-02,4,Thursday,1,7,2026-2027,P
1300,STU000050,2023010050,SUB0055,Deep Learning Laboratory,FAC010,2026-07-02,4,Thursday,1,7,2026-2027,P
1301,STU000001,2023010001,SUB0053,Deep Learning,FAC008,2026-07-02,6,Thursday,1,7,2026-2027,P
1302,STU000002,2023010002,SUB0053,Deep Learning,FAC008,2026-07-02,6,Thursday,1,7,2026-2027,A
1303,STU000003,2023010003,SUB0053,Deep Learning,FAC008,2026-07-02,6,Thursday,1,7,2026-2027,P
1304,STU000004,2023010004,SUB0053,Deep Learning,FAC008,2026-07-02,6,Thursday,1,7,2026-2027,P
1305,STU000005,2023010005,SUB0053,Deep Learning,FAC008,2026-07-02,6,Thursday,1,7,2026-2027,P
1306,STU000006,2023010006,SUB0053,Deep Learning,FAC008,2026-07-02,6,Thursday,1,7,2026-2027,P
1307,STU000007,2023010007,SUB0053,Deep Learning,FAC008,2026-07-02,6,Thursday,1,7,2026-2027,P
1308,STU000008,2023010008,SUB0053,Deep Learning,FAC008,2026-07-02,6,Thursday,1,7,2026-2027,P
1309,STU000009,2023010009,SUB0053,Deep Learning,FAC008,2026-07-02,6,Thursday,1,7,2026-2027,P
1310,STU000010,2023010010,SUB0053,Deep Learning,FAC008,2026-07-02,6,Thursday,1,7,2026-2027,P
1311,STU000011,2023010011,SUB0053,Deep Learning,FAC008,2026-07-02,6,Thursday,1,7,2026-2027,P
1312,STU000012,2023010012,SUB0053,Deep Learning,FAC008,2026-07-02,6,Thursday,1,7,2026-2027,P
1313,STU000013,2023010013,SUB0053,Deep Learning,FAC008,2026-07-02,6,Thursday,1,7,2026-2027,A
1314,STU000014,2023010014,SUB0053,Deep Learning,FAC008,2026-07-02,6,Thursday,1,7,2026-2027,P
1315,STU000015,2023010015,SUB0053,Deep Learning,FAC008,2026-07-02,6,Thursday,1,7,2026-2027,P
1316,STU000016,2023010016,SUB0053,Deep Learning,FAC008,2026-07-02,6,Thursday,1,7,2026-2027,P
1317,STU000017,2023010017,SUB0053,Deep Learning,FAC008,2026-07-02,6,Thursday,1,7,2026-2027,P
1318,STU000018,2023010018,SUB0053,Deep Learning,FAC008,2026-07-02,6,Thursday,1,7,2026-2027,P
1319,STU000019,2023010019,SUB0053,Deep Learning,FAC008,2026-07-02,6,Thursday,1,7,2026-2027,P
1320,STU000020,2023010020,SUB0053,Deep Learning,FAC008,2026-07-02,6,Thursday,1,7,2026-2027,A
1321,STU000021,2023010021,SUB0053,Deep Learning,FAC008,2026-07-02,6,Thursday,1,7,2026-2027,P
1322,STU000022,2023010022,SUB0053,Deep Learning,FAC008,2026-07-02,6,Thursday,1,7,2026-2027,P
1323,STU000023,2023010023,SUB0053,Deep Learning,FAC008,2026-07-02,6,Thursday,1,7,2026-2027,P
1324,STU000024,2023010024,SUB0053,Deep Learning,FAC008,2026-07-02,6,Thursday,1,7,2026-2027,P
1325,STU000025,2023010025,SUB0053,Deep Learning,FAC008,2026-07-02,6,Thursday,1,7,2026-2027,P
1326,STU000026,2023010026,SUB0053,Deep Learning,FAC008,2026-07-02,6,Thursday,1,7,2026-2027,P
1327,STU000027,2023010027,SUB0053,Deep Learning,FAC008,2026-07-02,6,Thursday,1,7,2026-2027,A
1328,STU000028,2023010028,SUB0053,Deep Learning,FAC008,2026-07-02,6,Thursday,1,7,2026-2027,P
1329,STU000029,2023010029,SUB0053,Deep Learning,FAC008,2026-07-02,6,Thursday,1,7,2026-2027,P
1330,STU000030,2023010030,SUB0053,Deep Learning,FAC008,2026-07-02,6,Thursday,1,7,2026-2027,P
1331,STU000031,2023010031,SUB0053,Deep Learning,FAC008,2026-07-02,6,Thursday,1,7,2026-2027,P
1332,STU000032,2023010032,SUB0053,Deep Learning,FAC008,2026-07-02,6,Thursday,1,7,2026-2027,P
1333,STU000033,2023010033,SUB0053,Deep Learning,FAC008,2026-07-02,6,Thursday,1,7,2026-2027,P
1334,STU000034,2023010034,SUB0053,Deep Learning,FAC008,2026-07-02,6,Thursday,1,7,2026-2027,P
1335,STU000035,2023010035,SUB0053,Deep Learning,FAC008,2026-07-02,6,Thursday,1,7,2026-2027,P
1336,STU000036,2023010036,SUB0053,Deep Learning,FAC008,2026-07-02,6,Thursday,1,7,2026-2027,P
1337,STU000037,2023010037,SUB0053,Deep Learning,FAC008,2026-07-02,6,Thursday,1,7,2026-2027,P
1338,STU000038,2023010038,SUB0053,Deep Learning,FAC008,2026-07-02,6,Thursday,1,7,2026-2027,P
1339,STU000039,2023010039,SUB0053,Deep Learning,FAC008,2026-07-02,6,Thursday,1,7,2026-2027,P
1340,STU000040,2023010040,SUB0053,Deep Learning,FAC008,2026-07-02,6,Thursday,1,7,2026-2027,P
1341,STU000041,2023010041,SUB0053,Deep Learning,FAC008,2026-07-02,6,Thursday,1,7,2026-2027,P
1342,STU000042,2023010042,SUB0053,Deep Learning,FAC008,2026-07-02,6,Thursday,1,7,2026-2027,P
1343,STU000043,2023010043,SUB0053,Deep Learning,FAC008,2026-07-02,6,Thursday,1,7,2026-2027,P
1344,STU000044,2023010044,SUB0053,Deep Learning,FAC008,2026-07-02,6,Thursday,1,7,2026-2027,P
1345,STU000045,2023010045,SUB0053,Deep Learning,FAC008,2026-07-02,6,Thursday,1,7,2026-2027,A
1346,STU000046,2023010046,SUB0053,Deep Learning,FAC008,2026-07-02,6,Thursday,1,7,2026-2027,P
1347,STU000047,2023010047,SUB0053,Deep Learning,FAC008,2026-07-02,6,Thursday,1,7,2026-2027,P
1348,STU000048,2023010048,SUB0053,Deep Learning,FAC008,2026-07-02,6,Thursday,1,7,2026-2027,P
1349,STU000049,2023010049,SUB0053,Deep Learning,FAC008,2026-07-02,6,Thursday,1,7,2026-2027,A
1350,STU000050,2023010050,SUB0053,Deep Learning,FAC008,2026-07-02,6,Thursday,1,7,2026-2027,P
1351,STU000001,2023010001,SUB0056,Natural Language Processing Laboratory,FAC011,2026-07-03,3,Friday,1,7,2026-2027,P
1352,STU000002,2023010002,SUB0056,Natural Language Processing Laboratory,FAC011,2026-07-03,3,Friday,1,7,2026-2027,P
1353,STU000003,2023010003,SUB0056,Natural Language Processing Laboratory,FAC011,2026-07-03,3,Friday,1,7,2026-2027,A
1354,STU000004,2023010004,SUB0056,Natural Language Processing Laboratory,FAC011,2026-07-03,3,Friday,1,7,2026-2027,P
1355,STU000005,2023010005,SUB0056,Natural Language Processing Laboratory,FAC011,2026-07-03,3,Friday,1,7,2026-2027,P
1356,STU000006,2023010006,SUB0056,Natural Language Processing Laboratory,FAC011,2026-07-03,3,Friday,1,7,2026-2027,P
1357,STU000007,2023010007,SUB0056,Natural Language Processing Laboratory,FAC011,2026-07-03,3,Friday,1,7,2026-2027,P
1358,STU000008,2023010008,SUB0056,Natural Language Processing Laboratory,FAC011,2026-07-03,3,Friday,1,7,2026-2027,P
1359,STU000009,2023010009,SUB0056,Natural Language Processing Laboratory,FAC011,2026-07-03,3,Friday,1,7,2026-2027,P
1360,STU000010,2023010010,SUB0056,Natural Language Processing Laboratory,FAC011,2026-07-03,3,Friday,1,7,2026-2027,A
1361,STU000011,2023010011,SUB0056,Natural Language Processing Laboratory,FAC011,2026-07-03,3,Friday,1,7,2026-2027,P
1362,STU000012,2023010012,SUB0056,Natural Language Processing Laboratory,FAC011,2026-07-03,3,Friday,1,7,2026-2027,P
1363,STU000013,2023010013,SUB0056,Natural Language Processing Laboratory,FAC011,2026-07-03,3,Friday,1,7,2026-2027,P
1364,STU000014,2023010014,SUB0056,Natural Language Processing Laboratory,FAC011,2026-07-03,3,Friday,1,7,2026-2027,P
1365,STU000015,2023010015,SUB0056,Natural Language Processing Laboratory,FAC011,2026-07-03,3,Friday,1,7,2026-2027,P
1366,STU000016,2023010016,SUB0056,Natural Language Processing Laboratory,FAC011,2026-07-03,3,Friday,1,7,2026-2027,P
1367,STU000017,2023010017,SUB0056,Natural Language Processing Laboratory,FAC011,2026-07-03,3,Friday,1,7,2026-2027,P
1368,STU000018,2023010018,SUB0056,Natural Language Processing Laboratory,FAC011,2026-07-03,3,Friday,1,7,2026-2027,P
1369,STU000019,2023010019,SUB0056,Natural Language Processing Laboratory,FAC011,2026-07-03,3,Friday,1,7,2026-2027,A
1370,STU000020,2023010020,SUB0056,Natural Language Processing Laboratory,FAC011,2026-07-03,3,Friday,1,7,2026-2027,P
1371,STU000021,2023010021,SUB0056,Natural Language Processing Laboratory,FAC011,2026-07-03,3,Friday,1,7,2026-2027,P
1372,STU000022,2023010022,SUB0056,Natural Language Processing Laboratory,FAC011,2026-07-03,3,Friday,1,7,2026-2027,P
1373,STU000023,2023010023,SUB0056,Natural Language Processing Laboratory,FAC011,2026-07-03,3,Friday,1,7,2026-2027,P
1374,STU000024,2023010024,SUB0056,Natural Language Processing Laboratory,FAC011,2026-07-03,3,Friday,1,7,2026-2027,P
1375,STU000025,2023010025,SUB0056,Natural Language Processing Laboratory,FAC011,2026-07-03,3,Friday,1,7,2026-2027,P
1376,STU000026,2023010026,SUB0056,Natural Language Processing Laboratory,FAC011,2026-07-03,3,Friday,1,7,2026-2027,A
1377,STU000027,2023010027,SUB0056,Natural Language Processing Laboratory,FAC011,2026-07-03,3,Friday,1,7,2026-2027,P
1378,STU000028,2023010028,SUB0056,Natural Language Processing Laboratory,FAC011,2026-07-03,3,Friday,1,7,2026-2027,P
1379,STU000029,2023010029,SUB0056,Natural Language Processing Laboratory,FAC011,2026-07-03,3,Friday,1,7,2026-2027,P
1380,STU000030,2023010030,SUB0056,Natural Language Processing Laboratory,FAC011,2026-07-03,3,Friday,1,7,2026-2027,P
1381,STU000031,2023010031,SUB0056,Natural Language Processing Laboratory,FAC011,2026-07-03,3,Friday,1,7,2026-2027,P
1382,STU000032,2023010032,SUB0056,Natural Language Processing Laboratory,FAC011,2026-07-03,3,Friday,1,7,2026-2027,P
1383,STU000033,2023010033,SUB0056,Natural Language Processing Laboratory,FAC011,2026-07-03,3,Friday,1,7,2026-2027,P
1384,STU000034,2023010034,SUB0056,Natural Language Processing Laboratory,FAC011,2026-07-03,3,Friday,1,7,2026-2027,P
1385,STU000035,2023010035,SUB0056,Natural Language Processing Laboratory,FAC011,2026-07-03,3,Friday,1,7,2026-2027,A
1386,STU000036,2023010036,SUB0056,Natural Language Processing Laboratory,FAC011,2026-07-03,3,Friday,1,7,2026-2027,P
1387,STU000037,2023010037,SUB0056,Natural Language Processing Laboratory,FAC011,2026-07-03,3,Friday,1,7,2026-2027,P
1388,STU000038,2023010038,SUB0056,Natural Language Processing Laboratory,FAC011,2026-07-03,3,Friday,1,7,2026-2027,P
1389,STU000039,2023010039,SUB0056,Natural Language Processing Laboratory,FAC011,2026-07-03,3,Friday,1,7,2026-2027,P
1390,STU000040,2023010040,SUB0056,Natural Language Processing Laboratory,FAC011,2026-07-03,3,Friday,1,7,2026-2027,P
1391,STU000041,2023010041,SUB0056,Natural Language Processing Laboratory,FAC011,2026-07-03,3,Friday,1,7,2026-2027,P
1392,STU000042,2023010042,SUB0056,Natural Language Processing Laboratory,FAC011,2026-07-03,3,Friday,1,7,2026-2027,A
1393,STU000043,2023010043,SUB0056,Natural Language Processing Laboratory,FAC011,2026-07-03,3,Friday,1,7,2026-2027,P
1394,STU000044,2023010044,SUB0056,Natural Language Processing Laboratory,FAC011,2026-07-03,3,Friday,1,7,2026-2027,P
1395,STU000045,2023010045,SUB0056,Natural Language Processing Laboratory,FAC011,2026-07-03,3,Friday,1,7,2026-2027,P
1396,STU000046,2023010046,SUB0056,Natural Language Processing Laboratory,FAC011,2026-07-03,3,Friday,1,7,2026-2027,A
1397,STU000047,2023010047,SUB0056,Natural Language Processing Laboratory,FAC011,2026-07-03,3,Friday,1,7,2026-2027,P
1398,STU000048,2023010048,SUB0056,Natural Language Processing Laboratory,FAC011,2026-07-03,3,Friday,1,7,2026-2027,P
1399,STU000049,2023010049,SUB0056,Natural Language Processing Laboratory,FAC011,2026-07-03,3,Friday,1,7,2026-2027,P
1400,STU000050,2023010050,SUB0056,Natural Language Processing Laboratory,FAC011,2026-07-03,3,Friday,1,7,2026-2027,P
1401,STU000001,2023010001,SUB0056,Natural Language Processing Laboratory,FAC011,2026-07-03,4,Friday,1,7,2026-2027,P
1402,STU000002,2023010002,SUB0056,Natural Language Processing Laboratory,FAC011,2026-07-03,4,Friday,1,7,2026-2027,P
1403,STU000003,2023010003,SUB0056,Natural Language Processing Laboratory,FAC011,2026-07-03,4,Friday,1,7,2026-2027,P
1404,STU000004,2023010004,SUB0056,Natural Language Processing Laboratory,FAC011,2026-07-03,4,Friday,1,7,2026-2027,A
1405,STU000005,2023010005,SUB0056,Natural Language Processing Laboratory,FAC011,2026-07-03,4,Friday,1,7,2026-2027,P
1406,STU000006,2023010006,SUB0056,Natural Language Processing Laboratory,FAC011,2026-07-03,4,Friday,1,7,2026-2027,P
1407,STU000007,2023010007,SUB0056,Natural Language Processing Laboratory,FAC011,2026-07-03,4,Friday,1,7,2026-2027,P
1408,STU000008,2023010008,SUB0056,Natural Language Processing Laboratory,FAC011,2026-07-03,4,Friday,1,7,2026-2027,P
1409,STU000009,2023010009,SUB0056,Natural Language Processing Laboratory,FAC011,2026-07-03,4,Friday,1,7,2026-2027,P
1410,STU000010,2023010010,SUB0056,Natural Language Processing Laboratory,FAC011,2026-07-03,4,Friday,1,7,2026-2027,P
1411,STU000011,2023010011,SUB0056,Natural Language Processing Laboratory,FAC011,2026-07-03,4,Friday,1,7,2026-2027,A
1412,STU000012,2023010012,SUB0056,Natural Language Processing Laboratory,FAC011,2026-07-03,4,Friday,1,7,2026-2027,P
1413,STU000013,2023010013,SUB0056,Natural Language Processing Laboratory,FAC011,2026-07-03,4,Friday,1,7,2026-2027,A
1414,STU000014,2023010014,SUB0056,Natural Language Processing Laboratory,FAC011,2026-07-03,4,Friday,1,7,2026-2027,P
1415,STU000015,2023010015,SUB0056,Natural Language Processing Laboratory,FAC011,2026-07-03,4,Friday,1,7,2026-2027,P
1416,STU000016,2023010016,SUB0056,Natural Language Processing Laboratory,FAC011,2026-07-03,4,Friday,1,7,2026-2027,P
1417,STU000017,2023010017,SUB0056,Natural Language Processing Laboratory,FAC011,2026-07-03,4,Friday,1,7,2026-2027,P
1418,STU000018,2023010018,SUB0056,Natural Language Processing Laboratory,FAC011,2026-07-03,4,Friday,1,7,2026-2027,P
1419,STU000019,2023010019,SUB0056,Natural Language Processing Laboratory,FAC011,2026-07-03,4,Friday,1,7,2026-2027,P
1420,STU000020,2023010020,SUB0056,Natural Language Processing Laboratory,FAC011,2026-07-03,4,Friday,1,7,2026-2027,A
1421,STU000021,2023010021,SUB0056,Natural Language Processing Laboratory,FAC011,2026-07-03,4,Friday,1,7,2026-2027,P
1422,STU000022,2023010022,SUB0056,Natural Language Processing Laboratory,FAC011,2026-07-03,4,Friday,1,7,2026-2027,P
1423,STU000023,2023010023,SUB0056,Natural Language Processing Laboratory,FAC011,2026-07-03,4,Friday,1,7,2026-2027,P
1424,STU000024,2023010024,SUB0056,Natural Language Processing Laboratory,FAC011,2026-07-03,4,Friday,1,7,2026-2027,P
1425,STU000025,2023010025,SUB0056,Natural Language Processing Laboratory,FAC011,2026-07-03,4,Friday,1,7,2026-2027,P
1426,STU000026,2023010026,SUB0056,Natural Language Processing Laboratory,FAC011,2026-07-03,4,Friday,1,7,2026-2027,P
1427,STU000027,2023010027,SUB0056,Natural Language Processing Laboratory,FAC011,2026-07-03,4,Friday,1,7,2026-2027,A
1428,STU000028,2023010028,SUB0056,Natural Language Processing Laboratory,FAC011,2026-07-03,4,Friday,1,7,2026-2027,P
1429,STU000029,2023010029,SUB0056,Natural Language Processing Laboratory,FAC011,2026-07-03,4,Friday,1,7,2026-2027,P
1430,STU000030,2023010030,SUB0056,Natural Language Processing Laboratory,FAC011,2026-07-03,4,Friday,1,7,2026-2027,P
1431,STU000031,2023010031,SUB0056,Natural Language Processing Laboratory,FAC011,2026-07-03,4,Friday,1,7,2026-2027,P
1432,STU000032,2023010032,SUB0056,Natural Language Processing Laboratory,FAC011,2026-07-03,4,Friday,1,7,2026-2027,P
1433,STU000033,2023010033,SUB0056,Natural Language Processing Laboratory,FAC011,2026-07-03,4,Friday,1,7,2026-2027,P
1434,STU000034,2023010034,SUB0056,Natural Language Processing Laboratory,FAC011,2026-07-03,4,Friday,1,7,2026-2027,P
1435,STU000035,2023010035,SUB0056,Natural Language Processing Laboratory,FAC011,2026-07-03,4,Friday,1,7,2026-2027,P
1436,STU000036,2023010036,SUB0056,Natural Language Processing Laboratory,FAC011,2026-07-03,4,Friday,1,7,2026-2027,A
1437,STU000037,2023010037,SUB0056,Natural Language Processing Laboratory,FAC011,2026-07-03,4,Friday,1,7,2026-2027,P
1438,STU000038,2023010038,SUB0056,Natural Language Processing Laboratory,FAC011,2026-07-03,4,Friday,1,7,2026-2027,P
1439,STU000039,2023010039,SUB0056,Natural Language Processing Laboratory,FAC011,2026-07-03,4,Friday,1,7,2026-2027,P
1440,STU000040,2023010040,SUB0056,Natural Language Processing Laboratory,FAC011,2026-07-03,4,Friday,1,7,2026-2027,P
1441,STU000041,2023010041,SUB0056,Natural Language Processing Laboratory,FAC011,2026-07-03,4,Friday,1,7,2026-2027,P
1442,STU000042,2023010042,SUB0056,Natural Language Processing Laboratory,FAC011,2026-07-03,4,Friday,1,7,2026-2027,P
1443,STU000043,2023010043,SUB0056,Natural Language Processing Laboratory,FAC011,2026-07-03,4,Friday,1,7,2026-2027,A
1444,STU000044,2023010044,SUB0056,Natural Language Processing Laboratory,FAC011,2026-07-03,4,Friday,1,7,2026-2027,P
1445,STU000045,2023010045,SUB0056,Natural Language Processing Laboratory,FAC011,2026-07-03,4,Friday,1,7,2026-2027,A
1446,STU000046,2023010046,SUB0056,Natural Language Processing Laboratory,FAC011,2026-07-03,4,Friday,1,7,2026-2027,P
1447,STU000047,2023010047,SUB0056,Natural Language Processing Laboratory,FAC011,2026-07-03,4,Friday,1,7,2026-2027,P
1448,STU000048,2023010048,SUB0056,Natural Language Processing Laboratory,FAC011,2026-07-03,4,Friday,1,7,2026-2027,P
1449,STU000049,2023010049,SUB0056,Natural Language Processing Laboratory,FAC011,2026-07-03,4,Friday,1,7,2026-2027,P
1450,STU000050,2023010050,SUB0056,Natural Language Processing Laboratory,FAC011,2026-07-03,4,Friday,1,7,2026-2027,P
1451,STU000001,2023010001,SUB0050,Software Engineering,FAC005,2026-07-03,6,Friday,1,7,2026-2027,P
1452,STU000002,2023010002,SUB0050,Software Engineering,FAC005,2026-07-03,6,Friday,1,7,2026-2027,P
1453,STU000003,2023010003,SUB0050,Software Engineering,FAC005,2026-07-03,6,Friday,1,7,2026-2027,P
1454,STU000004,2023010004,SUB0050,Software Engineering,FAC005,2026-07-03,6,Friday,1,7,2026-2027,P
1455,STU000005,2023010005,SUB0050,Software Engineering,FAC005,2026-07-03,6,Friday,1,7,2026-2027,A
1456,STU000006,2023010006,SUB0050,Software Engineering,FAC005,2026-07-03,6,Friday,1,7,2026-2027,P
1457,STU000007,2023010007,SUB0050,Software Engineering,FAC005,2026-07-03,6,Friday,1,7,2026-2027,P
1458,STU000008,2023010008,SUB0050,Software Engineering,FAC005,2026-07-03,6,Friday,1,7,2026-2027,P
1459,STU000009,2023010009,SUB0050,Software Engineering,FAC005,2026-07-03,6,Friday,1,7,2026-2027,P
1460,STU000010,2023010010,SUB0050,Software Engineering,FAC005,2026-07-03,6,Friday,1,7,2026-2027,P
1461,STU000011,2023010011,SUB0050,Software Engineering,FAC005,2026-07-03,6,Friday,1,7,2026-2027,P
1462,STU000012,2023010012,SUB0050,Software Engineering,FAC005,2026-07-03,6,Friday,1,7,2026-2027,P
1463,STU000013,2023010013,SUB0050,Software Engineering,FAC005,2026-07-03,6,Friday,1,7,2026-2027,P
1464,STU000014,2023010014,SUB0050,Software Engineering,FAC005,2026-07-03,6,Friday,1,7,2026-2027,P
1465,STU000015,2023010015,SUB0050,Software Engineering,FAC005,2026-07-03,6,Friday,1,7,2026-2027,P
1466,STU000016,2023010016,SUB0050,Software Engineering,FAC005,2026-07-03,6,Friday,1,7,2026-2027,A
1467,STU000017,2023010017,SUB0050,Software Engineering,FAC005,2026-07-03,6,Friday,1,7,2026-2027,P
1468,STU000018,2023010018,SUB0050,Software Engineering,FAC005,2026-07-03,6,Friday,1,7,2026-2027,P
1469,STU000019,2023010019,SUB0050,Software Engineering,FAC005,2026-07-03,6,Friday,1,7,2026-2027,P
1470,STU000020,2023010020,SUB0050,Software Engineering,FAC005,2026-07-03,6,Friday,1,7,2026-2027,P
1471,STU000021,2023010021,SUB0050,Software Engineering,FAC005,2026-07-03,6,Friday,1,7,2026-2027,P
1472,STU000022,2023010022,SUB0050,Software Engineering,FAC005,2026-07-03,6,Friday,1,7,2026-2027,P
1473,STU000023,2023010023,SUB0050,Software Engineering,FAC005,2026-07-03,6,Friday,1,7,2026-2027,P
1474,STU000024,2023010024,SUB0050,Software Engineering,FAC005,2026-07-03,6,Friday,1,7,2026-2027,P
1475,STU000025,2023010025,SUB0050,Software Engineering,FAC005,2026-07-03,6,Friday,1,7,2026-2027,P
1476,STU000026,2023010026,SUB0050,Software Engineering,FAC005,2026-07-03,6,Friday,1,7,2026-2027,P
1477,STU000027,2023010027,SUB0050,Software Engineering,FAC005,2026-07-03,6,Friday,1,7,2026-2027,P
1478,STU000028,2023010028,SUB0050,Software Engineering,FAC005,2026-07-03,6,Friday,1,7,2026-2027,P
1479,STU000029,2023010029,SUB0050,Software Engineering,FAC005,2026-07-03,6,Friday,1,7,2026-2027,P
1480,STU000030,2023010030,SUB0050,Software Engineering,FAC005,2026-07-03,6,Friday,1,7,2026-2027,A
1481,STU000031,2023010031,SUB0050,Software Engineering,FAC005,2026-07-03,6,Friday,1,7,2026-2027,P
1482,STU000032,2023010032,SUB0050,Software Engineering,FAC005,2026-07-03,6,Friday,1,7,2026-2027,P
1483,STU000033,2023010033,SUB0050,Software Engineering,FAC005,2026-07-03,6,Friday,1,7,2026-2027,P
1484,STU000034,2023010034,SUB0050,Software Engineering,FAC005,2026-07-03,6,Friday,1,7,2026-2027,P
1485,STU000035,2023010035,SUB0050,Software Engineering,FAC005,2026-07-03,6,Friday,1,7,2026-2027,P
1486,STU000036,2023010036,SUB0050,Software Engineering,FAC005,2026-07-03,6,Friday,1,7,2026-2027,P
1487,STU000037,2023010037,SUB0050,Software Engineering,FAC005,2026-07-03,6,Friday,1,7,2026-2027,P
1488,STU000038,2023010038,SUB0050,Software Engineering,FAC005,2026-07-03,6,Friday,1,7,2026-2027,P
1489,STU000039,2023010039,SUB0050,Software Engineering,FAC005,2026-07-03,6,Friday,1,7,2026-2027,P
1490,STU000040,2023010040,SUB0050,Software Engineering,FAC005,2026-07-03,6,Friday,1,7,2026-2027,P
1491,STU000041,2023010041,SUB0050,Software Engineering,FAC005,2026-07-03,6,Friday,1,7,2026-2027,P
1492,STU000042,2023010042,SUB0050,Software Engineering,FAC005,2026-07-03,6,Friday,1,7,2026-2027,P
1493,STU000043,2023010043,SUB0050,Software Engineering,FAC005,2026-07-03,6,Friday,1,7,2026-2027,P
1494,STU000044,2023010044,SUB0050,Software Engineering,FAC005,2026-07-03,6,Friday,1,7,2026-2027,P
1495,STU000045,2023010045,SUB0050,Software Engineering,FAC005,2026-07-03,6,Friday,1,7,2026-2027,P
1496,STU000046,2023010046,SUB0050,Software Engineering,FAC005,2026-07-03,6,Friday,1,7,2026-2027,P
1497,STU000047,2023010047,SUB0050,Software Engineering,FAC005,2026-07-03,6,Friday,1,7,2026-2027,P
1498,STU000048,2023010048,SUB0050,Software Engineering,FAC005,2026-07-03,6,Friday,1,7,2026-2027,A
1499,STU000049,2023010049,SUB0050,Software Engineering,FAC005,2026-07-03,6,Friday,1,7,2026-2027,P
1500,STU000050,2023010050,SUB0050,Software Engineering,FAC005,2026-07-03,6,Friday,1,7,2026-2027,P
1501,STU000001,2023010001,SUB0051,Human Computer Interaction,FAC006,2026-07-06,5,Monday,1,7,2026-2027,P
1502,STU000002,2023010002,SUB0051,Human Computer Interaction,FAC006,2026-07-06,5,Monday,1,7,2026-2027,P
1503,STU000003,2023010003,SUB0051,Human Computer Interaction,FAC006,2026-07-06,5,Monday,1,7,2026-2027,P
1504,STU000004,2023010004,SUB0051,Human Computer Interaction,FAC006,2026-07-06,5,Monday,1,7,2026-2027,P
1505,STU000005,2023010005,SUB0051,Human Computer Interaction,FAC006,2026-07-06,5,Monday,1,7,2026-2027,P
1506,STU000006,2023010006,SUB0051,Human Computer Interaction,FAC006,2026-07-06,5,Monday,1,7,2026-2027,P
1507,STU000007,2023010007,SUB0051,Human Computer Interaction,FAC006,2026-07-06,5,Monday,1,7,2026-2027,P
1508,STU000008,2023010008,SUB0051,Human Computer Interaction,FAC006,2026-07-06,5,Monday,1,7,2026-2027,P
1509,STU000009,2023010009,SUB0051,Human Computer Interaction,FAC006,2026-07-06,5,Monday,1,7,2026-2027,P
1510,STU000010,2023010010,SUB0051,Human Computer Interaction,FAC006,2026-07-06,5,Monday,1,7,2026-2027,P
1511,STU000011,2023010011,SUB0051,Human Computer Interaction,FAC006,2026-07-06,5,Monday,1,7,2026-2027,P
1512,STU000012,2023010012,SUB0051,Human Computer Interaction,FAC006,2026-07-06,5,Monday,1,7,2026-2027,P
1513,STU000013,2023010013,SUB0051,Human Computer Interaction,FAC006,2026-07-06,5,Monday,1,7,2026-2027,P
1514,STU000014,2023010014,SUB0051,Human Computer Interaction,FAC006,2026-07-06,5,Monday,1,7,2026-2027,P
1515,STU000015,2023010015,SUB0051,Human Computer Interaction,FAC006,2026-07-06,5,Monday,1,7,2026-2027,P
1516,STU000016,2023010016,SUB0051,Human Computer Interaction,FAC006,2026-07-06,5,Monday,1,7,2026-2027,P
1517,STU000017,2023010017,SUB0051,Human Computer Interaction,FAC006,2026-07-06,5,Monday,1,7,2026-2027,A
1518,STU000018,2023010018,SUB0051,Human Computer Interaction,FAC006,2026-07-06,5,Monday,1,7,2026-2027,P
1519,STU000019,2023010019,SUB0051,Human Computer Interaction,FAC006,2026-07-06,5,Monday,1,7,2026-2027,P
1520,STU000020,2023010020,SUB0051,Human Computer Interaction,FAC006,2026-07-06,5,Monday,1,7,2026-2027,P
1521,STU000021,2023010021,SUB0051,Human Computer Interaction,FAC006,2026-07-06,5,Monday,1,7,2026-2027,P
1522,STU000022,2023010022,SUB0051,Human Computer Interaction,FAC006,2026-07-06,5,Monday,1,7,2026-2027,P
1523,STU000023,2023010023,SUB0051,Human Computer Interaction,FAC006,2026-07-06,5,Monday,1,7,2026-2027,P
1524,STU000024,2023010024,SUB0051,Human Computer Interaction,FAC006,2026-07-06,5,Monday,1,7,2026-2027,P
1525,STU000025,2023010025,SUB0051,Human Computer Interaction,FAC006,2026-07-06,5,Monday,1,7,2026-2027,P
1526,STU000026,2023010026,SUB0051,Human Computer Interaction,FAC006,2026-07-06,5,Monday,1,7,2026-2027,P
1527,STU000027,2023010027,SUB0051,Human Computer Interaction,FAC006,2026-07-06,5,Monday,1,7,2026-2027,A
1528,STU000028,2023010028,SUB0051,Human Computer Interaction,FAC006,2026-07-06,5,Monday,1,7,2026-2027,P
1529,STU000029,2023010029,SUB0051,Human Computer Interaction,FAC006,2026-07-06,5,Monday,1,7,2026-2027,P
1530,STU000030,2023010030,SUB0051,Human Computer Interaction,FAC006,2026-07-06,5,Monday,1,7,2026-2027,P
1531,STU000031,2023010031,SUB0051,Human Computer Interaction,FAC006,2026-07-06,5,Monday,1,7,2026-2027,P
1532,STU000032,2023010032,SUB0051,Human Computer Interaction,FAC006,2026-07-06,5,Monday,1,7,2026-2027,P
1533,STU000033,2023010033,SUB0051,Human Computer Interaction,FAC006,2026-07-06,5,Monday,1,7,2026-2027,P
1534,STU000034,2023010034,SUB0051,Human Computer Interaction,FAC006,2026-07-06,5,Monday,1,7,2026-2027,A
1535,STU000035,2023010035,SUB0051,Human Computer Interaction,FAC006,2026-07-06,5,Monday,1,7,2026-2027,P
1536,STU000036,2023010036,SUB0051,Human Computer Interaction,FAC006,2026-07-06,5,Monday,1,7,2026-2027,P
1537,STU000037,2023010037,SUB0051,Human Computer Interaction,FAC006,2026-07-06,5,Monday,1,7,2026-2027,P
1538,STU000038,2023010038,SUB0051,Human Computer Interaction,FAC006,2026-07-06,5,Monday,1,7,2026-2027,P
1539,STU000039,2023010039,SUB0051,Human Computer Interaction,FAC006,2026-07-06,5,Monday,1,7,2026-2027,P
1540,STU000040,2023010040,SUB0051,Human Computer Interaction,FAC006,2026-07-06,5,Monday,1,7,2026-2027,P
1541,STU000041,2023010041,SUB0051,Human Computer Interaction,FAC006,2026-07-06,5,Monday,1,7,2026-2027,P
1542,STU000042,2023010042,SUB0051,Human Computer Interaction,FAC006,2026-07-06,5,Monday,1,7,2026-2027,P
1543,STU000043,2023010043,SUB0051,Human Computer Interaction,FAC006,2026-07-06,5,Monday,1,7,2026-2027,P
1544,STU000044,2023010044,SUB0051,Human Computer Interaction,FAC006,2026-07-06,5,Monday,1,7,2026-2027,A
1545,STU000045,2023010045,SUB0051,Human Computer Interaction,FAC006,2026-07-06,5,Monday,1,7,2026-2027,P
1546,STU000046,2023010046,SUB0051,Human Computer Interaction,FAC006,2026-07-06,5,Monday,1,7,2026-2027,P
1547,STU000047,2023010047,SUB0051,Human Computer Interaction,FAC006,2026-07-06,5,Monday,1,7,2026-2027,P
1548,STU000048,2023010048,SUB0051,Human Computer Interaction,FAC006,2026-07-06,5,Monday,1,7,2026-2027,P
1549,STU000049,2023010049,SUB0051,Human Computer Interaction,FAC006,2026-07-06,5,Monday,1,7,2026-2027,P
1550,STU000050,2023010050,SUB0051,Human Computer Interaction,FAC006,2026-07-06,5,Monday,1,7,2026-2027,P
1551,STU000001,2023010001,SUB0050,Software Engineering,FAC005,2026-07-06,7,Monday,1,7,2026-2027,P
1552,STU000001,2023010001,SUB0053,Deep Learning,FAC008,2026-07-06,7,Monday,1,7,2026-2027,P
1553,STU000002,2023010002,SUB0050,Software Engineering,FAC005,2026-07-06,7,Monday,1,7,2026-2027,P
1554,STU000002,2023010002,SUB0053,Deep Learning,FAC008,2026-07-06,7,Monday,1,7,2026-2027,P
1555,STU000003,2023010003,SUB0050,Software Engineering,FAC005,2026-07-06,7,Monday,1,7,2026-2027,P
1556,STU000003,2023010003,SUB0053,Deep Learning,FAC008,2026-07-06,7,Monday,1,7,2026-2027,A
1557,STU000004,2023010004,SUB0050,Software Engineering,FAC005,2026-07-06,7,Monday,1,7,2026-2027,P
1558,STU000004,2023010004,SUB0053,Deep Learning,FAC008,2026-07-06,7,Monday,1,7,2026-2027,P
1559,STU000005,2023010005,SUB0050,Software Engineering,FAC005,2026-07-06,7,Monday,1,7,2026-2027,P
1560,STU000005,2023010005,SUB0053,Deep Learning,FAC008,2026-07-06,7,Monday,1,7,2026-2027,P
1561,STU000006,2023010006,SUB0050,Software Engineering,FAC005,2026-07-06,7,Monday,1,7,2026-2027,A
1562,STU000006,2023010006,SUB0053,Deep Learning,FAC008,2026-07-06,7,Monday,1,7,2026-2027,P
1563,STU000007,2023010007,SUB0050,Software Engineering,FAC005,2026-07-06,7,Monday,1,7,2026-2027,P
1564,STU000007,2023010007,SUB0053,Deep Learning,FAC008,2026-07-06,7,Monday,1,7,2026-2027,P
1565,STU000008,2023010008,SUB0050,Software Engineering,FAC005,2026-07-06,7,Monday,1,7,2026-2027,P
1566,STU000008,2023010008,SUB0053,Deep Learning,FAC008,2026-07-06,7,Monday,1,7,2026-2027,P
1567,STU000009,2023010009,SUB0050,Software Engineering,FAC005,2026-07-06,7,Monday,1,7,2026-2027,P
1568,STU000009,2023010009,SUB0053,Deep Learning,FAC008,2026-07-06,7,Monday,1,7,2026-2027,P
1569,STU000010,2023010010,SUB0050,Software Engineering,FAC005,2026-07-06,7,Monday,1,7,2026-2027,P
1570,STU000010,2023010010,SUB0053,Deep Learning,FAC008,2026-07-06,7,Monday,1,7,2026-2027,P
1571,STU000011,2023010011,SUB0050,Software Engineering,FAC005,2026-07-06,7,Monday,1,7,2026-2027,P
1572,STU000011,2023010011,SUB0053,Deep Learning,FAC008,2026-07-06,7,Monday,1,7,2026-2027,P
1573,STU000012,2023010012,SUB0050,Software Engineering,FAC005,2026-07-06,7,Monday,1,7,2026-2027,P
1574,STU000012,2023010012,SUB0053,Deep Learning,FAC008,2026-07-06,7,Monday,1,7,2026-2027,P
1575,STU000013,2023010013,SUB0050,Software Engineering,FAC005,2026-07-06,7,Monday,1,7,2026-2027,P
1576,STU000013,2023010013,SUB0053,Deep Learning,FAC008,2026-07-06,7,Monday,1,7,2026-2027,P
1577,STU000014,2023010014,SUB0050,Software Engineering,FAC005,2026-07-06,7,Monday,1,7,2026-2027,P
1578,STU000014,2023010014,SUB0053,Deep Learning,FAC008,2026-07-06,7,Monday,1,7,2026-2027,A
1579,STU000015,2023010015,SUB0050,Software Engineering,FAC005,2026-07-06,7,Monday,1,7,2026-2027,P
1580,STU000015,2023010015,SUB0053,Deep Learning,FAC008,2026-07-06,7,Monday,1,7,2026-2027,P
1581,STU000016,2023010016,SUB0050,Software Engineering,FAC005,2026-07-06,7,Monday,1,7,2026-2027,P
1582,STU000016,2023010016,SUB0053,Deep Learning,FAC008,2026-07-06,7,Monday,1,7,2026-2027,P
1583,STU000017,2023010017,SUB0050,Software Engineering,FAC005,2026-07-06,7,Monday,1,7,2026-2027,A
1584,STU000017,2023010017,SUB0053,Deep Learning,FAC008,2026-07-06,7,Monday,1,7,2026-2027,P
1585,STU000018,2023010018,SUB0050,Software Engineering,FAC005,2026-07-06,7,Monday,1,7,2026-2027,P
1586,STU000018,2023010018,SUB0053,Deep Learning,FAC008,2026-07-06,7,Monday,1,7,2026-2027,P
1587,STU000019,2023010019,SUB0050,Software Engineering,FAC005,2026-07-06,7,Monday,1,7,2026-2027,P
1588,STU000019,2023010019,SUB0053,Deep Learning,FAC008,2026-07-06,7,Monday,1,7,2026-2027,P
1589,STU000020,2023010020,SUB0050,Software Engineering,FAC005,2026-07-06,7,Monday,1,7,2026-2027,P
1590,STU000020,2023010020,SUB0053,Deep Learning,FAC008,2026-07-06,7,Monday,1,7,2026-2027,P
1591,STU000021,2023010021,SUB0050,Software Engineering,FAC005,2026-07-06,7,Monday,1,7,2026-2027,P
1592,STU000021,2023010021,SUB0053,Deep Learning,FAC008,2026-07-06,7,Monday,1,7,2026-2027,A
1593,STU000022,2023010022,SUB0050,Software Engineering,FAC005,2026-07-06,7,Monday,1,7,2026-2027,P
1594,STU000022,2023010022,SUB0053,Deep Learning,FAC008,2026-07-06,7,Monday,1,7,2026-2027,P
1595,STU000023,2023010023,SUB0050,Software Engineering,FAC005,2026-07-06,7,Monday,1,7,2026-2027,P
1596,STU000023,2023010023,SUB0053,Deep Learning,FAC008,2026-07-06,7,Monday,1,7,2026-2027,P
1597,STU000024,2023010024,SUB0050,Software Engineering,FAC005,2026-07-06,7,Monday,1,7,2026-2027,A
1598,STU000024,2023010024,SUB0053,Deep Learning,FAC008,2026-07-06,7,Monday,1,7,2026-2027,P
1599,STU000025,2023010025,SUB0050,Software Engineering,FAC005,2026-07-06,7,Monday,1,7,2026-2027,P
1600,STU000025,2023010025,SUB0053,Deep Learning,FAC008,2026-07-06,7,Monday,1,7,2026-2027,P
1601,STU000026,2023010026,SUB0050,Software Engineering,FAC005,2026-07-06,7,Monday,1,7,2026-2027,P
1602,STU000026,2023010026,SUB0053,Deep Learning,FAC008,2026-07-06,7,Monday,1,7,2026-2027,P
1603,STU000027,2023010027,SUB0050,Software Engineering,FAC005,2026-07-06,7,Monday,1,7,2026-2027,P
1604,STU000027,2023010027,SUB0053,Deep Learning,FAC008,2026-07-06,7,Monday,1,7,2026-2027,P
1605,STU000028,2023010028,SUB0050,Software Engineering,FAC005,2026-07-06,7,Monday,1,7,2026-2027,P
1606,STU000028,2023010028,SUB0053,Deep Learning,FAC008,2026-07-06,7,Monday,1,7,2026-2027,A
1607,STU000029,2023010029,SUB0050,Software Engineering,FAC005,2026-07-06,7,Monday,1,7,2026-2027,P
1608,STU000029,2023010029,SUB0053,Deep Learning,FAC008,2026-07-06,7,Monday,1,7,2026-2027,P
1609,STU000030,2023010030,SUB0050,Software Engineering,FAC005,2026-07-06,7,Monday,1,7,2026-2027,P
1610,STU000030,2023010030,SUB0053,Deep Learning,FAC008,2026-07-06,7,Monday,1,7,2026-2027,P
1611,STU000031,2023010031,SUB0050,Software Engineering,FAC005,2026-07-06,7,Monday,1,7,2026-2027,A
1612,STU000031,2023010031,SUB0053,Deep Learning,FAC008,2026-07-06,7,Monday,1,7,2026-2027,P
1613,STU000032,2023010032,SUB0050,Software Engineering,FAC005,2026-07-06,7,Monday,1,7,2026-2027,P
1614,STU000032,2023010032,SUB0053,Deep Learning,FAC008,2026-07-06,7,Monday,1,7,2026-2027,P
1615,STU000033,2023010033,SUB0050,Software Engineering,FAC005,2026-07-06,7,Monday,1,7,2026-2027,P
1616,STU000033,2023010033,SUB0053,Deep Learning,FAC008,2026-07-06,7,Monday,1,7,2026-2027,P
1617,STU000034,2023010034,SUB0050,Software Engineering,FAC005,2026-07-06,7,Monday,1,7,2026-2027,P
1618,STU000034,2023010034,SUB0053,Deep Learning,FAC008,2026-07-06,7,Monday,1,7,2026-2027,P
1619,STU000035,2023010035,SUB0050,Software Engineering,FAC005,2026-07-06,7,Monday,1,7,2026-2027,P
1620,STU000035,2023010035,SUB0053,Deep Learning,FAC008,2026-07-06,7,Monday,1,7,2026-2027,P
1621,STU000036,2023010036,SUB0050,Software Engineering,FAC005,2026-07-06,7,Monday,1,7,2026-2027,P
1622,STU000036,2023010036,SUB0053,Deep Learning,FAC008,2026-07-06,7,Monday,1,7,2026-2027,P
1623,STU000037,2023010037,SUB0050,Software Engineering,FAC005,2026-07-06,7,Monday,1,7,2026-2027,P
1624,STU000037,2023010037,SUB0053,Deep Learning,FAC008,2026-07-06,7,Monday,1,7,2026-2027,P
1625,STU000038,2023010038,SUB0050,Software Engineering,FAC005,2026-07-06,7,Monday,1,7,2026-2027,P
1626,STU000038,2023010038,SUB0053,Deep Learning,FAC008,2026-07-06,7,Monday,1,7,2026-2027,P
1627,STU000039,2023010039,SUB0050,Software Engineering,FAC005,2026-07-06,7,Monday,1,7,2026-2027,P
1628,STU000039,2023010039,SUB0053,Deep Learning,FAC008,2026-07-06,7,Monday,1,7,2026-2027,A
1629,STU000040,2023010040,SUB0050,Software Engineering,FAC005,2026-07-06,7,Monday,1,7,2026-2027,P
1630,STU000040,2023010040,SUB0053,Deep Learning,FAC008,2026-07-06,7,Monday,1,7,2026-2027,P
1631,STU000041,2023010041,SUB0050,Software Engineering,FAC005,2026-07-06,7,Monday,1,7,2026-2027,P
1632,STU000041,2023010041,SUB0053,Deep Learning,FAC008,2026-07-06,7,Monday,1,7,2026-2027,P
1633,STU000042,2023010042,SUB0050,Software Engineering,FAC005,2026-07-06,7,Monday,1,7,2026-2027,P
1634,STU000042,2023010042,SUB0053,Deep Learning,FAC008,2026-07-06,7,Monday,1,7,2026-2027,P
1635,STU000043,2023010043,SUB0050,Software Engineering,FAC005,2026-07-06,7,Monday,1,7,2026-2027,P
1636,STU000043,2023010043,SUB0053,Deep Learning,FAC008,2026-07-06,7,Monday,1,7,2026-2027,P
1637,STU000044,2023010044,SUB0050,Software Engineering,FAC005,2026-07-06,7,Monday,1,7,2026-2027,P
1638,STU000044,2023010044,SUB0053,Deep Learning,FAC008,2026-07-06,7,Monday,1,7,2026-2027,P
1639,STU000045,2023010045,SUB0050,Software Engineering,FAC005,2026-07-06,7,Monday,1,7,2026-2027,P
1640,STU000045,2023010045,SUB0053,Deep Learning,FAC008,2026-07-06,7,Monday,1,7,2026-2027,P
1641,STU000046,2023010046,SUB0050,Software Engineering,FAC005,2026-07-06,7,Monday,1,7,2026-2027,P
1642,STU000046,2023010046,SUB0053,Deep Learning,FAC008,2026-07-06,7,Monday,1,7,2026-2027,A
1643,STU000047,2023010047,SUB0050,Software Engineering,FAC005,2026-07-06,7,Monday,1,7,2026-2027,P
1644,STU000047,2023010047,SUB0053,Deep Learning,FAC008,2026-07-06,7,Monday,1,7,2026-2027,P
1645,STU000048,2023010048,SUB0050,Software Engineering,FAC005,2026-07-06,7,Monday,1,7,2026-2027,P
1646,STU000048,2023010048,SUB0053,Deep Learning,FAC008,2026-07-06,7,Monday,1,7,2026-2027,P
1647,STU000049,2023010049,SUB0050,Software Engineering,FAC005,2026-07-06,7,Monday,1,7,2026-2027,A
1648,STU000049,2023010049,SUB0053,Deep Learning,FAC008,2026-07-06,7,Monday,1,7,2026-2027,P
1649,STU000050,2023010050,SUB0050,Software Engineering,FAC005,2026-07-06,7,Monday,1,7,2026-2027,P
1650,STU000050,2023010050,SUB0053,Deep Learning,FAC008,2026-07-06,7,Monday,1,7,2026-2027,P
1651,STU000001,2023010001,SUB0052,"Innovation, Start-up & Entrepreneurship",FAC007,2026-07-07,3,Tuesday,1,7,2026-2027,P
1652,STU000002,2023010002,SUB0052,"Innovation, Start-up & Entrepreneurship",FAC007,2026-07-07,3,Tuesday,1,7,2026-2027,P
1653,STU000003,2023010003,SUB0052,"Innovation, Start-up & Entrepreneurship",FAC007,2026-07-07,3,Tuesday,1,7,2026-2027,P
1654,STU000004,2023010004,SUB0052,"Innovation, Start-up & Entrepreneurship",FAC007,2026-07-07,3,Tuesday,1,7,2026-2027,P
1655,STU000005,2023010005,SUB0052,"Innovation, Start-up & Entrepreneurship",FAC007,2026-07-07,3,Tuesday,1,7,2026-2027,P
1656,STU000006,2023010006,SUB0052,"Innovation, Start-up & Entrepreneurship",FAC007,2026-07-07,3,Tuesday,1,7,2026-2027,A
1657,STU000007,2023010007,SUB0052,"Innovation, Start-up & Entrepreneurship",FAC007,2026-07-07,3,Tuesday,1,7,2026-2027,P
1658,STU000008,2023010008,SUB0052,"Innovation, Start-up & Entrepreneurship",FAC007,2026-07-07,3,Tuesday,1,7,2026-2027,P
1659,STU000009,2023010009,SUB0052,"Innovation, Start-up & Entrepreneurship",FAC007,2026-07-07,3,Tuesday,1,7,2026-2027,P
1660,STU000010,2023010010,SUB0052,"Innovation, Start-up & Entrepreneurship",FAC007,2026-07-07,3,Tuesday,1,7,2026-2027,P
1661,STU000011,2023010011,SUB0052,"Innovation, Start-up & Entrepreneurship",FAC007,2026-07-07,3,Tuesday,1,7,2026-2027,P
1662,STU000012,2023010012,SUB0052,"Innovation, Start-up & Entrepreneurship",FAC007,2026-07-07,3,Tuesday,1,7,2026-2027,P
1663,STU000013,2023010013,SUB0052,"Innovation, Start-up & Entrepreneurship",FAC007,2026-07-07,3,Tuesday,1,7,2026-2027,P
1664,STU000014,2023010014,SUB0052,"Innovation, Start-up & Entrepreneurship",FAC007,2026-07-07,3,Tuesday,1,7,2026-2027,A
1665,STU000015,2023010015,SUB0052,"Innovation, Start-up & Entrepreneurship",FAC007,2026-07-07,3,Tuesday,1,7,2026-2027,P
1666,STU000016,2023010016,SUB0052,"Innovation, Start-up & Entrepreneurship",FAC007,2026-07-07,3,Tuesday,1,7,2026-2027,P
1667,STU000017,2023010017,SUB0052,"Innovation, Start-up & Entrepreneurship",FAC007,2026-07-07,3,Tuesday,1,7,2026-2027,P
1668,STU000018,2023010018,SUB0052,"Innovation, Start-up & Entrepreneurship",FAC007,2026-07-07,3,Tuesday,1,7,2026-2027,P
1669,STU000019,2023010019,SUB0052,"Innovation, Start-up & Entrepreneurship",FAC007,2026-07-07,3,Tuesday,1,7,2026-2027,P
1670,STU000020,2023010020,SUB0052,"Innovation, Start-up & Entrepreneurship",FAC007,2026-07-07,3,Tuesday,1,7,2026-2027,P
1671,STU000021,2023010021,SUB0052,"Innovation, Start-up & Entrepreneurship",FAC007,2026-07-07,3,Tuesday,1,7,2026-2027,P
1672,STU000022,2023010022,SUB0052,"Innovation, Start-up & Entrepreneurship",FAC007,2026-07-07,3,Tuesday,1,7,2026-2027,A
1673,STU000023,2023010023,SUB0052,"Innovation, Start-up & Entrepreneurship",FAC007,2026-07-07,3,Tuesday,1,7,2026-2027,P
1674,STU000024,2023010024,SUB0052,"Innovation, Start-up & Entrepreneurship",FAC007,2026-07-07,3,Tuesday,1,7,2026-2027,P
1675,STU000025,2023010025,SUB0052,"Innovation, Start-up & Entrepreneurship",FAC007,2026-07-07,3,Tuesday,1,7,2026-2027,P
1676,STU000026,2023010026,SUB0052,"Innovation, Start-up & Entrepreneurship",FAC007,2026-07-07,3,Tuesday,1,7,2026-2027,P
1677,STU000027,2023010027,SUB0052,"Innovation, Start-up & Entrepreneurship",FAC007,2026-07-07,3,Tuesday,1,7,2026-2027,P
1678,STU000028,2023010028,SUB0052,"Innovation, Start-up & Entrepreneurship",FAC007,2026-07-07,3,Tuesday,1,7,2026-2027,P
1679,STU000029,2023010029,SUB0052,"Innovation, Start-up & Entrepreneurship",FAC007,2026-07-07,3,Tuesday,1,7,2026-2027,P
1680,STU000030,2023010030,SUB0052,"Innovation, Start-up & Entrepreneurship",FAC007,2026-07-07,3,Tuesday,1,7,2026-2027,A
1681,STU000031,2023010031,SUB0052,"Innovation, Start-up & Entrepreneurship",FAC007,2026-07-07,3,Tuesday,1,7,2026-2027,P
1682,STU000032,2023010032,SUB0052,"Innovation, Start-up & Entrepreneurship",FAC007,2026-07-07,3,Tuesday,1,7,2026-2027,A
1683,STU000033,2023010033,SUB0052,"Innovation, Start-up & Entrepreneurship",FAC007,2026-07-07,3,Tuesday,1,7,2026-2027,P
1684,STU000034,2023010034,SUB0052,"Innovation, Start-up & Entrepreneurship",FAC007,2026-07-07,3,Tuesday,1,7,2026-2027,P
1685,STU000035,2023010035,SUB0052,"Innovation, Start-up & Entrepreneurship",FAC007,2026-07-07,3,Tuesday,1,7,2026-2027,P
1686,STU000036,2023010036,SUB0052,"Innovation, Start-up & Entrepreneurship",FAC007,2026-07-07,3,Tuesday,1,7,2026-2027,P
1687,STU000037,2023010037,SUB0052,"Innovation, Start-up & Entrepreneurship",FAC007,2026-07-07,3,Tuesday,1,7,2026-2027,P
1688,STU000038,2023010038,SUB0052,"Innovation, Start-up & Entrepreneurship",FAC007,2026-07-07,3,Tuesday,1,7,2026-2027,A
1689,STU000039,2023010039,SUB0052,"Innovation, Start-up & Entrepreneurship",FAC007,2026-07-07,3,Tuesday,1,7,2026-2027,P
1690,STU000040,2023010040,SUB0052,"Innovation, Start-up & Entrepreneurship",FAC007,2026-07-07,3,Tuesday,1,7,2026-2027,P
1691,STU000041,2023010041,SUB0052,"Innovation, Start-up & Entrepreneurship",FAC007,2026-07-07,3,Tuesday,1,7,2026-2027,A
1692,STU000042,2023010042,SUB0052,"Innovation, Start-up & Entrepreneurship",FAC007,2026-07-07,3,Tuesday,1,7,2026-2027,P
1693,STU000043,2023010043,SUB0052,"Innovation, Start-up & Entrepreneurship",FAC007,2026-07-07,3,Tuesday,1,7,2026-2027,P
1694,STU000044,2023010044,SUB0052,"Innovation, Start-up & Entrepreneurship",FAC007,2026-07-07,3,Tuesday,1,7,2026-2027,P
1695,STU000045,2023010045,SUB0052,"Innovation, Start-up & Entrepreneurship",FAC007,2026-07-07,3,Tuesday,1,7,2026-2027,P
1696,STU000046,2023010046,SUB0052,"Innovation, Start-up & Entrepreneurship",FAC007,2026-07-07,3,Tuesday,1,7,2026-2027,A
1697,STU000047,2023010047,SUB0052,"Innovation, Start-up & Entrepreneurship",FAC007,2026-07-07,3,Tuesday,1,7,2026-2027,P
1698,STU000048,2023010048,SUB0052,"Innovation, Start-up & Entrepreneurship",FAC007,2026-07-07,3,Tuesday,1,7,2026-2027,P
1699,STU000049,2023010049,SUB0052,"Innovation, Start-up & Entrepreneurship",FAC007,2026-07-07,3,Tuesday,1,7,2026-2027,P
1700,STU000050,2023010050,SUB0052,"Innovation, Start-up & Entrepreneurship",FAC007,2026-07-07,3,Tuesday,1,7,2026-2027,P
1701,STU000001,2023010001,SUB0054,Natural Language Processing,FAC009,2026-07-07,5,Tuesday,1,7,2026-2027,P
1702,STU000002,2023010002,SUB0054,Natural Language Processing,FAC009,2026-07-07,5,Tuesday,1,7,2026-2027,P
1703,STU000003,2023010003,SUB0054,Natural Language Processing,FAC009,2026-07-07,5,Tuesday,1,7,2026-2027,P
1704,STU000004,2023010004,SUB0054,Natural Language Processing,FAC009,2026-07-07,5,Tuesday,1,7,2026-2027,P
1705,STU000005,2023010005,SUB0054,Natural Language Processing,FAC009,2026-07-07,5,Tuesday,1,7,2026-2027,P
1706,STU000006,2023010006,SUB0054,Natural Language Processing,FAC009,2026-07-07,5,Tuesday,1,7,2026-2027,P
1707,STU000007,2023010007,SUB0054,Natural Language Processing,FAC009,2026-07-07,5,Tuesday,1,7,2026-2027,P
1708,STU000008,2023010008,SUB0054,Natural Language Processing,FAC009,2026-07-07,5,Tuesday,1,7,2026-2027,P
1709,STU000009,2023010009,SUB0054,Natural Language Processing,FAC009,2026-07-07,5,Tuesday,1,7,2026-2027,P
1710,STU000010,2023010010,SUB0054,Natural Language Processing,FAC009,2026-07-07,5,Tuesday,1,7,2026-2027,P
1711,STU000011,2023010011,SUB0054,Natural Language Processing,FAC009,2026-07-07,5,Tuesday,1,7,2026-2027,P
1712,STU000012,2023010012,SUB0054,Natural Language Processing,FAC009,2026-07-07,5,Tuesday,1,7,2026-2027,P
1713,STU000013,2023010013,SUB0054,Natural Language Processing,FAC009,2026-07-07,5,Tuesday,1,7,2026-2027,P
1714,STU000014,2023010014,SUB0054,Natural Language Processing,FAC009,2026-07-07,5,Tuesday,1,7,2026-2027,A
1715,STU000015,2023010015,SUB0054,Natural Language Processing,FAC009,2026-07-07,5,Tuesday,1,7,2026-2027,P
1716,STU000016,2023010016,SUB0054,Natural Language Processing,FAC009,2026-07-07,5,Tuesday,1,7,2026-2027,P
1717,STU000017,2023010017,SUB0054,Natural Language Processing,FAC009,2026-07-07,5,Tuesday,1,7,2026-2027,P
1718,STU000018,2023010018,SUB0054,Natural Language Processing,FAC009,2026-07-07,5,Tuesday,1,7,2026-2027,P
1719,STU000019,2023010019,SUB0054,Natural Language Processing,FAC009,2026-07-07,5,Tuesday,1,7,2026-2027,P
1720,STU000020,2023010020,SUB0054,Natural Language Processing,FAC009,2026-07-07,5,Tuesday,1,7,2026-2027,P
1721,STU000021,2023010021,SUB0054,Natural Language Processing,FAC009,2026-07-07,5,Tuesday,1,7,2026-2027,P
1722,STU000022,2023010022,SUB0054,Natural Language Processing,FAC009,2026-07-07,5,Tuesday,1,7,2026-2027,P
1723,STU000023,2023010023,SUB0054,Natural Language Processing,FAC009,2026-07-07,5,Tuesday,1,7,2026-2027,P
1724,STU000024,2023010024,SUB0054,Natural Language Processing,FAC009,2026-07-07,5,Tuesday,1,7,2026-2027,P
1725,STU000025,2023010025,SUB0054,Natural Language Processing,FAC009,2026-07-07,5,Tuesday,1,7,2026-2027,P
1726,STU000026,2023010026,SUB0054,Natural Language Processing,FAC009,2026-07-07,5,Tuesday,1,7,2026-2027,P
1727,STU000027,2023010027,SUB0054,Natural Language Processing,FAC009,2026-07-07,5,Tuesday,1,7,2026-2027,P
1728,STU000028,2023010028,SUB0054,Natural Language Processing,FAC009,2026-07-07,5,Tuesday,1,7,2026-2027,P
1729,STU000029,2023010029,SUB0054,Natural Language Processing,FAC009,2026-07-07,5,Tuesday,1,7,2026-2027,P
1730,STU000030,2023010030,SUB0054,Natural Language Processing,FAC009,2026-07-07,5,Tuesday,1,7,2026-2027,A
1731,STU000031,2023010031,SUB0054,Natural Language Processing,FAC009,2026-07-07,5,Tuesday,1,7,2026-2027,P
1732,STU000032,2023010032,SUB0054,Natural Language Processing,FAC009,2026-07-07,5,Tuesday,1,7,2026-2027,P
1733,STU000033,2023010033,SUB0054,Natural Language Processing,FAC009,2026-07-07,5,Tuesday,1,7,2026-2027,P
1734,STU000034,2023010034,SUB0054,Natural Language Processing,FAC009,2026-07-07,5,Tuesday,1,7,2026-2027,P
1735,STU000035,2023010035,SUB0054,Natural Language Processing,FAC009,2026-07-07,5,Tuesday,1,7,2026-2027,P
1736,STU000036,2023010036,SUB0054,Natural Language Processing,FAC009,2026-07-07,5,Tuesday,1,7,2026-2027,P
1737,STU000037,2023010037,SUB0054,Natural Language Processing,FAC009,2026-07-07,5,Tuesday,1,7,2026-2027,P
1738,STU000038,2023010038,SUB0054,Natural Language Processing,FAC009,2026-07-07,5,Tuesday,1,7,2026-2027,P
1739,STU000039,2023010039,SUB0054,Natural Language Processing,FAC009,2026-07-07,5,Tuesday,1,7,2026-2027,A
1740,STU000040,2023010040,SUB0054,Natural Language Processing,FAC009,2026-07-07,5,Tuesday,1,7,2026-2027,P
1741,STU000041,2023010041,SUB0054,Natural Language Processing,FAC009,2026-07-07,5,Tuesday,1,7,2026-2027,P
1742,STU000042,2023010042,SUB0054,Natural Language Processing,FAC009,2026-07-07,5,Tuesday,1,7,2026-2027,P
1743,STU000043,2023010043,SUB0054,Natural Language Processing,FAC009,2026-07-07,5,Tuesday,1,7,2026-2027,P
1744,STU000044,2023010044,SUB0054,Natural Language Processing,FAC009,2026-07-07,5,Tuesday,1,7,2026-2027,P
1745,STU000045,2023010045,SUB0054,Natural Language Processing,FAC009,2026-07-07,5,Tuesday,1,7,2026-2027,P
1746,STU000046,2023010046,SUB0054,Natural Language Processing,FAC009,2026-07-07,5,Tuesday,1,7,2026-2027,A
1747,STU000047,2023010047,SUB0054,Natural Language Processing,FAC009,2026-07-07,5,Tuesday,1,7,2026-2027,P
1748,STU000048,2023010048,SUB0054,Natural Language Processing,FAC009,2026-07-07,5,Tuesday,1,7,2026-2027,P
1749,STU000049,2023010049,SUB0054,Natural Language Processing,FAC009,2026-07-07,5,Tuesday,1,7,2026-2027,P
1750,STU000050,2023010050,SUB0054,Natural Language Processing,FAC009,2026-07-07,5,Tuesday,1,7,2026-2027,A
1751,STU000001,2023010001,SUB0053,Deep Learning,FAC008,2026-07-07,8,Tuesday,1,7,2026-2027,P
1752,STU000002,2023010002,SUB0053,Deep Learning,FAC008,2026-07-07,8,Tuesday,1,7,2026-2027,P
1753,STU000003,2023010003,SUB0053,Deep Learning,FAC008,2026-07-07,8,Tuesday,1,7,2026-2027,P
1754,STU000004,2023010004,SUB0053,Deep Learning,FAC008,2026-07-07,8,Tuesday,1,7,2026-2027,A
1755,STU000005,2023010005,SUB0053,Deep Learning,FAC008,2026-07-07,8,Tuesday,1,7,2026-2027,P
1756,STU000006,2023010006,SUB0053,Deep Learning,FAC008,2026-07-07,8,Tuesday,1,7,2026-2027,P
1757,STU000007,2023010007,SUB0053,Deep Learning,FAC008,2026-07-07,8,Tuesday,1,7,2026-2027,P
1758,STU000008,2023010008,SUB0053,Deep Learning,FAC008,2026-07-07,8,Tuesday,1,7,2026-2027,A
1759,STU000009,2023010009,SUB0053,Deep Learning,FAC008,2026-07-07,8,Tuesday,1,7,2026-2027,P
1760,STU000010,2023010010,SUB0053,Deep Learning,FAC008,2026-07-07,8,Tuesday,1,7,2026-2027,P
1761,STU000011,2023010011,SUB0053,Deep Learning,FAC008,2026-07-07,8,Tuesday,1,7,2026-2027,P
1762,STU000012,2023010012,SUB0053,Deep Learning,FAC008,2026-07-07,8,Tuesday,1,7,2026-2027,P
1763,STU000013,2023010013,SUB0053,Deep Learning,FAC008,2026-07-07,8,Tuesday,1,7,2026-2027,P
1764,STU000014,2023010014,SUB0053,Deep Learning,FAC008,2026-07-07,8,Tuesday,1,7,2026-2027,P
1765,STU000015,2023010015,SUB0053,Deep Learning,FAC008,2026-07-07,8,Tuesday,1,7,2026-2027,A
1766,STU000016,2023010016,SUB0053,Deep Learning,FAC008,2026-07-07,8,Tuesday,1,7,2026-2027,P
1767,STU000017,2023010017,SUB0053,Deep Learning,FAC008,2026-07-07,8,Tuesday,1,7,2026-2027,P
1768,STU000018,2023010018,SUB0053,Deep Learning,FAC008,2026-07-07,8,Tuesday,1,7,2026-2027,P
1769,STU000019,2023010019,SUB0053,Deep Learning,FAC008,2026-07-07,8,Tuesday,1,7,2026-2027,P
1770,STU000020,2023010020,SUB0053,Deep Learning,FAC008,2026-07-07,8,Tuesday,1,7,2026-2027,P
1771,STU000021,2023010021,SUB0053,Deep Learning,FAC008,2026-07-07,8,Tuesday,1,7,2026-2027,P
1772,STU000022,2023010022,SUB0053,Deep Learning,FAC008,2026-07-07,8,Tuesday,1,7,2026-2027,A
1773,STU000023,2023010023,SUB0053,Deep Learning,FAC008,2026-07-07,8,Tuesday,1,7,2026-2027,P
1774,STU000024,2023010024,SUB0053,Deep Learning,FAC008,2026-07-07,8,Tuesday,1,7,2026-2027,P
1775,STU000025,2023010025,SUB0053,Deep Learning,FAC008,2026-07-07,8,Tuesday,1,7,2026-2027,P
1776,STU000026,2023010026,SUB0053,Deep Learning,FAC008,2026-07-07,8,Tuesday,1,7,2026-2027,P
1777,STU000027,2023010027,SUB0053,Deep Learning,FAC008,2026-07-07,8,Tuesday,1,7,2026-2027,P
1778,STU000028,2023010028,SUB0053,Deep Learning,FAC008,2026-07-07,8,Tuesday,1,7,2026-2027,P
1779,STU000029,2023010029,SUB0053,Deep Learning,FAC008,2026-07-07,8,Tuesday,1,7,2026-2027,A
1780,STU000030,2023010030,SUB0053,Deep Learning,FAC008,2026-07-07,8,Tuesday,1,7,2026-2027,P
1781,STU000031,2023010031,SUB0053,Deep Learning,FAC008,2026-07-07,8,Tuesday,1,7,2026-2027,P
1782,STU000032,2023010032,SUB0053,Deep Learning,FAC008,2026-07-07,8,Tuesday,1,7,2026-2027,P
1783,STU000033,2023010033,SUB0053,Deep Learning,FAC008,2026-07-07,8,Tuesday,1,7,2026-2027,P
1784,STU000034,2023010034,SUB0053,Deep Learning,FAC008,2026-07-07,8,Tuesday,1,7,2026-2027,P
1785,STU000035,2023010035,SUB0053,Deep Learning,FAC008,2026-07-07,8,Tuesday,1,7,2026-2027,P
1786,STU000036,2023010036,SUB0053,Deep Learning,FAC008,2026-07-07,8,Tuesday,1,7,2026-2027,P
1787,STU000037,2023010037,SUB0053,Deep Learning,FAC008,2026-07-07,8,Tuesday,1,7,2026-2027,P
1788,STU000038,2023010038,SUB0053,Deep Learning,FAC008,2026-07-07,8,Tuesday,1,7,2026-2027,P
1789,STU000039,2023010039,SUB0053,Deep Learning,FAC008,2026-07-07,8,Tuesday,1,7,2026-2027,P
1790,STU000040,2023010040,SUB0053,Deep Learning,FAC008,2026-07-07,8,Tuesday,1,7,2026-2027,P
1791,STU000041,2023010041,SUB0053,Deep Learning,FAC008,2026-07-07,8,Tuesday,1,7,2026-2027,P
1792,STU000042,2023010042,SUB0053,Deep Learning,FAC008,2026-07-07,8,Tuesday,1,7,2026-2027,P
1793,STU000043,2023010043,SUB0053,Deep Learning,FAC008,2026-07-07,8,Tuesday,1,7,2026-2027,P
1794,STU000044,2023010044,SUB0053,Deep Learning,FAC008,2026-07-07,8,Tuesday,1,7,2026-2027,P
1795,STU000045,2023010045,SUB0053,Deep Learning,FAC008,2026-07-07,8,Tuesday,1,7,2026-2027,P
1796,STU000046,2023010046,SUB0053,Deep Learning,FAC008,2026-07-07,8,Tuesday,1,7,2026-2027,P
1797,STU000047,2023010047,SUB0053,Deep Learning,FAC008,2026-07-07,8,Tuesday,1,7,2026-2027,A
1798,STU000048,2023010048,SUB0053,Deep Learning,FAC008,2026-07-07,8,Tuesday,1,7,2026-2027,P
1799,STU000049,2023010049,SUB0053,Deep Learning,FAC008,2026-07-07,8,Tuesday,1,7,2026-2027,P
1800,STU000050,2023010050,SUB0053,Deep Learning,FAC008,2026-07-07,8,Tuesday,1,7,2026-2027,P
1801,STU000001,2023010001,SUB0051,Human Computer Interaction,FAC006,2026-07-08,6,Wednesday,1,7,2026-2027,A
1802,STU000001,2023010001,SUB0054,Natural Language Processing,FAC009,2026-07-08,6,Wednesday,1,7,2026-2027,P
1803,STU000002,2023010002,SUB0051,Human Computer Interaction,FAC006,2026-07-08,6,Wednesday,1,7,2026-2027,P
1804,STU000002,2023010002,SUB0054,Natural Language Processing,FAC009,2026-07-08,6,Wednesday,1,7,2026-2027,P
1805,STU000003,2023010003,SUB0051,Human Computer Interaction,FAC006,2026-07-08,6,Wednesday,1,7,2026-2027,P
1806,STU000003,2023010003,SUB0054,Natural Language Processing,FAC009,2026-07-08,6,Wednesday,1,7,2026-2027,P
1807,STU000004,2023010004,SUB0051,Human Computer Interaction,FAC006,2026-07-08,6,Wednesday,1,7,2026-2027,P
1808,STU000004,2023010004,SUB0054,Natural Language Processing,FAC009,2026-07-08,6,Wednesday,1,7,2026-2027,P
1809,STU000005,2023010005,SUB0051,Human Computer Interaction,FAC006,2026-07-08,6,Wednesday,1,7,2026-2027,P
1810,STU000005,2023010005,SUB0054,Natural Language Processing,FAC009,2026-07-08,6,Wednesday,1,7,2026-2027,P
1811,STU000006,2023010006,SUB0051,Human Computer Interaction,FAC006,2026-07-08,6,Wednesday,1,7,2026-2027,P
1812,STU000006,2023010006,SUB0054,Natural Language Processing,FAC009,2026-07-08,6,Wednesday,1,7,2026-2027,P
1813,STU000007,2023010007,SUB0051,Human Computer Interaction,FAC006,2026-07-08,6,Wednesday,1,7,2026-2027,P
1814,STU000007,2023010007,SUB0054,Natural Language Processing,FAC009,2026-07-08,6,Wednesday,1,7,2026-2027,P
1815,STU000008,2023010008,SUB0051,Human Computer Interaction,FAC006,2026-07-08,6,Wednesday,1,7,2026-2027,P
1816,STU000008,2023010008,SUB0054,Natural Language Processing,FAC009,2026-07-08,6,Wednesday,1,7,2026-2027,A
1817,STU000009,2023010009,SUB0051,Human Computer Interaction,FAC006,2026-07-08,6,Wednesday,1,7,2026-2027,P
1818,STU000009,2023010009,SUB0054,Natural Language Processing,FAC009,2026-07-08,6,Wednesday,1,7,2026-2027,P
1819,STU000010,2023010010,SUB0051,Human Computer Interaction,FAC006,2026-07-08,6,Wednesday,1,7,2026-2027,P
1820,STU000010,2023010010,SUB0054,Natural Language Processing,FAC009,2026-07-08,6,Wednesday,1,7,2026-2027,P
1821,STU000011,2023010011,SUB0051,Human Computer Interaction,FAC006,2026-07-08,6,Wednesday,1,7,2026-2027,A
1822,STU000011,2023010011,SUB0054,Natural Language Processing,FAC009,2026-07-08,6,Wednesday,1,7,2026-2027,P
1823,STU000012,2023010012,SUB0051,Human Computer Interaction,FAC006,2026-07-08,6,Wednesday,1,7,2026-2027,P
1824,STU000012,2023010012,SUB0054,Natural Language Processing,FAC009,2026-07-08,6,Wednesday,1,7,2026-2027,P
1825,STU000013,2023010013,SUB0051,Human Computer Interaction,FAC006,2026-07-08,6,Wednesday,1,7,2026-2027,P
1826,STU000013,2023010013,SUB0054,Natural Language Processing,FAC009,2026-07-08,6,Wednesday,1,7,2026-2027,P
1827,STU000014,2023010014,SUB0051,Human Computer Interaction,FAC006,2026-07-08,6,Wednesday,1,7,2026-2027,P
1828,STU000014,2023010014,SUB0054,Natural Language Processing,FAC009,2026-07-08,6,Wednesday,1,7,2026-2027,P
1829,STU000015,2023010015,SUB0051,Human Computer Interaction,FAC006,2026-07-08,6,Wednesday,1,7,2026-2027,P
1830,STU000015,2023010015,SUB0054,Natural Language Processing,FAC009,2026-07-08,6,Wednesday,1,7,2026-2027,A
1831,STU000016,2023010016,SUB0051,Human Computer Interaction,FAC006,2026-07-08,6,Wednesday,1,7,2026-2027,P
1832,STU000016,2023010016,SUB0054,Natural Language Processing,FAC009,2026-07-08,6,Wednesday,1,7,2026-2027,P
1833,STU000017,2023010017,SUB0051,Human Computer Interaction,FAC006,2026-07-08,6,Wednesday,1,7,2026-2027,P
1834,STU000017,2023010017,SUB0054,Natural Language Processing,FAC009,2026-07-08,6,Wednesday,1,7,2026-2027,A
1835,STU000018,2023010018,SUB0051,Human Computer Interaction,FAC006,2026-07-08,6,Wednesday,1,7,2026-2027,A
1836,STU000018,2023010018,SUB0054,Natural Language Processing,FAC009,2026-07-08,6,Wednesday,1,7,2026-2027,P
1837,STU000019,2023010019,SUB0051,Human Computer Interaction,FAC006,2026-07-08,6,Wednesday,1,7,2026-2027,P
1838,STU000019,2023010019,SUB0054,Natural Language Processing,FAC009,2026-07-08,6,Wednesday,1,7,2026-2027,P
1839,STU000020,2023010020,SUB0051,Human Computer Interaction,FAC006,2026-07-08,6,Wednesday,1,7,2026-2027,P
1840,STU000020,2023010020,SUB0054,Natural Language Processing,FAC009,2026-07-08,6,Wednesday,1,7,2026-2027,P
1841,STU000021,2023010021,SUB0051,Human Computer Interaction,FAC006,2026-07-08,6,Wednesday,1,7,2026-2027,P
1842,STU000021,2023010021,SUB0054,Natural Language Processing,FAC009,2026-07-08,6,Wednesday,1,7,2026-2027,P
1843,STU000022,2023010022,SUB0051,Human Computer Interaction,FAC006,2026-07-08,6,Wednesday,1,7,2026-2027,P
1844,STU000022,2023010022,SUB0054,Natural Language Processing,FAC009,2026-07-08,6,Wednesday,1,7,2026-2027,P
1845,STU000023,2023010023,SUB0051,Human Computer Interaction,FAC006,2026-07-08,6,Wednesday,1,7,2026-2027,P
1846,STU000023,2023010023,SUB0054,Natural Language Processing,FAC009,2026-07-08,6,Wednesday,1,7,2026-2027,P
1847,STU000024,2023010024,SUB0051,Human Computer Interaction,FAC006,2026-07-08,6,Wednesday,1,7,2026-2027,P
1848,STU000024,2023010024,SUB0054,Natural Language Processing,FAC009,2026-07-08,6,Wednesday,1,7,2026-2027,A
1849,STU000025,2023010025,SUB0051,Human Computer Interaction,FAC006,2026-07-08,6,Wednesday,1,7,2026-2027,P
1850,STU000025,2023010025,SUB0054,Natural Language Processing,FAC009,2026-07-08,6,Wednesday,1,7,2026-2027,P
1851,STU000026,2023010026,SUB0051,Human Computer Interaction,FAC006,2026-07-08,6,Wednesday,1,7,2026-2027,P
1852,STU000026,2023010026,SUB0054,Natural Language Processing,FAC009,2026-07-08,6,Wednesday,1,7,2026-2027,P
1853,STU000027,2023010027,SUB0051,Human Computer Interaction,FAC006,2026-07-08,6,Wednesday,1,7,2026-2027,P
1854,STU000027,2023010027,SUB0054,Natural Language Processing,FAC009,2026-07-08,6,Wednesday,1,7,2026-2027,P
1855,STU000028,2023010028,SUB0051,Human Computer Interaction,FAC006,2026-07-08,6,Wednesday,1,7,2026-2027,A
1856,STU000028,2023010028,SUB0054,Natural Language Processing,FAC009,2026-07-08,6,Wednesday,1,7,2026-2027,P
1857,STU000029,2023010029,SUB0051,Human Computer Interaction,FAC006,2026-07-08,6,Wednesday,1,7,2026-2027,P
1858,STU000029,2023010029,SUB0054,Natural Language Processing,FAC009,2026-07-08,6,Wednesday,1,7,2026-2027,P
1859,STU000030,2023010030,SUB0051,Human Computer Interaction,FAC006,2026-07-08,6,Wednesday,1,7,2026-2027,P
1860,STU000030,2023010030,SUB0054,Natural Language Processing,FAC009,2026-07-08,6,Wednesday,1,7,2026-2027,P
1861,STU000031,2023010031,SUB0051,Human Computer Interaction,FAC006,2026-07-08,6,Wednesday,1,7,2026-2027,P
1862,STU000031,2023010031,SUB0054,Natural Language Processing,FAC009,2026-07-08,6,Wednesday,1,7,2026-2027,A
1863,STU000032,2023010032,SUB0051,Human Computer Interaction,FAC006,2026-07-08,6,Wednesday,1,7,2026-2027,P
1864,STU000032,2023010032,SUB0054,Natural Language Processing,FAC009,2026-07-08,6,Wednesday,1,7,2026-2027,P
1865,STU000033,2023010033,SUB0051,Human Computer Interaction,FAC006,2026-07-08,6,Wednesday,1,7,2026-2027,P
1866,STU000033,2023010033,SUB0054,Natural Language Processing,FAC009,2026-07-08,6,Wednesday,1,7,2026-2027,P
1867,STU000034,2023010034,SUB0051,Human Computer Interaction,FAC006,2026-07-08,6,Wednesday,1,7,2026-2027,P
1868,STU000034,2023010034,SUB0054,Natural Language Processing,FAC009,2026-07-08,6,Wednesday,1,7,2026-2027,P
1869,STU000035,2023010035,SUB0051,Human Computer Interaction,FAC006,2026-07-08,6,Wednesday,1,7,2026-2027,A
1870,STU000035,2023010035,SUB0054,Natural Language Processing,FAC009,2026-07-08,6,Wednesday,1,7,2026-2027,P
1871,STU000036,2023010036,SUB0051,Human Computer Interaction,FAC006,2026-07-08,6,Wednesday,1,7,2026-2027,P
1872,STU000036,2023010036,SUB0054,Natural Language Processing,FAC009,2026-07-08,6,Wednesday,1,7,2026-2027,P
1873,STU000037,2023010037,SUB0051,Human Computer Interaction,FAC006,2026-07-08,6,Wednesday,1,7,2026-2027,P
1874,STU000037,2023010037,SUB0054,Natural Language Processing,FAC009,2026-07-08,6,Wednesday,1,7,2026-2027,P
1875,STU000038,2023010038,SUB0051,Human Computer Interaction,FAC006,2026-07-08,6,Wednesday,1,7,2026-2027,P
1876,STU000038,2023010038,SUB0054,Natural Language Processing,FAC009,2026-07-08,6,Wednesday,1,7,2026-2027,P
1877,STU000039,2023010039,SUB0051,Human Computer Interaction,FAC006,2026-07-08,6,Wednesday,1,7,2026-2027,P
1878,STU000039,2023010039,SUB0054,Natural Language Processing,FAC009,2026-07-08,6,Wednesday,1,7,2026-2027,P
1879,STU000040,2023010040,SUB0051,Human Computer Interaction,FAC006,2026-07-08,6,Wednesday,1,7,2026-2027,P
1880,STU000040,2023010040,SUB0054,Natural Language Processing,FAC009,2026-07-08,6,Wednesday,1,7,2026-2027,P
1881,STU000041,2023010041,SUB0051,Human Computer Interaction,FAC006,2026-07-08,6,Wednesday,1,7,2026-2027,A
1882,STU000041,2023010041,SUB0054,Natural Language Processing,FAC009,2026-07-08,6,Wednesday,1,7,2026-2027,A
1883,STU000042,2023010042,SUB0051,Human Computer Interaction,FAC006,2026-07-08,6,Wednesday,1,7,2026-2027,P
1884,STU000042,2023010042,SUB0054,Natural Language Processing,FAC009,2026-07-08,6,Wednesday,1,7,2026-2027,P
1885,STU000043,2023010043,SUB0051,Human Computer Interaction,FAC006,2026-07-08,6,Wednesday,1,7,2026-2027,P
1886,STU000043,2023010043,SUB0054,Natural Language Processing,FAC009,2026-07-08,6,Wednesday,1,7,2026-2027,P
1887,STU000044,2023010044,SUB0051,Human Computer Interaction,FAC006,2026-07-08,6,Wednesday,1,7,2026-2027,P
1888,STU000044,2023010044,SUB0054,Natural Language Processing,FAC009,2026-07-08,6,Wednesday,1,7,2026-2027,P
1889,STU000045,2023010045,SUB0051,Human Computer Interaction,FAC006,2026-07-08,6,Wednesday,1,7,2026-2027,P
1890,STU000045,2023010045,SUB0054,Natural Language Processing,FAC009,2026-07-08,6,Wednesday,1,7,2026-2027,P
1891,STU000046,2023010046,SUB0051,Human Computer Interaction,FAC006,2026-07-08,6,Wednesday,1,7,2026-2027,P
1892,STU000046,2023010046,SUB0054,Natural Language Processing,FAC009,2026-07-08,6,Wednesday,1,7,2026-2027,P
1893,STU000047,2023010047,SUB0051,Human Computer Interaction,FAC006,2026-07-08,6,Wednesday,1,7,2026-2027,P
1894,STU000047,2023010047,SUB0054,Natural Language Processing,FAC009,2026-07-08,6,Wednesday,1,7,2026-2027,A
1895,STU000048,2023010048,SUB0051,Human Computer Interaction,FAC006,2026-07-08,6,Wednesday,1,7,2026-2027,P
1896,STU000048,2023010048,SUB0054,Natural Language Processing,FAC009,2026-07-08,6,Wednesday,1,7,2026-2027,P
1897,STU000049,2023010049,SUB0051,Human Computer Interaction,FAC006,2026-07-08,6,Wednesday,1,7,2026-2027,P
1898,STU000049,2023010049,SUB0054,Natural Language Processing,FAC009,2026-07-08,6,Wednesday,1,7,2026-2027,A
1899,STU000050,2023010050,SUB0051,Human Computer Interaction,FAC006,2026-07-08,6,Wednesday,1,7,2026-2027,P
1900,STU000050,2023010050,SUB0054,Natural Language Processing,FAC009,2026-07-08,6,Wednesday,1,7,2026-2027,P
1901,STU000001,2023010001,SUB0050,Software Engineering,FAC005,2026-07-08,8,Wednesday,1,7,2026-2027,P
1902,STU000002,2023010002,SUB0050,Software Engineering,FAC005,2026-07-08,8,Wednesday,1,7,2026-2027,P
1903,STU000003,2023010003,SUB0050,Software Engineering,FAC005,2026-07-08,8,Wednesday,1,7,2026-2027,P
1904,STU000004,2023010004,SUB0050,Software Engineering,FAC005,2026-07-08,8,Wednesday,1,7,2026-2027,P
1905,STU000005,2023010005,SUB0050,Software Engineering,FAC005,2026-07-08,8,Wednesday,1,7,2026-2027,P
1906,STU000006,2023010006,SUB0050,Software Engineering,FAC005,2026-07-08,8,Wednesday,1,7,2026-2027,P
1907,STU000007,2023010007,SUB0050,Software Engineering,FAC005,2026-07-08,8,Wednesday,1,7,2026-2027,A
1908,STU000008,2023010008,SUB0050,Software Engineering,FAC005,2026-07-08,8,Wednesday,1,7,2026-2027,P
1909,STU000009,2023010009,SUB0050,Software Engineering,FAC005,2026-07-08,8,Wednesday,1,7,2026-2027,P
1910,STU000010,2023010010,SUB0050,Software Engineering,FAC005,2026-07-08,8,Wednesday,1,7,2026-2027,P
1911,STU000011,2023010011,SUB0050,Software Engineering,FAC005,2026-07-08,8,Wednesday,1,7,2026-2027,P
1912,STU000012,2023010012,SUB0050,Software Engineering,FAC005,2026-07-08,8,Wednesday,1,7,2026-2027,P
1913,STU000013,2023010013,SUB0050,Software Engineering,FAC005,2026-07-08,8,Wednesday,1,7,2026-2027,P
1914,STU000014,2023010014,SUB0050,Software Engineering,FAC005,2026-07-08,8,Wednesday,1,7,2026-2027,P
1915,STU000015,2023010015,SUB0050,Software Engineering,FAC005,2026-07-08,8,Wednesday,1,7,2026-2027,P
1916,STU000016,2023010016,SUB0050,Software Engineering,FAC005,2026-07-08,8,Wednesday,1,7,2026-2027,P
1917,STU000017,2023010017,SUB0050,Software Engineering,FAC005,2026-07-08,8,Wednesday,1,7,2026-2027,P
1918,STU000018,2023010018,SUB0050,Software Engineering,FAC005,2026-07-08,8,Wednesday,1,7,2026-2027,A
1919,STU000019,2023010019,SUB0050,Software Engineering,FAC005,2026-07-08,8,Wednesday,1,7,2026-2027,P
1920,STU000020,2023010020,SUB0050,Software Engineering,FAC005,2026-07-08,8,Wednesday,1,7,2026-2027,P
1921,STU000021,2023010021,SUB0050,Software Engineering,FAC005,2026-07-08,8,Wednesday,1,7,2026-2027,P
1922,STU000022,2023010022,SUB0050,Software Engineering,FAC005,2026-07-08,8,Wednesday,1,7,2026-2027,P
1923,STU000023,2023010023,SUB0050,Software Engineering,FAC005,2026-07-08,8,Wednesday,1,7,2026-2027,P
1924,STU000024,2023010024,SUB0050,Software Engineering,FAC005,2026-07-08,8,Wednesday,1,7,2026-2027,P
1925,STU000025,2023010025,SUB0050,Software Engineering,FAC005,2026-07-08,8,Wednesday,1,7,2026-2027,A
1926,STU000026,2023010026,SUB0050,Software Engineering,FAC005,2026-07-08,8,Wednesday,1,7,2026-2027,P
1927,STU000027,2023010027,SUB0050,Software Engineering,FAC005,2026-07-08,8,Wednesday,1,7,2026-2027,P
1928,STU000028,2023010028,SUB0050,Software Engineering,FAC005,2026-07-08,8,Wednesday,1,7,2026-2027,P
1929,STU000029,2023010029,SUB0050,Software Engineering,FAC005,2026-07-08,8,Wednesday,1,7,2026-2027,P
1930,STU000030,2023010030,SUB0050,Software Engineering,FAC005,2026-07-08,8,Wednesday,1,7,2026-2027,P
1931,STU000031,2023010031,SUB0050,Software Engineering,FAC005,2026-07-08,8,Wednesday,1,7,2026-2027,P
1932,STU000032,2023010032,SUB0050,Software Engineering,FAC005,2026-07-08,8,Wednesday,1,7,2026-2027,P
1933,STU000033,2023010033,SUB0050,Software Engineering,FAC005,2026-07-08,8,Wednesday,1,7,2026-2027,P
1934,STU000034,2023010034,SUB0050,Software Engineering,FAC005,2026-07-08,8,Wednesday,1,7,2026-2027,P
1935,STU000035,2023010035,SUB0050,Software Engineering,FAC005,2026-07-08,8,Wednesday,1,7,2026-2027,P
1936,STU000036,2023010036,SUB0050,Software Engineering,FAC005,2026-07-08,8,Wednesday,1,7,2026-2027,P
1937,STU000037,2023010037,SUB0050,Software Engineering,FAC005,2026-07-08,8,Wednesday,1,7,2026-2027,P
1938,STU000038,2023010038,SUB0050,Software Engineering,FAC005,2026-07-08,8,Wednesday,1,7,2026-2027,P
1939,STU000039,2023010039,SUB0050,Software Engineering,FAC005,2026-07-08,8,Wednesday,1,7,2026-2027,P
1940,STU000040,2023010040,SUB0050,Software Engineering,FAC005,2026-07-08,8,Wednesday,1,7,2026-2027,P
1941,STU000041,2023010041,SUB0050,Software Engineering,FAC005,2026-07-08,8,Wednesday,1,7,2026-2027,P
1942,STU000042,2023010042,SUB0050,Software Engineering,FAC005,2026-07-08,8,Wednesday,1,7,2026-2027,P
1943,STU000043,2023010043,SUB0050,Software Engineering,FAC005,2026-07-08,8,Wednesday,1,7,2026-2027,A
1944,STU000044,2023010044,SUB0050,Software Engineering,FAC005,2026-07-08,8,Wednesday,1,7,2026-2027,P
1945,STU000045,2023010045,SUB0050,Software Engineering,FAC005,2026-07-08,8,Wednesday,1,7,2026-2027,P
1946,STU000046,2023010046,SUB0050,Software Engineering,FAC005,2026-07-08,8,Wednesday,1,7,2026-2027,P
1947,STU000047,2023010047,SUB0050,Software Engineering,FAC005,2026-07-08,8,Wednesday,1,7,2026-2027,P
1948,STU000048,2023010048,SUB0050,Software Engineering,FAC005,2026-07-08,8,Wednesday,1,7,2026-2027,P
1949,STU000049,2023010049,SUB0050,Software Engineering,FAC005,2026-07-08,8,Wednesday,1,7,2026-2027,P
1950,STU000050,2023010050,SUB0050,Software Engineering,FAC005,2026-07-08,8,Wednesday,1,7,2026-2027,A
1951,STU000001,2023010001,SUB0055,Deep Learning Laboratory,FAC010,2026-07-09,5,Thursday,1,7,2026-2027,P
1952,STU000002,2023010002,SUB0055,Deep Learning Laboratory,FAC010,2026-07-09,5,Thursday,1,7,2026-2027,P
1953,STU000003,2023010003,SUB0055,Deep Learning Laboratory,FAC010,2026-07-09,5,Thursday,1,7,2026-2027,P
1954,STU000004,2023010004,SUB0055,Deep Learning Laboratory,FAC010,2026-07-09,5,Thursday,1,7,2026-2027,P
1955,STU000005,2023010005,SUB0055,Deep Learning Laboratory,FAC010,2026-07-09,5,Thursday,1,7,2026-2027,P
1956,STU000006,2023010006,SUB0055,Deep Learning Laboratory,FAC010,2026-07-09,5,Thursday,1,7,2026-2027,A
1957,STU000007,2023010007,SUB0055,Deep Learning Laboratory,FAC010,2026-07-09,5,Thursday,1,7,2026-2027,P
1958,STU000008,2023010008,SUB0055,Deep Learning Laboratory,FAC010,2026-07-09,5,Thursday,1,7,2026-2027,P
1959,STU000009,2023010009,SUB0055,Deep Learning Laboratory,FAC010,2026-07-09,5,Thursday,1,7,2026-2027,P
1960,STU000010,2023010010,SUB0055,Deep Learning Laboratory,FAC010,2026-07-09,5,Thursday,1,7,2026-2027,P
1961,STU000011,2023010011,SUB0055,Deep Learning Laboratory,FAC010,2026-07-09,5,Thursday,1,7,2026-2027,P
1962,STU000012,2023010012,SUB0055,Deep Learning Laboratory,FAC010,2026-07-09,5,Thursday,1,7,2026-2027,P
1963,STU000013,2023010013,SUB0055,Deep Learning Laboratory,FAC010,2026-07-09,5,Thursday,1,7,2026-2027,A
1964,STU000014,2023010014,SUB0055,Deep Learning Laboratory,FAC010,2026-07-09,5,Thursday,1,7,2026-2027,P
1965,STU000015,2023010015,SUB0055,Deep Learning Laboratory,FAC010,2026-07-09,5,Thursday,1,7,2026-2027,A
1966,STU000016,2023010016,SUB0055,Deep Learning Laboratory,FAC010,2026-07-09,5,Thursday,1,7,2026-2027,P
1967,STU000017,2023010017,SUB0055,Deep Learning Laboratory,FAC010,2026-07-09,5,Thursday,1,7,2026-2027,P
1968,STU000018,2023010018,SUB0055,Deep Learning Laboratory,FAC010,2026-07-09,5,Thursday,1,7,2026-2027,P
1969,STU000019,2023010019,SUB0055,Deep Learning Laboratory,FAC010,2026-07-09,5,Thursday,1,7,2026-2027,P
1970,STU000020,2023010020,SUB0055,Deep Learning Laboratory,FAC010,2026-07-09,5,Thursday,1,7,2026-2027,P
1971,STU000021,2023010021,SUB0055,Deep Learning Laboratory,FAC010,2026-07-09,5,Thursday,1,7,2026-2027,P
1972,STU000022,2023010022,SUB0055,Deep Learning Laboratory,FAC010,2026-07-09,5,Thursday,1,7,2026-2027,A
1973,STU000023,2023010023,SUB0055,Deep Learning Laboratory,FAC010,2026-07-09,5,Thursday,1,7,2026-2027,P
1974,STU000024,2023010024,SUB0055,Deep Learning Laboratory,FAC010,2026-07-09,5,Thursday,1,7,2026-2027,P
1975,STU000025,2023010025,SUB0055,Deep Learning Laboratory,FAC010,2026-07-09,5,Thursday,1,7,2026-2027,P
1976,STU000026,2023010026,SUB0055,Deep Learning Laboratory,FAC010,2026-07-09,5,Thursday,1,7,2026-2027,P
1977,STU000027,2023010027,SUB0055,Deep Learning Laboratory,FAC010,2026-07-09,5,Thursday,1,7,2026-2027,P
1978,STU000028,2023010028,SUB0055,Deep Learning Laboratory,FAC010,2026-07-09,5,Thursday,1,7,2026-2027,P
1979,STU000029,2023010029,SUB0055,Deep Learning Laboratory,FAC010,2026-07-09,5,Thursday,1,7,2026-2027,A
1980,STU000030,2023010030,SUB0055,Deep Learning Laboratory,FAC010,2026-07-09,5,Thursday,1,7,2026-2027,P
1981,STU000031,2023010031,SUB0055,Deep Learning Laboratory,FAC010,2026-07-09,5,Thursday,1,7,2026-2027,P
1982,STU000032,2023010032,SUB0055,Deep Learning Laboratory,FAC010,2026-07-09,5,Thursday,1,7,2026-2027,P
1983,STU000033,2023010033,SUB0055,Deep Learning Laboratory,FAC010,2026-07-09,5,Thursday,1,7,2026-2027,P
1984,STU000034,2023010034,SUB0055,Deep Learning Laboratory,FAC010,2026-07-09,5,Thursday,1,7,2026-2027,P
1985,STU000035,2023010035,SUB0055,Deep Learning Laboratory,FAC010,2026-07-09,5,Thursday,1,7,2026-2027,P
1986,STU000036,2023010036,SUB0055,Deep Learning Laboratory,FAC010,2026-07-09,5,Thursday,1,7,2026-2027,P
1987,STU000037,2023010037,SUB0055,Deep Learning Laboratory,FAC010,2026-07-09,5,Thursday,1,7,2026-2027,P
1988,STU000038,2023010038,SUB0055,Deep Learning Laboratory,FAC010,2026-07-09,5,Thursday,1,7,2026-2027,A
1989,STU000039,2023010039,SUB0055,Deep Learning Laboratory,FAC010,2026-07-09,5,Thursday,1,7,2026-2027,P
1990,STU000040,2023010040,SUB0055,Deep Learning Laboratory,FAC010,2026-07-09,5,Thursday,1,7,2026-2027,P
1991,STU000041,2023010041,SUB0055,Deep Learning Laboratory,FAC010,2026-07-09,5,Thursday,1,7,2026-2027,P
1992,STU000042,2023010042,SUB0055,Deep Learning Laboratory,FAC010,2026-07-09,5,Thursday,1,7,2026-2027,P
1993,STU000043,2023010043,SUB0055,Deep Learning Laboratory,FAC010,2026-07-09,5,Thursday,1,7,2026-2027,P
1994,STU000044,2023010044,SUB0055,Deep Learning Laboratory,FAC010,2026-07-09,5,Thursday,1,7,2026-2027,P
1995,STU000045,2023010045,SUB0055,Deep Learning Laboratory,FAC010,2026-07-09,5,Thursday,1,7,2026-2027,A
1996,STU000046,2023010046,SUB0055,Deep Learning Laboratory,FAC010,2026-07-09,5,Thursday,1,7,2026-2027,P
1997,STU000047,2023010047,SUB0055,Deep Learning Laboratory,FAC010,2026-07-09,5,Thursday,1,7,2026-2027,P
1998,STU000048,2023010048,SUB0055,Deep Learning Laboratory,FAC010,2026-07-09,5,Thursday,1,7,2026-2027,P
1999,STU000049,2023010049,SUB0055,Deep Learning Laboratory,FAC010,2026-07-09,5,Thursday,1,7,2026-2027,A
2000,STU000050,2023010050,SUB0055,Deep Learning Laboratory,FAC010,2026-07-09,5,Thursday,1,7,2026-2027,P
2001,STU000001,2023010001,SUB0055,Deep Learning Laboratory,FAC010,2026-07-09,6,Thursday,1,7,2026-2027,P
2002,STU000002,2023010002,SUB0055,Deep Learning Laboratory,FAC010,2026-07-09,6,Thursday,1,7,2026-2027,P
2003,STU000003,2023010003,SUB0055,Deep Learning Laboratory,FAC010,2026-07-09,6,Thursday,1,7,2026-2027,P
2004,STU000004,2023010004,SUB0055,Deep Learning Laboratory,FAC010,2026-07-09,6,Thursday,1,7,2026-2027,P
2005,STU000005,2023010005,SUB0055,Deep Learning Laboratory,FAC010,2026-07-09,6,Thursday,1,7,2026-2027,P
2006,STU000006,2023010006,SUB0055,Deep Learning Laboratory,FAC010,2026-07-09,6,Thursday,1,7,2026-2027,P
2007,STU000007,2023010007,SUB0055,Deep Learning Laboratory,FAC010,2026-07-09,6,Thursday,1,7,2026-2027,P
2008,STU000008,2023010008,SUB0055,Deep Learning Laboratory,FAC010,2026-07-09,6,Thursday,1,7,2026-2027,P
2009,STU000009,2023010009,SUB0055,Deep Learning Laboratory,FAC010,2026-07-09,6,Thursday,1,7,2026-2027,P
2010,STU000010,2023010010,SUB0055,Deep Learning Laboratory,FAC010,2026-07-09,6,Thursday,1,7,2026-2027,P
2011,STU000011,2023010011,SUB0055,Deep Learning Laboratory,FAC010,2026-07-09,6,Thursday,1,7,2026-2027,P
2012,STU000012,2023010012,SUB0055,Deep Learning Laboratory,FAC010,2026-07-09,6,Thursday,1,7,2026-2027,P
2013,STU000013,2023010013,SUB0055,Deep Learning Laboratory,FAC010,2026-07-09,6,Thursday,1,7,2026-2027,P
2014,STU000014,2023010014,SUB0055,Deep Learning Laboratory,FAC010,2026-07-09,6,Thursday,1,7,2026-2027,A
2015,STU000015,2023010015,SUB0055,Deep Learning Laboratory,FAC010,2026-07-09,6,Thursday,1,7,2026-2027,P
2016,STU000016,2023010016,SUB0055,Deep Learning Laboratory,FAC010,2026-07-09,6,Thursday,1,7,2026-2027,P
2017,STU000017,2023010017,SUB0055,Deep Learning Laboratory,FAC010,2026-07-09,6,Thursday,1,7,2026-2027,P
2018,STU000018,2023010018,SUB0055,Deep Learning Laboratory,FAC010,2026-07-09,6,Thursday,1,7,2026-2027,P
2019,STU000019,2023010019,SUB0055,Deep Learning Laboratory,FAC010,2026-07-09,6,Thursday,1,7,2026-2027,P
2020,STU000020,2023010020,SUB0055,Deep Learning Laboratory,FAC010,2026-07-09,6,Thursday,1,7,2026-2027,P
2021,STU000021,2023010021,SUB0055,Deep Learning Laboratory,FAC010,2026-07-09,6,Thursday,1,7,2026-2027,P
2022,STU000022,2023010022,SUB0055,Deep Learning Laboratory,FAC010,2026-07-09,6,Thursday,1,7,2026-2027,P
2023,STU000023,2023010023,SUB0055,Deep Learning Laboratory,FAC010,2026-07-09,6,Thursday,1,7,2026-2027,P
2024,STU000024,2023010024,SUB0055,Deep Learning Laboratory,FAC010,2026-07-09,6,Thursday,1,7,2026-2027,P
2025,STU000025,2023010025,SUB0055,Deep Learning Laboratory,FAC010,2026-07-09,6,Thursday,1,7,2026-2027,P
2026,STU000026,2023010026,SUB0055,Deep Learning Laboratory,FAC010,2026-07-09,6,Thursday,1,7,2026-2027,P
2027,STU000027,2023010027,SUB0055,Deep Learning Laboratory,FAC010,2026-07-09,6,Thursday,1,7,2026-2027,P
2028,STU000028,2023010028,SUB0055,Deep Learning Laboratory,FAC010,2026-07-09,6,Thursday,1,7,2026-2027,P
2029,STU000029,2023010029,SUB0055,Deep Learning Laboratory,FAC010,2026-07-09,6,Thursday,1,7,2026-2027,P
2030,STU000030,2023010030,SUB0055,Deep Learning Laboratory,FAC010,2026-07-09,6,Thursday,1,7,2026-2027,A
2031,STU000031,2023010031,SUB0055,Deep Learning Laboratory,FAC010,2026-07-09,6,Thursday,1,7,2026-2027,P
2032,STU000032,2023010032,SUB0055,Deep Learning Laboratory,FAC010,2026-07-09,6,Thursday,1,7,2026-2027,A
2033,STU000033,2023010033,SUB0055,Deep Learning Laboratory,FAC010,2026-07-09,6,Thursday,1,7,2026-2027,P
2034,STU000034,2023010034,SUB0055,Deep Learning Laboratory,FAC010,2026-07-09,6,Thursday,1,7,2026-2027,P
2035,STU000035,2023010035,SUB0055,Deep Learning Laboratory,FAC010,2026-07-09,6,Thursday,1,7,2026-2027,P
2036,STU000036,2023010036,SUB0055,Deep Learning Laboratory,FAC010,2026-07-09,6,Thursday,1,7,2026-2027,P
2037,STU000037,2023010037,SUB0055,Deep Learning Laboratory,FAC010,2026-07-09,6,Thursday,1,7,2026-2027,P
2038,STU000038,2023010038,SUB0055,Deep Learning Laboratory,FAC010,2026-07-09,6,Thursday,1,7,2026-2027,P
2039,STU000039,2023010039,SUB0055,Deep Learning Laboratory,FAC010,2026-07-09,6,Thursday,1,7,2026-2027,A
2040,STU000040,2023010040,SUB0055,Deep Learning Laboratory,FAC010,2026-07-09,6,Thursday,1,7,2026-2027,P
2041,STU000041,2023010041,SUB0055,Deep Learning Laboratory,FAC010,2026-07-09,6,Thursday,1,7,2026-2027,A
2042,STU000042,2023010042,SUB0055,Deep Learning Laboratory,FAC010,2026-07-09,6,Thursday,1,7,2026-2027,P
2043,STU000043,2023010043,SUB0055,Deep Learning Laboratory,FAC010,2026-07-09,6,Thursday,1,7,2026-2027,P
2044,STU000044,2023010044,SUB0055,Deep Learning Laboratory,FAC010,2026-07-09,6,Thursday,1,7,2026-2027,P
2045,STU000045,2023010045,SUB0055,Deep Learning Laboratory,FAC010,2026-07-09,6,Thursday,1,7,2026-2027,P
2046,STU000046,2023010046,SUB0055,Deep Learning Laboratory,FAC010,2026-07-09,6,Thursday,1,7,2026-2027,A
2047,STU000047,2023010047,SUB0055,Deep Learning Laboratory,FAC010,2026-07-09,6,Thursday,1,7,2026-2027,P
2048,STU000048,2023010048,SUB0055,Deep Learning Laboratory,FAC010,2026-07-09,6,Thursday,1,7,2026-2027,P
2049,STU000049,2023010049,SUB0055,Deep Learning Laboratory,FAC010,2026-07-09,6,Thursday,1,7,2026-2027,P
2050,STU000050,2023010050,SUB0055,Deep Learning Laboratory,FAC010,2026-07-09,6,Thursday,1,7,2026-2027,P
2051,STU000001,2023010001,SUB0053,Deep Learning,FAC008,2026-07-09,9,Thursday,1,7,2026-2027,P
2052,STU000002,2023010002,SUB0053,Deep Learning,FAC008,2026-07-09,9,Thursday,1,7,2026-2027,P
2053,STU000003,2023010003,SUB0053,Deep Learning,FAC008,2026-07-09,9,Thursday,1,7,2026-2027,P
2054,STU000004,2023010004,SUB0053,Deep Learning,FAC008,2026-07-09,9,Thursday,1,7,2026-2027,P
2055,STU000005,2023010005,SUB0053,Deep Learning,FAC008,2026-07-09,9,Thursday,1,7,2026-2027,A
2056,STU000006,2023010006,SUB0053,Deep Learning,FAC008,2026-07-09,9,Thursday,1,7,2026-2027,P
2057,STU000007,2023010007,SUB0053,Deep Learning,FAC008,2026-07-09,9,Thursday,1,7,2026-2027,P
2058,STU000008,2023010008,SUB0053,Deep Learning,FAC008,2026-07-09,9,Thursday,1,7,2026-2027,P
2059,STU000009,2023010009,SUB0053,Deep Learning,FAC008,2026-07-09,9,Thursday,1,7,2026-2027,P
2060,STU000010,2023010010,SUB0053,Deep Learning,FAC008,2026-07-09,9,Thursday,1,7,2026-2027,P
2061,STU000011,2023010011,SUB0053,Deep Learning,FAC008,2026-07-09,9,Thursday,1,7,2026-2027,P
2062,STU000012,2023010012,SUB0053,Deep Learning,FAC008,2026-07-09,9,Thursday,1,7,2026-2027,P
2063,STU000013,2023010013,SUB0053,Deep Learning,FAC008,2026-07-09,9,Thursday,1,7,2026-2027,P
2064,STU000014,2023010014,SUB0053,Deep Learning,FAC008,2026-07-09,9,Thursday,1,7,2026-2027,P
2065,STU000015,2023010015,SUB0053,Deep Learning,FAC008,2026-07-09,9,Thursday,1,7,2026-2027,P
2066,STU000016,2023010016,SUB0053,Deep Learning,FAC008,2026-07-09,9,Thursday,1,7,2026-2027,A
2067,STU000017,2023010017,SUB0053,Deep Learning,FAC008,2026-07-09,9,Thursday,1,7,2026-2027,P
2068,STU000018,2023010018,SUB0053,Deep Learning,FAC008,2026-07-09,9,Thursday,1,7,2026-2027,P
2069,STU000019,2023010019,SUB0053,Deep Learning,FAC008,2026-07-09,9,Thursday,1,7,2026-2027,P
2070,STU000020,2023010020,SUB0053,Deep Learning,FAC008,2026-07-09,9,Thursday,1,7,2026-2027,P
2071,STU000021,2023010021,SUB0053,Deep Learning,FAC008,2026-07-09,9,Thursday,1,7,2026-2027,P
2072,STU000022,2023010022,SUB0053,Deep Learning,FAC008,2026-07-09,9,Thursday,1,7,2026-2027,P
2073,STU000023,2023010023,SUB0053,Deep Learning,FAC008,2026-07-09,9,Thursday,1,7,2026-2027,P
2074,STU000024,2023010024,SUB0053,Deep Learning,FAC008,2026-07-09,9,Thursday,1,7,2026-2027,P
2075,STU000025,2023010025,SUB0053,Deep Learning,FAC008,2026-07-09,9,Thursday,1,7,2026-2027,P
2076,STU000026,2023010026,SUB0053,Deep Learning,FAC008,2026-07-09,9,Thursday,1,7,2026-2027,P
2077,STU000027,2023010027,SUB0053,Deep Learning,FAC008,2026-07-09,9,Thursday,1,7,2026-2027,P
2078,STU000028,2023010028,SUB0053,Deep Learning,FAC008,2026-07-09,9,Thursday,1,7,2026-2027,P
2079,STU000029,2023010029,SUB0053,Deep Learning,FAC008,2026-07-09,9,Thursday,1,7,2026-2027,P
2080,STU000030,2023010030,SUB0053,Deep Learning,FAC008,2026-07-09,9,Thursday,1,7,2026-2027,A
2081,STU000031,2023010031,SUB0053,Deep Learning,FAC008,2026-07-09,9,Thursday,1,7,2026-2027,P
2082,STU000032,2023010032,SUB0053,Deep Learning,FAC008,2026-07-09,9,Thursday,1,7,2026-2027,A
2083,STU000033,2023010033,SUB0053,Deep Learning,FAC008,2026-07-09,9,Thursday,1,7,2026-2027,P
2084,STU000034,2023010034,SUB0053,Deep Learning,FAC008,2026-07-09,9,Thursday,1,7,2026-2027,P
2085,STU000035,2023010035,SUB0053,Deep Learning,FAC008,2026-07-09,9,Thursday,1,7,2026-2027,P
2086,STU000036,2023010036,SUB0053,Deep Learning,FAC008,2026-07-09,9,Thursday,1,7,2026-2027,P
2087,STU000037,2023010037,SUB0053,Deep Learning,FAC008,2026-07-09,9,Thursday,1,7,2026-2027,P
2088,STU000038,2023010038,SUB0053,Deep Learning,FAC008,2026-07-09,9,Thursday,1,7,2026-2027,P
2089,STU000039,2023010039,SUB0053,Deep Learning,FAC008,2026-07-09,9,Thursday,1,7,2026-2027,P
2090,STU000040,2023010040,SUB0053,Deep Learning,FAC008,2026-07-09,9,Thursday,1,7,2026-2027,P
2091,STU000041,2023010041,SUB0053,Deep Learning,FAC008,2026-07-09,9,Thursday,1,7,2026-2027,A
2092,STU000042,2023010042,SUB0053,Deep Learning,FAC008,2026-07-09,9,Thursday,1,7,2026-2027,P
2093,STU000043,2023010043,SUB0053,Deep Learning,FAC008,2026-07-09,9,Thursday,1,7,2026-2027,P
2094,STU000044,2023010044,SUB0053,Deep Learning,FAC008,2026-07-09,9,Thursday,1,7,2026-2027,P
2095,STU000045,2023010045,SUB0053,Deep Learning,FAC008,2026-07-09,9,Thursday,1,7,2026-2027,P
2096,STU000046,2023010046,SUB0053,Deep Learning,FAC008,2026-07-09,9,Thursday,1,7,2026-2027,P
2097,STU000047,2023010047,SUB0053,Deep Learning,FAC008,2026-07-09,9,Thursday,1,7,2026-2027,P
2098,STU000048,2023010048,SUB0053,Deep Learning,FAC008,2026-07-09,9,Thursday,1,7,2026-2027,A
2099,STU000049,2023010049,SUB0053,Deep Learning,FAC008,2026-07-09,9,Thursday,1,7,2026-2027,P
2100,STU000050,2023010050,SUB0053,Deep Learning,FAC008,2026-07-09,9,Thursday,1,7,2026-2027,P
2101,STU000001,2023010001,SUB0056,Natural Language Processing Laboratory,FAC011,2026-07-10,5,Friday,1,7,2026-2027,P
2102,STU000002,2023010002,SUB0056,Natural Language Processing Laboratory,FAC011,2026-07-10,5,Friday,1,7,2026-2027,P
2103,STU000003,2023010003,SUB0056,Natural Language Processing Laboratory,FAC011,2026-07-10,5,Friday,1,7,2026-2027,P
2104,STU000004,2023010004,SUB0056,Natural Language Processing Laboratory,FAC011,2026-07-10,5,Friday,1,7,2026-2027,P
2105,STU000005,2023010005,SUB0056,Natural Language Processing Laboratory,FAC011,2026-07-10,5,Friday,1,7,2026-2027,A
2106,STU000006,2023010006,SUB0056,Natural Language Processing Laboratory,FAC011,2026-07-10,5,Friday,1,7,2026-2027,P
2107,STU000007,2023010007,SUB0056,Natural Language Processing Laboratory,FAC011,2026-07-10,5,Friday,1,7,2026-2027,P
2108,STU000008,2023010008,SUB0056,Natural Language Processing Laboratory,FAC011,2026-07-10,5,Friday,1,7,2026-2027,P
2109,STU000009,2023010009,SUB0056,Natural Language Processing Laboratory,FAC011,2026-07-10,5,Friday,1,7,2026-2027,P
2110,STU000010,2023010010,SUB0056,Natural Language Processing Laboratory,FAC011,2026-07-10,5,Friday,1,7,2026-2027,P
2111,STU000011,2023010011,SUB0056,Natural Language Processing Laboratory,FAC011,2026-07-10,5,Friday,1,7,2026-2027,P
2112,STU000012,2023010012,SUB0056,Natural Language Processing Laboratory,FAC011,2026-07-10,5,Friday,1,7,2026-2027,A
2113,STU000013,2023010013,SUB0056,Natural Language Processing Laboratory,FAC011,2026-07-10,5,Friday,1,7,2026-2027,P
2114,STU000014,2023010014,SUB0056,Natural Language Processing Laboratory,FAC011,2026-07-10,5,Friday,1,7,2026-2027,P
2115,STU000015,2023010015,SUB0056,Natural Language Processing Laboratory,FAC011,2026-07-10,5,Friday,1,7,2026-2027,P
2116,STU000016,2023010016,SUB0056,Natural Language Processing Laboratory,FAC011,2026-07-10,5,Friday,1,7,2026-2027,P
2117,STU000017,2023010017,SUB0056,Natural Language Processing Laboratory,FAC011,2026-07-10,5,Friday,1,7,2026-2027,P
2118,STU000018,2023010018,SUB0056,Natural Language Processing Laboratory,FAC011,2026-07-10,5,Friday,1,7,2026-2027,P
2119,STU000019,2023010019,SUB0056,Natural Language Processing Laboratory,FAC011,2026-07-10,5,Friday,1,7,2026-2027,P
2120,STU000020,2023010020,SUB0056,Natural Language Processing Laboratory,FAC011,2026-07-10,5,Friday,1,7,2026-2027,P
2121,STU000021,2023010021,SUB0056,Natural Language Processing Laboratory,FAC011,2026-07-10,5,Friday,1,7,2026-2027,P
2122,STU000022,2023010022,SUB0056,Natural Language Processing Laboratory,FAC011,2026-07-10,5,Friday,1,7,2026-2027,P
2123,STU000023,2023010023,SUB0056,Natural Language Processing Laboratory,FAC011,2026-07-10,5,Friday,1,7,2026-2027,P
2124,STU000024,2023010024,SUB0056,Natural Language Processing Laboratory,FAC011,2026-07-10,5,Friday,1,7,2026-2027,P
2125,STU000025,2023010025,SUB0056,Natural Language Processing Laboratory,FAC011,2026-07-10,5,Friday,1,7,2026-2027,P
2126,STU000026,2023010026,SUB0056,Natural Language Processing Laboratory,FAC011,2026-07-10,5,Friday,1,7,2026-2027,P
2127,STU000027,2023010027,SUB0056,Natural Language Processing Laboratory,FAC011,2026-07-10,5,Friday,1,7,2026-2027,P
2128,STU000028,2023010028,SUB0056,Natural Language Processing Laboratory,FAC011,2026-07-10,5,Friday,1,7,2026-2027,A
2129,STU000029,2023010029,SUB0056,Natural Language Processing Laboratory,FAC011,2026-07-10,5,Friday,1,7,2026-2027,P
2130,STU000030,2023010030,SUB0056,Natural Language Processing Laboratory,FAC011,2026-07-10,5,Friday,1,7,2026-2027,P
2131,STU000031,2023010031,SUB0056,Natural Language Processing Laboratory,FAC011,2026-07-10,5,Friday,1,7,2026-2027,P
2132,STU000032,2023010032,SUB0056,Natural Language Processing Laboratory,FAC011,2026-07-10,5,Friday,1,7,2026-2027,P
2133,STU000033,2023010033,SUB0056,Natural Language Processing Laboratory,FAC011,2026-07-10,5,Friday,1,7,2026-2027,P
2134,STU000034,2023010034,SUB0056,Natural Language Processing Laboratory,FAC011,2026-07-10,5,Friday,1,7,2026-2027,P
2135,STU000035,2023010035,SUB0056,Natural Language Processing Laboratory,FAC011,2026-07-10,5,Friday,1,7,2026-2027,P
2136,STU000036,2023010036,SUB0056,Natural Language Processing Laboratory,FAC011,2026-07-10,5,Friday,1,7,2026-2027,P
2137,STU000037,2023010037,SUB0056,Natural Language Processing Laboratory,FAC011,2026-07-10,5,Friday,1,7,2026-2027,A
2138,STU000038,2023010038,SUB0056,Natural Language Processing Laboratory,FAC011,2026-07-10,5,Friday,1,7,2026-2027,P
2139,STU000039,2023010039,SUB0056,Natural Language Processing Laboratory,FAC011,2026-07-10,5,Friday,1,7,2026-2027,P
2140,STU000040,2023010040,SUB0056,Natural Language Processing Laboratory,FAC011,2026-07-10,5,Friday,1,7,2026-2027,P
2141,STU000041,2023010041,SUB0056,Natural Language Processing Laboratory,FAC011,2026-07-10,5,Friday,1,7,2026-2027,P
2142,STU000042,2023010042,SUB0056,Natural Language Processing Laboratory,FAC011,2026-07-10,5,Friday,1,7,2026-2027,P
2143,STU000043,2023010043,SUB0056,Natural Language Processing Laboratory,FAC011,2026-07-10,5,Friday,1,7,2026-2027,P
2144,STU000044,2023010044,SUB0056,Natural Language Processing Laboratory,FAC011,2026-07-10,5,Friday,1,7,2026-2027,A
2145,STU000045,2023010045,SUB0056,Natural Language Processing Laboratory,FAC011,2026-07-10,5,Friday,1,7,2026-2027,P
2146,STU000046,2023010046,SUB0056,Natural Language Processing Laboratory,FAC011,2026-07-10,5,Friday,1,7,2026-2027,A
2147,STU000047,2023010047,SUB0056,Natural Language Processing Laboratory,FAC011,2026-07-10,5,Friday,1,7,2026-2027,P
2148,STU000048,2023010048,SUB0056,Natural Language Processing Laboratory,FAC011,2026-07-10,5,Friday,1,7,2026-2027,P
2149,STU000049,2023010049,SUB0056,Natural Language Processing Laboratory,FAC011,2026-07-10,5,Friday,1,7,2026-2027,P
2150,STU000050,2023010050,SUB0056,Natural Language Processing Laboratory,FAC011,2026-07-10,5,Friday,1,7,2026-2027,P
2151,STU000001,2023010001,SUB0056,Natural Language Processing Laboratory,FAC011,2026-07-10,6,Friday,1,7,2026-2027,P
2152,STU000002,2023010002,SUB0056,Natural Language Processing Laboratory,FAC011,2026-07-10,6,Friday,1,7,2026-2027,P
2153,STU000003,2023010003,SUB0056,Natural Language Processing Laboratory,FAC011,2026-07-10,6,Friday,1,7,2026-2027,P
2154,STU000004,2023010004,SUB0056,Natural Language Processing Laboratory,FAC011,2026-07-10,6,Friday,1,7,2026-2027,P
2155,STU000005,2023010005,SUB0056,Natural Language Processing Laboratory,FAC011,2026-07-10,6,Friday,1,7,2026-2027,P
2156,STU000006,2023010006,SUB0056,Natural Language Processing Laboratory,FAC011,2026-07-10,6,Friday,1,7,2026-2027,A
2157,STU000007,2023010007,SUB0056,Natural Language Processing Laboratory,FAC011,2026-07-10,6,Friday,1,7,2026-2027,P
2158,STU000008,2023010008,SUB0056,Natural Language Processing Laboratory,FAC011,2026-07-10,6,Friday,1,7,2026-2027,P
2159,STU000009,2023010009,SUB0056,Natural Language Processing Laboratory,FAC011,2026-07-10,6,Friday,1,7,2026-2027,P
2160,STU000010,2023010010,SUB0056,Natural Language Processing Laboratory,FAC011,2026-07-10,6,Friday,1,7,2026-2027,P
2161,STU000011,2023010011,SUB0056,Natural Language Processing Laboratory,FAC011,2026-07-10,6,Friday,1,7,2026-2027,P
2162,STU000012,2023010012,SUB0056,Natural Language Processing Laboratory,FAC011,2026-07-10,6,Friday,1,7,2026-2027,P
2163,STU000013,2023010013,SUB0056,Natural Language Processing Laboratory,FAC011,2026-07-10,6,Friday,1,7,2026-2027,A
2164,STU000014,2023010014,SUB0056,Natural Language Processing Laboratory,FAC011,2026-07-10,6,Friday,1,7,2026-2027,P
2165,STU000015,2023010015,SUB0056,Natural Language Processing Laboratory,FAC011,2026-07-10,6,Friday,1,7,2026-2027,A
2166,STU000016,2023010016,SUB0056,Natural Language Processing Laboratory,FAC011,2026-07-10,6,Friday,1,7,2026-2027,P
2167,STU000017,2023010017,SUB0056,Natural Language Processing Laboratory,FAC011,2026-07-10,6,Friday,1,7,2026-2027,P
2168,STU000018,2023010018,SUB0056,Natural Language Processing Laboratory,FAC011,2026-07-10,6,Friday,1,7,2026-2027,P
2169,STU000019,2023010019,SUB0056,Natural Language Processing Laboratory,FAC011,2026-07-10,6,Friday,1,7,2026-2027,P
2170,STU000020,2023010020,SUB0056,Natural Language Processing Laboratory,FAC011,2026-07-10,6,Friday,1,7,2026-2027,P
2171,STU000021,2023010021,SUB0056,Natural Language Processing Laboratory,FAC011,2026-07-10,6,Friday,1,7,2026-2027,P
2172,STU000022,2023010022,SUB0056,Natural Language Processing Laboratory,FAC011,2026-07-10,6,Friday,1,7,2026-2027,A
2173,STU000023,2023010023,SUB0056,Natural Language Processing Laboratory,FAC011,2026-07-10,6,Friday,1,7,2026-2027,P
2174,STU000024,2023010024,SUB0056,Natural Language Processing Laboratory,FAC011,2026-07-10,6,Friday,1,7,2026-2027,P
2175,STU000025,2023010025,SUB0056,Natural Language Processing Laboratory,FAC011,2026-07-10,6,Friday,1,7,2026-2027,P
2176,STU000026,2023010026,SUB0056,Natural Language Processing Laboratory,FAC011,2026-07-10,6,Friday,1,7,2026-2027,P
2177,STU000027,2023010027,SUB0056,Natural Language Processing Laboratory,FAC011,2026-07-10,6,Friday,1,7,2026-2027,P
2178,STU000028,2023010028,SUB0056,Natural Language Processing Laboratory,FAC011,2026-07-10,6,Friday,1,7,2026-2027,P
2179,STU000029,2023010029,SUB0056,Natural Language Processing Laboratory,FAC011,2026-07-10,6,Friday,1,7,2026-2027,A
2180,STU000030,2023010030,SUB0056,Natural Language Processing Laboratory,FAC011,2026-07-10,6,Friday,1,7,2026-2027,P
2181,STU000031,2023010031,SUB0056,Natural Language Processing Laboratory,FAC011,2026-07-10,6,Friday,1,7,2026-2027,P
2182,STU000032,2023010032,SUB0056,Natural Language Processing Laboratory,FAC011,2026-07-10,6,Friday,1,7,2026-2027,A
2183,STU000033,2023010033,SUB0056,Natural Language Processing Laboratory,FAC011,2026-07-10,6,Friday,1,7,2026-2027,P
2184,STU000034,2023010034,SUB0056,Natural Language Processing Laboratory,FAC011,2026-07-10,6,Friday,1,7,2026-2027,P
2185,STU000035,2023010035,SUB0056,Natural Language Processing Laboratory,FAC011,2026-07-10,6,Friday,1,7,2026-2027,P
2186,STU000036,2023010036,SUB0056,Natural Language Processing Laboratory,FAC011,2026-07-10,6,Friday,1,7,2026-2027,P
2187,STU000037,2023010037,SUB0056,Natural Language Processing Laboratory,FAC011,2026-07-10,6,Friday,1,7,2026-2027,P
2188,STU000038,2023010038,SUB0056,Natural Language Processing Laboratory,FAC011,2026-07-10,6,Friday,1,7,2026-2027,A
2189,STU000039,2023010039,SUB0056,Natural Language Processing Laboratory,FAC011,2026-07-10,6,Friday,1,7,2026-2027,P
2190,STU000040,2023010040,SUB0056,Natural Language Processing Laboratory,FAC011,2026-07-10,6,Friday,1,7,2026-2027,P
2191,STU000041,2023010041,SUB0056,Natural Language Processing Laboratory,FAC011,2026-07-10,6,Friday,1,7,2026-2027,A
2192,STU000042,2023010042,SUB0056,Natural Language Processing Laboratory,FAC011,2026-07-10,6,Friday,1,7,2026-2027,P
2193,STU000043,2023010043,SUB0056,Natural Language Processing Laboratory,FAC011,2026-07-10,6,Friday,1,7,2026-2027,P
2194,STU000044,2023010044,SUB0056,Natural Language Processing Laboratory,FAC011,2026-07-10,6,Friday,1,7,2026-2027,P
2195,STU000045,2023010045,SUB0056,Natural Language Processing Laboratory,FAC011,2026-07-10,6,Friday,1,7,2026-2027,A
2196,STU000046,2023010046,SUB0056,Natural Language Processing Laboratory,FAC011,2026-07-10,6,Friday,1,7,2026-2027,P
2197,STU000047,2023010047,SUB0056,Natural Language Processing Laboratory,FAC011,2026-07-10,6,Friday,1,7,2026-2027,P
2198,STU000048,2023010048,SUB0056,Natural Language Processing Laboratory,FAC011,2026-07-10,6,Friday,1,7,2026-2027,P
2199,STU000049,2023010049,SUB0056,Natural Language Processing Laboratory,FAC011,2026-07-10,6,Friday,1,7,2026-2027,P
2200,STU000050,2023010050,SUB0056,Natural Language Processing Laboratory,FAC011,2026-07-10,6,Friday,1,7,2026-2027,P
2201,STU000001,2023010001,SUB0050,Software Engineering,FAC005,2026-07-10,9,Friday,1,7,2026-2027,A
2202,STU000002,2023010002,SUB0050,Software Engineering,FAC005,2026-07-10,9,Friday,1,7,2026-2027,P
2203,STU000003,2023010003,SUB0050,Software Engineering,FAC005,2026-07-10,9,Friday,1,7,2026-2027,P
2204,STU000004,2023010004,SUB0050,Software Engineering,FAC005,2026-07-10,9,Friday,1,7,2026-2027,P
2205,STU000005,2023010005,SUB0050,Software Engineering,FAC005,2026-07-10,9,Friday,1,7,2026-2027,P
2206,STU000006,2023010006,SUB0050,Software Engineering,FAC005,2026-07-10,9,Friday,1,7,2026-2027,P
2207,STU000007,2023010007,SUB0050,Software Engineering,FAC005,2026-07-10,9,Friday,1,7,2026-2027,P
2208,STU000008,2023010008,SUB0050,Software Engineering,FAC005,2026-07-10,9,Friday,1,7,2026-2027,A
2209,STU000009,2023010009,SUB0050,Software Engineering,FAC005,2026-07-10,9,Friday,1,7,2026-2027,P
2210,STU000010,2023010010,SUB0050,Software Engineering,FAC005,2026-07-10,9,Friday,1,7,2026-2027,P
2211,STU000011,2023010011,SUB0050,Software Engineering,FAC005,2026-07-10,9,Friday,1,7,2026-2027,P
2212,STU000012,2023010012,SUB0050,Software Engineering,FAC005,2026-07-10,9,Friday,1,7,2026-2027,P
2213,STU000013,2023010013,SUB0050,Software Engineering,FAC005,2026-07-10,9,Friday,1,7,2026-2027,P
2214,STU000014,2023010014,SUB0050,Software Engineering,FAC005,2026-07-10,9,Friday,1,7,2026-2027,P
2215,STU000015,2023010015,SUB0050,Software Engineering,FAC005,2026-07-10,9,Friday,1,7,2026-2027,P
2216,STU000016,2023010016,SUB0050,Software Engineering,FAC005,2026-07-10,9,Friday,1,7,2026-2027,P
2217,STU000017,2023010017,SUB0050,Software Engineering,FAC005,2026-07-10,9,Friday,1,7,2026-2027,P
2218,STU000018,2023010018,SUB0050,Software Engineering,FAC005,2026-07-10,9,Friday,1,7,2026-2027,P
2219,STU000019,2023010019,SUB0050,Software Engineering,FAC005,2026-07-10,9,Friday,1,7,2026-2027,A
2220,STU000020,2023010020,SUB0050,Software Engineering,FAC005,2026-07-10,9,Friday,1,7,2026-2027,P
2221,STU000021,2023010021,SUB0050,Software Engineering,FAC005,2026-07-10,9,Friday,1,7,2026-2027,P
2222,STU000022,2023010022,SUB0050,Software Engineering,FAC005,2026-07-10,9,Friday,1,7,2026-2027,P
2223,STU000023,2023010023,SUB0050,Software Engineering,FAC005,2026-07-10,9,Friday,1,7,2026-2027,P
2224,STU000024,2023010024,SUB0050,Software Engineering,FAC005,2026-07-10,9,Friday,1,7,2026-2027,P
2225,STU000025,2023010025,SUB0050,Software Engineering,FAC005,2026-07-10,9,Friday,1,7,2026-2027,P
2226,STU000026,2023010026,SUB0050,Software Engineering,FAC005,2026-07-10,9,Friday,1,7,2026-2027,A
2227,STU000027,2023010027,SUB0050,Software Engineering,FAC005,2026-07-10,9,Friday,1,7,2026-2027,P
2228,STU000028,2023010028,SUB0050,Software Engineering,FAC005,2026-07-10,9,Friday,1,7,2026-2027,P
2229,STU000029,2023010029,SUB0050,Software Engineering,FAC005,2026-07-10,9,Friday,1,7,2026-2027,P
2230,STU000030,2023010030,SUB0050,Software Engineering,FAC005,2026-07-10,9,Friday,1,7,2026-2027,P
2231,STU000031,2023010031,SUB0050,Software Engineering,FAC005,2026-07-10,9,Friday,1,7,2026-2027,P
2232,STU000032,2023010032,SUB0050,Software Engineering,FAC005,2026-07-10,9,Friday,1,7,2026-2027,A
2233,STU000033,2023010033,SUB0050,Software Engineering,FAC005,2026-07-10,9,Friday,1,7,2026-2027,A
2234,STU000034,2023010034,SUB0050,Software Engineering,FAC005,2026-07-10,9,Friday,1,7,2026-2027,P
2235,STU000035,2023010035,SUB0050,Software Engineering,FAC005,2026-07-10,9,Friday,1,7,2026-2027,P
2236,STU000036,2023010036,SUB0050,Software Engineering,FAC005,2026-07-10,9,Friday,1,7,2026-2027,P
2237,STU000037,2023010037,SUB0050,Software Engineering,FAC005,2026-07-10,9,Friday,1,7,2026-2027,P
2238,STU000038,2023010038,SUB0050,Software Engineering,FAC005,2026-07-10,9,Friday,1,7,2026-2027,P
2239,STU000039,2023010039,SUB0050,Software Engineering,FAC005,2026-07-10,9,Friday,1,7,2026-2027,P
2240,STU000040,2023010040,SUB0050,Software Engineering,FAC005,2026-07-10,9,Friday,1,7,2026-2027,P
2241,STU000041,2023010041,SUB0050,Software Engineering,FAC005,2026-07-10,9,Friday,1,7,2026-2027,A
2242,STU000042,2023010042,SUB0050,Software Engineering,FAC005,2026-07-10,9,Friday,1,7,2026-2027,P
2243,STU000043,2023010043,SUB0050,Software Engineering,FAC005,2026-07-10,9,Friday,1,7,2026-2027,P
2244,STU000044,2023010044,SUB0050,Software Engineering,FAC005,2026-07-10,9,Friday,1,7,2026-2027,A
2245,STU000045,2023010045,SUB0050,Software Engineering,FAC005,2026-07-10,9,Friday,1,7,2026-2027,P
2246,STU000046,2023010046,SUB0050,Software Engineering,FAC005,2026-07-10,9,Friday,1,7,2026-2027,P
2247,STU000047,2023010047,SUB0050,Software Engineering,FAC005,2026-07-10,9,Friday,1,7,2026-2027,P
2248,STU000048,2023010048,SUB0050,Software Engineering,FAC005,2026-07-10,9,Friday,1,7,2026-2027,P
2249,STU000049,2023010049,SUB0050,Software Engineering,FAC005,2026-07-10,9,Friday,1,7,2026-2027,P
2250,STU000050,2023010050,SUB0050,Software Engineering,FAC005,2026-07-10,9,Friday,1,7,2026-2027,P
2251,STU000001,2023010001,SUB0051,Human Computer Interaction,FAC006,2026-07-13,7,Monday,1,7,2026-2027,P
2252,STU000002,2023010002,SUB0051,Human Computer Interaction,FAC006,2026-07-13,7,Monday,1,7,2026-2027,A
2253,STU000003,2023010003,SUB0051,Human Computer Interaction,FAC006,2026-07-13,7,Monday,1,7,2026-2027,P
2254,STU000004,2023010004,SUB0051,Human Computer Interaction,FAC006,2026-07-13,7,Monday,1,7,2026-2027,P
2255,STU000005,2023010005,SUB0051,Human Computer Interaction,FAC006,2026-07-13,7,Monday,1,7,2026-2027,P
2256,STU000006,2023010006,SUB0051,Human Computer Interaction,FAC006,2026-07-13,7,Monday,1,7,2026-2027,P
2257,STU000007,2023010007,SUB0051,Human Computer Interaction,FAC006,2026-07-13,7,Monday,1,7,2026-2027,P
2258,STU000008,2023010008,SUB0051,Human Computer Interaction,FAC006,2026-07-13,7,Monday,1,7,2026-2027,P
2259,STU000009,2023010009,SUB0051,Human Computer Interaction,FAC006,2026-07-13,7,Monday,1,7,2026-2027,P
2260,STU000010,2023010010,SUB0051,Human Computer Interaction,FAC006,2026-07-13,7,Monday,1,7,2026-2027,P
2261,STU000011,2023010011,SUB0051,Human Computer Interaction,FAC006,2026-07-13,7,Monday,1,7,2026-2027,P
2262,STU000012,2023010012,SUB0051,Human Computer Interaction,FAC006,2026-07-13,7,Monday,1,7,2026-2027,A
2263,STU000013,2023010013,SUB0051,Human Computer Interaction,FAC006,2026-07-13,7,Monday,1,7,2026-2027,P
2264,STU000014,2023010014,SUB0051,Human Computer Interaction,FAC006,2026-07-13,7,Monday,1,7,2026-2027,P
2265,STU000015,2023010015,SUB0051,Human Computer Interaction,FAC006,2026-07-13,7,Monday,1,7,2026-2027,P
2266,STU000016,2023010016,SUB0051,Human Computer Interaction,FAC006,2026-07-13,7,Monday,1,7,2026-2027,P
2267,STU000017,2023010017,SUB0051,Human Computer Interaction,FAC006,2026-07-13,7,Monday,1,7,2026-2027,P
2268,STU000018,2023010018,SUB0051,Human Computer Interaction,FAC006,2026-07-13,7,Monday,1,7,2026-2027,P
2269,STU000019,2023010019,SUB0051,Human Computer Interaction,FAC006,2026-07-13,7,Monday,1,7,2026-2027,A
2270,STU000020,2023010020,SUB0051,Human Computer Interaction,FAC006,2026-07-13,7,Monday,1,7,2026-2027,P
2271,STU000021,2023010021,SUB0051,Human Computer Interaction,FAC006,2026-07-13,7,Monday,1,7,2026-2027,P
2272,STU000022,2023010022,SUB0051,Human Computer Interaction,FAC006,2026-07-13,7,Monday,1,7,2026-2027,P
2273,STU000023,2023010023,SUB0051,Human Computer Interaction,FAC006,2026-07-13,7,Monday,1,7,2026-2027,P
2274,STU000024,2023010024,SUB0051,Human Computer Interaction,FAC006,2026-07-13,7,Monday,1,7,2026-2027,P
2275,STU000025,2023010025,SUB0051,Human Computer Interaction,FAC006,2026-07-13,7,Monday,1,7,2026-2027,P
2276,STU000026,2023010026,SUB0051,Human Computer Interaction,FAC006,2026-07-13,7,Monday,1,7,2026-2027,P
2277,STU000027,2023010027,SUB0051,Human Computer Interaction,FAC006,2026-07-13,7,Monday,1,7,2026-2027,P
2278,STU000028,2023010028,SUB0051,Human Computer Interaction,FAC006,2026-07-13,7,Monday,1,7,2026-2027,P
2279,STU000029,2023010029,SUB0051,Human Computer Interaction,FAC006,2026-07-13,7,Monday,1,7,2026-2027,A
2280,STU000030,2023010030,SUB0051,Human Computer Interaction,FAC006,2026-07-13,7,Monday,1,7,2026-2027,P
2281,STU000031,2023010031,SUB0051,Human Computer Interaction,FAC006,2026-07-13,7,Monday,1,7,2026-2027,P
2282,STU000032,2023010032,SUB0051,Human Computer Interaction,FAC006,2026-07-13,7,Monday,1,7,2026-2027,A
2283,STU000033,2023010033,SUB0051,Human Computer Interaction,FAC006,2026-07-13,7,Monday,1,7,2026-2027,P
2284,STU000034,2023010034,SUB0051,Human Computer Interaction,FAC006,2026-07-13,7,Monday,1,7,2026-2027,P
2285,STU000035,2023010035,SUB0051,Human Computer Interaction,FAC006,2026-07-13,7,Monday,1,7,2026-2027,P
2286,STU000036,2023010036,SUB0051,Human Computer Interaction,FAC006,2026-07-13,7,Monday,1,7,2026-2027,A
2287,STU000037,2023010037,SUB0051,Human Computer Interaction,FAC006,2026-07-13,7,Monday,1,7,2026-2027,P
2288,STU000038,2023010038,SUB0051,Human Computer Interaction,FAC006,2026-07-13,7,Monday,1,7,2026-2027,P
2289,STU000039,2023010039,SUB0051,Human Computer Interaction,FAC006,2026-07-13,7,Monday,1,7,2026-2027,P
2290,STU000040,2023010040,SUB0051,Human Computer Interaction,FAC006,2026-07-13,7,Monday,1,7,2026-2027,P
2291,STU000041,2023010041,SUB0051,Human Computer Interaction,FAC006,2026-07-13,7,Monday,1,7,2026-2027,A
2292,STU000042,2023010042,SUB0051,Human Computer Interaction,FAC006,2026-07-13,7,Monday,1,7,2026-2027,P
2293,STU000043,2023010043,SUB0051,Human Computer Interaction,FAC006,2026-07-13,7,Monday,1,7,2026-2027,P
2294,STU000044,2023010044,SUB0051,Human Computer Interaction,FAC006,2026-07-13,7,Monday,1,7,2026-2027,P
2295,STU000045,2023010045,SUB0051,Human Computer Interaction,FAC006,2026-07-13,7,Monday,1,7,2026-2027,P
2296,STU000046,2023010046,SUB0051,Human Computer Interaction,FAC006,2026-07-13,7,Monday,1,7,2026-2027,A
2297,STU000047,2023010047,SUB0051,Human Computer Interaction,FAC006,2026-07-13,7,Monday,1,7,2026-2027,P
2298,STU000048,2023010048,SUB0051,Human Computer Interaction,FAC006,2026-07-13,7,Monday,1,7,2026-2027,P
2299,STU000049,2023010049,SUB0051,Human Computer Interaction,FAC006,2026-07-13,7,Monday,1,7,2026-2027,P
2300,STU000050,2023010050,SUB0051,Human Computer Interaction,FAC006,2026-07-13,7,Monday,1,7,2026-2027,P
2301,STU000001,2023010001,SUB0050,Software Engineering,FAC005,2026-07-13,10,Monday,1,7,2026-2027,P
2302,STU000001,2023010001,SUB0053,Deep Learning,FAC008,2026-07-13,10,Monday,1,7,2026-2027,P
2303,STU000002,2023010002,SUB0050,Software Engineering,FAC005,2026-07-13,10,Monday,1,7,2026-2027,A
2304,STU000002,2023010002,SUB0053,Deep Learning,FAC008,2026-07-13,10,Monday,1,7,2026-2027,P
2305,STU000003,2023010003,SUB0050,Software Engineering,FAC005,2026-07-13,10,Monday,1,7,2026-2027,P
2306,STU000003,2023010003,SUB0053,Deep Learning,FAC008,2026-07-13,10,Monday,1,7,2026-2027,P
2307,STU000004,2023010004,SUB0050,Software Engineering,FAC005,2026-07-13,10,Monday,1,7,2026-2027,P
2308,STU000004,2023010004,SUB0053,Deep Learning,FAC008,2026-07-13,10,Monday,1,7,2026-2027,P
2309,STU000005,2023010005,SUB0050,Software Engineering,FAC005,2026-07-13,10,Monday,1,7,2026-2027,P
2310,STU000005,2023010005,SUB0053,Deep Learning,FAC008,2026-07-13,10,Monday,1,7,2026-2027,P
2311,STU000006,2023010006,SUB0050,Software Engineering,FAC005,2026-07-13,10,Monday,1,7,2026-2027,P
2312,STU000006,2023010006,SUB0053,Deep Learning,FAC008,2026-07-13,10,Monday,1,7,2026-2027,A
2313,STU000007,2023010007,SUB0050,Software Engineering,FAC005,2026-07-13,10,Monday,1,7,2026-2027,P
2314,STU000007,2023010007,SUB0053,Deep Learning,FAC008,2026-07-13,10,Monday,1,7,2026-2027,P
2315,STU000008,2023010008,SUB0050,Software Engineering,FAC005,2026-07-13,10,Monday,1,7,2026-2027,P
2316,STU000008,2023010008,SUB0053,Deep Learning,FAC008,2026-07-13,10,Monday,1,7,2026-2027,P
2317,STU000009,2023010009,SUB0050,Software Engineering,FAC005,2026-07-13,10,Monday,1,7,2026-2027,A
2318,STU000009,2023010009,SUB0053,Deep Learning,FAC008,2026-07-13,10,Monday,1,7,2026-2027,P
2319,STU000010,2023010010,SUB0050,Software Engineering,FAC005,2026-07-13,10,Monday,1,7,2026-2027,P
2320,STU000010,2023010010,SUB0053,Deep Learning,FAC008,2026-07-13,10,Monday,1,7,2026-2027,P
2321,STU000011,2023010011,SUB0050,Software Engineering,FAC005,2026-07-13,10,Monday,1,7,2026-2027,P
2322,STU000011,2023010011,SUB0053,Deep Learning,FAC008,2026-07-13,10,Monday,1,7,2026-2027,P
2323,STU000012,2023010012,SUB0050,Software Engineering,FAC005,2026-07-13,10,Monday,1,7,2026-2027,P
2324,STU000012,2023010012,SUB0053,Deep Learning,FAC008,2026-07-13,10,Monday,1,7,2026-2027,P
2325,STU000013,2023010013,SUB0050,Software Engineering,FAC005,2026-07-13,10,Monday,1,7,2026-2027,A
2326,STU000013,2023010013,SUB0053,Deep Learning,FAC008,2026-07-13,10,Monday,1,7,2026-2027,P
2327,STU000014,2023010014,SUB0050,Software Engineering,FAC005,2026-07-13,10,Monday,1,7,2026-2027,P
2328,STU000014,2023010014,SUB0053,Deep Learning,FAC008,2026-07-13,10,Monday,1,7,2026-2027,P
2329,STU000015,2023010015,SUB0050,Software Engineering,FAC005,2026-07-13,10,Monday,1,7,2026-2027,P
2330,STU000015,2023010015,SUB0053,Deep Learning,FAC008,2026-07-13,10,Monday,1,7,2026-2027,P
2331,STU000016,2023010016,SUB0050,Software Engineering,FAC005,2026-07-13,10,Monday,1,7,2026-2027,P
2332,STU000016,2023010016,SUB0053,Deep Learning,FAC008,2026-07-13,10,Monday,1,7,2026-2027,P
2333,STU000017,2023010017,SUB0050,Software Engineering,FAC005,2026-07-13,10,Monday,1,7,2026-2027,P
2334,STU000017,2023010017,SUB0053,Deep Learning,FAC008,2026-07-13,10,Monday,1,7,2026-2027,A
2335,STU000018,2023010018,SUB0050,Software Engineering,FAC005,2026-07-13,10,Monday,1,7,2026-2027,P
2336,STU000018,2023010018,SUB0053,Deep Learning,FAC008,2026-07-13,10,Monday,1,7,2026-2027,P
2337,STU000019,2023010019,SUB0050,Software Engineering,FAC005,2026-07-13,10,Monday,1,7,2026-2027,P
2338,STU000019,2023010019,SUB0053,Deep Learning,FAC008,2026-07-13,10,Monday,1,7,2026-2027,P
2339,STU000020,2023010020,SUB0050,Software Engineering,FAC005,2026-07-13,10,Monday,1,7,2026-2027,A
2340,STU000020,2023010020,SUB0053,Deep Learning,FAC008,2026-07-13,10,Monday,1,7,2026-2027,P
2341,STU000021,2023010021,SUB0050,Software Engineering,FAC005,2026-07-13,10,Monday,1,7,2026-2027,P
2342,STU000021,2023010021,SUB0053,Deep Learning,FAC008,2026-07-13,10,Monday,1,7,2026-2027,P
2343,STU000022,2023010022,SUB0050,Software Engineering,FAC005,2026-07-13,10,Monday,1,7,2026-2027,P
2344,STU000022,2023010022,SUB0053,Deep Learning,FAC008,2026-07-13,10,Monday,1,7,2026-2027,P
2345,STU000023,2023010023,SUB0050,Software Engineering,FAC005,2026-07-13,10,Monday,1,7,2026-2027,P
2346,STU000023,2023010023,SUB0053,Deep Learning,FAC008,2026-07-13,10,Monday,1,7,2026-2027,P
2347,STU000024,2023010024,SUB0050,Software Engineering,FAC005,2026-07-13,10,Monday,1,7,2026-2027,P
2348,STU000024,2023010024,SUB0053,Deep Learning,FAC008,2026-07-13,10,Monday,1,7,2026-2027,A
2349,STU000025,2023010025,SUB0050,Software Engineering,FAC005,2026-07-13,10,Monday,1,7,2026-2027,P
2350,STU000025,2023010025,SUB0053,Deep Learning,FAC008,2026-07-13,10,Monday,1,7,2026-2027,P
2351,STU000026,2023010026,SUB0050,Software Engineering,FAC005,2026-07-13,10,Monday,1,7,2026-2027,P
2352,STU000026,2023010026,SUB0053,Deep Learning,FAC008,2026-07-13,10,Monday,1,7,2026-2027,P
2353,STU000027,2023010027,SUB0050,Software Engineering,FAC005,2026-07-13,10,Monday,1,7,2026-2027,A
2354,STU000027,2023010027,SUB0053,Deep Learning,FAC008,2026-07-13,10,Monday,1,7,2026-2027,P
2355,STU000028,2023010028,SUB0050,Software Engineering,FAC005,2026-07-13,10,Monday,1,7,2026-2027,P
2356,STU000028,2023010028,SUB0053,Deep Learning,FAC008,2026-07-13,10,Monday,1,7,2026-2027,P
2357,STU000029,2023010029,SUB0050,Software Engineering,FAC005,2026-07-13,10,Monday,1,7,2026-2027,P
2358,STU000029,2023010029,SUB0053,Deep Learning,FAC008,2026-07-13,10,Monday,1,7,2026-2027,P
2359,STU000030,2023010030,SUB0050,Software Engineering,FAC005,2026-07-13,10,Monday,1,7,2026-2027,P
2360,STU000030,2023010030,SUB0053,Deep Learning,FAC008,2026-07-13,10,Monday,1,7,2026-2027,P
2361,STU000031,2023010031,SUB0050,Software Engineering,FAC005,2026-07-13,10,Monday,1,7,2026-2027,P
2362,STU000031,2023010031,SUB0053,Deep Learning,FAC008,2026-07-13,10,Monday,1,7,2026-2027,A
2363,STU000032,2023010032,SUB0050,Software Engineering,FAC005,2026-07-13,10,Monday,1,7,2026-2027,A
2364,STU000032,2023010032,SUB0053,Deep Learning,FAC008,2026-07-13,10,Monday,1,7,2026-2027,A
2365,STU000033,2023010033,SUB0050,Software Engineering,FAC005,2026-07-13,10,Monday,1,7,2026-2027,P
2366,STU000033,2023010033,SUB0053,Deep Learning,FAC008,2026-07-13,10,Monday,1,7,2026-2027,P
2367,STU000034,2023010034,SUB0050,Software Engineering,FAC005,2026-07-13,10,Monday,1,7,2026-2027,A
2368,STU000034,2023010034,SUB0053,Deep Learning,FAC008,2026-07-13,10,Monday,1,7,2026-2027,P
2369,STU000035,2023010035,SUB0050,Software Engineering,FAC005,2026-07-13,10,Monday,1,7,2026-2027,P
2370,STU000035,2023010035,SUB0053,Deep Learning,FAC008,2026-07-13,10,Monday,1,7,2026-2027,P
2371,STU000036,2023010036,SUB0050,Software Engineering,FAC005,2026-07-13,10,Monday,1,7,2026-2027,P
2372,STU000036,2023010036,SUB0053,Deep Learning,FAC008,2026-07-13,10,Monday,1,7,2026-2027,P
2373,STU000037,2023010037,SUB0050,Software Engineering,FAC005,2026-07-13,10,Monday,1,7,2026-2027,P
2374,STU000037,2023010037,SUB0053,Deep Learning,FAC008,2026-07-13,10,Monday,1,7,2026-2027,P
2375,STU000038,2023010038,SUB0050,Software Engineering,FAC005,2026-07-13,10,Monday,1,7,2026-2027,P
2376,STU000038,2023010038,SUB0053,Deep Learning,FAC008,2026-07-13,10,Monday,1,7,2026-2027,P
2377,STU000039,2023010039,SUB0050,Software Engineering,FAC005,2026-07-13,10,Monday,1,7,2026-2027,P
2378,STU000039,2023010039,SUB0053,Deep Learning,FAC008,2026-07-13,10,Monday,1,7,2026-2027,P
2379,STU000040,2023010040,SUB0050,Software Engineering,FAC005,2026-07-13,10,Monday,1,7,2026-2027,P
2380,STU000040,2023010040,SUB0053,Deep Learning,FAC008,2026-07-13,10,Monday,1,7,2026-2027,P
2381,STU000041,2023010041,SUB0050,Software Engineering,FAC005,2026-07-13,10,Monday,1,7,2026-2027,A
2382,STU000041,2023010041,SUB0053,Deep Learning,FAC008,2026-07-13,10,Monday,1,7,2026-2027,A
2383,STU000042,2023010042,SUB0050,Software Engineering,FAC005,2026-07-13,10,Monday,1,7,2026-2027,P
2384,STU000042,2023010042,SUB0053,Deep Learning,FAC008,2026-07-13,10,Monday,1,7,2026-2027,P
2385,STU000043,2023010043,SUB0050,Software Engineering,FAC005,2026-07-13,10,Monday,1,7,2026-2027,P
2386,STU000043,2023010043,SUB0053,Deep Learning,FAC008,2026-07-13,10,Monday,1,7,2026-2027,P
2387,STU000044,2023010044,SUB0050,Software Engineering,FAC005,2026-07-13,10,Monday,1,7,2026-2027,P
2388,STU000044,2023010044,SUB0053,Deep Learning,FAC008,2026-07-13,10,Monday,1,7,2026-2027,P
2389,STU000045,2023010045,SUB0050,Software Engineering,FAC005,2026-07-13,10,Monday,1,7,2026-2027,P
2390,STU000045,2023010045,SUB0053,Deep Learning,FAC008,2026-07-13,10,Monday,1,7,2026-2027,P
2391,STU000046,2023010046,SUB0050,Software Engineering,FAC005,2026-07-13,10,Monday,1,7,2026-2027,P
2392,STU000046,2023010046,SUB0053,Deep Learning,FAC008,2026-07-13,10,Monday,1,7,2026-2027,P
2393,STU000047,2023010047,SUB0050,Software Engineering,FAC005,2026-07-13,10,Monday,1,7,2026-2027,P
2394,STU000047,2023010047,SUB0053,Deep Learning,FAC008,2026-07-13,10,Monday,1,7,2026-2027,P
2395,STU000048,2023010048,SUB0050,Software Engineering,FAC005,2026-07-13,10,Monday,1,7,2026-2027,P
2396,STU000048,2023010048,SUB0053,Deep Learning,FAC008,2026-07-13,10,Monday,1,7,2026-2027,P
2397,STU000049,2023010049,SUB0050,Software Engineering,FAC005,2026-07-13,10,Monday,1,7,2026-2027,P
2398,STU000049,2023010049,SUB0053,Deep Learning,FAC008,2026-07-13,10,Monday,1,7,2026-2027,A
2399,STU000050,2023010050,SUB0050,Software Engineering,FAC005,2026-07-13,10,Monday,1,7,2026-2027,P
2400,STU000050,2023010050,SUB0053,Deep Learning,FAC008,2026-07-13,10,Monday,1,7,2026-2027,P
2401,STU000001,2023010001,SUB0052,"Innovation, Start-up & Entrepreneurship",FAC007,2026-07-14,4,Tuesday,1,7,2026-2027,P
2402,STU000002,2023010002,SUB0052,"Innovation, Start-up & Entrepreneurship",FAC007,2026-07-14,4,Tuesday,1,7,2026-2027,P
2403,STU000003,2023010003,SUB0052,"Innovation, Start-up & Entrepreneurship",FAC007,2026-07-14,4,Tuesday,1,7,2026-2027,P
2404,STU000004,2023010004,SUB0052,"Innovation, Start-up & Entrepreneurship",FAC007,2026-07-14,4,Tuesday,1,7,2026-2027,P
2405,STU000005,2023010005,SUB0052,"Innovation, Start-up & Entrepreneurship",FAC007,2026-07-14,4,Tuesday,1,7,2026-2027,P
2406,STU000006,2023010006,SUB0052,"Innovation, Start-up & Entrepreneurship",FAC007,2026-07-14,4,Tuesday,1,7,2026-2027,P
2407,STU000007,2023010007,SUB0052,"Innovation, Start-up & Entrepreneurship",FAC007,2026-07-14,4,Tuesday,1,7,2026-2027,A
2408,STU000008,2023010008,SUB0052,"Innovation, Start-up & Entrepreneurship",FAC007,2026-07-14,4,Tuesday,1,7,2026-2027,P
2409,STU000009,2023010009,SUB0052,"Innovation, Start-up & Entrepreneurship",FAC007,2026-07-14,4,Tuesday,1,7,2026-2027,P
2410,STU000010,2023010010,SUB0052,"Innovation, Start-up & Entrepreneurship",FAC007,2026-07-14,4,Tuesday,1,7,2026-2027,P
2411,STU000011,2023010011,SUB0052,"Innovation, Start-up & Entrepreneurship",FAC007,2026-07-14,4,Tuesday,1,7,2026-2027,P
2412,STU000012,2023010012,SUB0052,"Innovation, Start-up & Entrepreneurship",FAC007,2026-07-14,4,Tuesday,1,7,2026-2027,P
2413,STU000013,2023010013,SUB0052,"Innovation, Start-up & Entrepreneurship",FAC007,2026-07-14,4,Tuesday,1,7,2026-2027,P
2414,STU000014,2023010014,SUB0052,"Innovation, Start-up & Entrepreneurship",FAC007,2026-07-14,4,Tuesday,1,7,2026-2027,P
2415,STU000015,2023010015,SUB0052,"Innovation, Start-up & Entrepreneurship",FAC007,2026-07-14,4,Tuesday,1,7,2026-2027,A
2416,STU000016,2023010016,SUB0052,"Innovation, Start-up & Entrepreneurship",FAC007,2026-07-14,4,Tuesday,1,7,2026-2027,P
2417,STU000017,2023010017,SUB0052,"Innovation, Start-up & Entrepreneurship",FAC007,2026-07-14,4,Tuesday,1,7,2026-2027,P
2418,STU000018,2023010018,SUB0052,"Innovation, Start-up & Entrepreneurship",FAC007,2026-07-14,4,Tuesday,1,7,2026-2027,P
2419,STU000019,2023010019,SUB0052,"Innovation, Start-up & Entrepreneurship",FAC007,2026-07-14,4,Tuesday,1,7,2026-2027,P
2420,STU000020,2023010020,SUB0052,"Innovation, Start-up & Entrepreneurship",FAC007,2026-07-14,4,Tuesday,1,7,2026-2027,P
2421,STU000021,2023010021,SUB0052,"Innovation, Start-up & Entrepreneurship",FAC007,2026-07-14,4,Tuesday,1,7,2026-2027,P
2422,STU000022,2023010022,SUB0052,"Innovation, Start-up & Entrepreneurship",FAC007,2026-07-14,4,Tuesday,1,7,2026-2027,P
2423,STU000023,2023010023,SUB0052,"Innovation, Start-up & Entrepreneurship",FAC007,2026-07-14,4,Tuesday,1,7,2026-2027,P
2424,STU000024,2023010024,SUB0052,"Innovation, Start-up & Entrepreneurship",FAC007,2026-07-14,4,Tuesday,1,7,2026-2027,P
2425,STU000025,2023010025,SUB0052,"Innovation, Start-up & Entrepreneurship",FAC007,2026-07-14,4,Tuesday,1,7,2026-2027,P
2426,STU000026,2023010026,SUB0052,"Innovation, Start-up & Entrepreneurship",FAC007,2026-07-14,4,Tuesday,1,7,2026-2027,P
2427,STU000027,2023010027,SUB0052,"Innovation, Start-up & Entrepreneurship",FAC007,2026-07-14,4,Tuesday,1,7,2026-2027,P
2428,STU000028,2023010028,SUB0052,"Innovation, Start-up & Entrepreneurship",FAC007,2026-07-14,4,Tuesday,1,7,2026-2027,P
2429,STU000029,2023010029,SUB0052,"Innovation, Start-up & Entrepreneurship",FAC007,2026-07-14,4,Tuesday,1,7,2026-2027,P
2430,STU000030,2023010030,SUB0052,"Innovation, Start-up & Entrepreneurship",FAC007,2026-07-14,4,Tuesday,1,7,2026-2027,P
2431,STU000031,2023010031,SUB0052,"Innovation, Start-up & Entrepreneurship",FAC007,2026-07-14,4,Tuesday,1,7,2026-2027,A
2432,STU000032,2023010032,SUB0052,"Innovation, Start-up & Entrepreneurship",FAC007,2026-07-14,4,Tuesday,1,7,2026-2027,A
2433,STU000033,2023010033,SUB0052,"Innovation, Start-up & Entrepreneurship",FAC007,2026-07-14,4,Tuesday,1,7,2026-2027,P
2434,STU000034,2023010034,SUB0052,"Innovation, Start-up & Entrepreneurship",FAC007,2026-07-14,4,Tuesday,1,7,2026-2027,P
2435,STU000035,2023010035,SUB0052,"Innovation, Start-up & Entrepreneurship",FAC007,2026-07-14,4,Tuesday,1,7,2026-2027,P
2436,STU000036,2023010036,SUB0052,"Innovation, Start-up & Entrepreneurship",FAC007,2026-07-14,4,Tuesday,1,7,2026-2027,P
2437,STU000037,2023010037,SUB0052,"Innovation, Start-up & Entrepreneurship",FAC007,2026-07-14,4,Tuesday,1,7,2026-2027,P
2438,STU000038,2023010038,SUB0052,"Innovation, Start-up & Entrepreneurship",FAC007,2026-07-14,4,Tuesday,1,7,2026-2027,P
2439,STU000039,2023010039,SUB0052,"Innovation, Start-up & Entrepreneurship",FAC007,2026-07-14,4,Tuesday,1,7,2026-2027,A
2440,STU000040,2023010040,SUB0052,"Innovation, Start-up & Entrepreneurship",FAC007,2026-07-14,4,Tuesday,1,7,2026-2027,P
2441,STU000041,2023010041,SUB0052,"Innovation, Start-up & Entrepreneurship",FAC007,2026-07-14,4,Tuesday,1,7,2026-2027,A
2442,STU000042,2023010042,SUB0052,"Innovation, Start-up & Entrepreneurship",FAC007,2026-07-14,4,Tuesday,1,7,2026-2027,P
2443,STU000043,2023010043,SUB0052,"Innovation, Start-up & Entrepreneurship",FAC007,2026-07-14,4,Tuesday,1,7,2026-2027,P
2444,STU000044,2023010044,SUB0052,"Innovation, Start-up & Entrepreneurship",FAC007,2026-07-14,4,Tuesday,1,7,2026-2027,P
2445,STU000045,2023010045,SUB0052,"Innovation, Start-up & Entrepreneurship",FAC007,2026-07-14,4,Tuesday,1,7,2026-2027,P
2446,STU000046,2023010046,SUB0052,"Innovation, Start-up & Entrepreneurship",FAC007,2026-07-14,4,Tuesday,1,7,2026-2027,P
2447,STU000047,2023010047,SUB0052,"Innovation, Start-up & Entrepreneurship",FAC007,2026-07-14,4,Tuesday,1,7,2026-2027,P
2448,STU000048,2023010048,SUB0052,"Innovation, Start-up & Entrepreneurship",FAC007,2026-07-14,4,Tuesday,1,7,2026-2027,P
2449,STU000049,2023010049,SUB0052,"Innovation, Start-up & Entrepreneurship",FAC007,2026-07-14,4,Tuesday,1,7,2026-2027,P
2450,STU000050,2023010050,SUB0052,"Innovation, Start-up & Entrepreneurship",FAC007,2026-07-14,4,Tuesday,1,7,2026-2027,P
2451,STU000001,2023010001,SUB0054,Natural Language Processing,FAC009,2026-07-14,7,Tuesday,1,7,2026-2027,P
2452,STU000002,2023010002,SUB0054,Natural Language Processing,FAC009,2026-07-14,7,Tuesday,1,7,2026-2027,P
2453,STU000003,2023010003,SUB0054,Natural Language Processing,FAC009,2026-07-14,7,Tuesday,1,7,2026-2027,P
2454,STU000004,2023010004,SUB0054,Natural Language Processing,FAC009,2026-07-14,7,Tuesday,1,7,2026-2027,P
2455,STU000005,2023010005,SUB0054,Natural Language Processing,FAC009,2026-07-14,7,Tuesday,1,7,2026-2027,P
2456,STU000006,2023010006,SUB0054,Natural Language Processing,FAC009,2026-07-14,7,Tuesday,1,7,2026-2027,P
2457,STU000007,2023010007,SUB0054,Natural Language Processing,FAC009,2026-07-14,7,Tuesday,1,7,2026-2027,P
2458,STU000008,2023010008,SUB0054,Natural Language Processing,FAC009,2026-07-14,7,Tuesday,1,7,2026-2027,P
2459,STU000009,2023010009,SUB0054,Natural Language Processing,FAC009,2026-07-14,7,Tuesday,1,7,2026-2027,P
2460,STU000010,2023010010,SUB0054,Natural Language Processing,FAC009,2026-07-14,7,Tuesday,1,7,2026-2027,P
2461,STU000011,2023010011,SUB0054,Natural Language Processing,FAC009,2026-07-14,7,Tuesday,1,7,2026-2027,P
2462,STU000012,2023010012,SUB0054,Natural Language Processing,FAC009,2026-07-14,7,Tuesday,1,7,2026-2027,P
2463,STU000013,2023010013,SUB0054,Natural Language Processing,FAC009,2026-07-14,7,Tuesday,1,7,2026-2027,P
2464,STU000014,2023010014,SUB0054,Natural Language Processing,FAC009,2026-07-14,7,Tuesday,1,7,2026-2027,P
2465,STU000015,2023010015,SUB0054,Natural Language Processing,FAC009,2026-07-14,7,Tuesday,1,7,2026-2027,P
2466,STU000016,2023010016,SUB0054,Natural Language Processing,FAC009,2026-07-14,7,Tuesday,1,7,2026-2027,A
2467,STU000017,2023010017,SUB0054,Natural Language Processing,FAC009,2026-07-14,7,Tuesday,1,7,2026-2027,P
2468,STU000018,2023010018,SUB0054,Natural Language Processing,FAC009,2026-07-14,7,Tuesday,1,7,2026-2027,P
2469,STU000019,2023010019,SUB0054,Natural Language Processing,FAC009,2026-07-14,7,Tuesday,1,7,2026-2027,P
2470,STU000020,2023010020,SUB0054,Natural Language Processing,FAC009,2026-07-14,7,Tuesday,1,7,2026-2027,P
2471,STU000021,2023010021,SUB0054,Natural Language Processing,FAC009,2026-07-14,7,Tuesday,1,7,2026-2027,P
2472,STU000022,2023010022,SUB0054,Natural Language Processing,FAC009,2026-07-14,7,Tuesday,1,7,2026-2027,P
2473,STU000023,2023010023,SUB0054,Natural Language Processing,FAC009,2026-07-14,7,Tuesday,1,7,2026-2027,P
2474,STU000024,2023010024,SUB0054,Natural Language Processing,FAC009,2026-07-14,7,Tuesday,1,7,2026-2027,P
2475,STU000025,2023010025,SUB0054,Natural Language Processing,FAC009,2026-07-14,7,Tuesday,1,7,2026-2027,A
2476,STU000026,2023010026,SUB0054,Natural Language Processing,FAC009,2026-07-14,7,Tuesday,1,7,2026-2027,P
2477,STU000027,2023010027,SUB0054,Natural Language Processing,FAC009,2026-07-14,7,Tuesday,1,7,2026-2027,P
2478,STU000028,2023010028,SUB0054,Natural Language Processing,FAC009,2026-07-14,7,Tuesday,1,7,2026-2027,P
2479,STU000029,2023010029,SUB0054,Natural Language Processing,FAC009,2026-07-14,7,Tuesday,1,7,2026-2027,P
2480,STU000030,2023010030,SUB0054,Natural Language Processing,FAC009,2026-07-14,7,Tuesday,1,7,2026-2027,P
2481,STU000031,2023010031,SUB0054,Natural Language Processing,FAC009,2026-07-14,7,Tuesday,1,7,2026-2027,P
2482,STU000032,2023010032,SUB0054,Natural Language Processing,FAC009,2026-07-14,7,Tuesday,1,7,2026-2027,A
2483,STU000033,2023010033,SUB0054,Natural Language Processing,FAC009,2026-07-14,7,Tuesday,1,7,2026-2027,P
2484,STU000034,2023010034,SUB0054,Natural Language Processing,FAC009,2026-07-14,7,Tuesday,1,7,2026-2027,P
2485,STU000035,2023010035,SUB0054,Natural Language Processing,FAC009,2026-07-14,7,Tuesday,1,7,2026-2027,P
2486,STU000036,2023010036,SUB0054,Natural Language Processing,FAC009,2026-07-14,7,Tuesday,1,7,2026-2027,P
2487,STU000037,2023010037,SUB0054,Natural Language Processing,FAC009,2026-07-14,7,Tuesday,1,7,2026-2027,P
2488,STU000038,2023010038,SUB0054,Natural Language Processing,FAC009,2026-07-14,7,Tuesday,1,7,2026-2027,P
2489,STU000039,2023010039,SUB0054,Natural Language Processing,FAC009,2026-07-14,7,Tuesday,1,7,2026-2027,P
2490,STU000040,2023010040,SUB0054,Natural Language Processing,FAC009,2026-07-14,7,Tuesday,1,7,2026-2027,P
2491,STU000041,2023010041,SUB0054,Natural Language Processing,FAC009,2026-07-14,7,Tuesday,1,7,2026-2027,A
2492,STU000042,2023010042,SUB0054,Natural Language Processing,FAC009,2026-07-14,7,Tuesday,1,7,2026-2027,P
2493,STU000043,2023010043,SUB0054,Natural Language Processing,FAC009,2026-07-14,7,Tuesday,1,7,2026-2027,P
2494,STU000044,2023010044,SUB0054,Natural Language Processing,FAC009,2026-07-14,7,Tuesday,1,7,2026-2027,P
2495,STU000045,2023010045,SUB0054,Natural Language Processing,FAC009,2026-07-14,7,Tuesday,1,7,2026-2027,P
2496,STU000046,2023010046,SUB0054,Natural Language Processing,FAC009,2026-07-14,7,Tuesday,1,7,2026-2027,P
2497,STU000047,2023010047,SUB0054,Natural Language Processing,FAC009,2026-07-14,7,Tuesday,1,7,2026-2027,P
2498,STU000048,2023010048,SUB0054,Natural Language Processing,FAC009,2026-07-14,7,Tuesday,1,7,2026-2027,A
2499,STU000049,2023010049,SUB0054,Natural Language Processing,FAC009,2026-07-14,7,Tuesday,1,7,2026-2027,P
2500,STU000050,2023010050,SUB0054,Natural Language Processing,FAC009,2026-07-14,7,Tuesday,1,7,2026-2027,A
2501,STU000001,2023010001,SUB0053,Deep Learning,FAC008,2026-07-14,11,Tuesday,1,7,2026-2027,P
2502,STU000002,2023010002,SUB0053,Deep Learning,FAC008,2026-07-14,11,Tuesday,1,7,2026-2027,P
2503,STU000003,2023010003,SUB0053,Deep Learning,FAC008,2026-07-14,11,Tuesday,1,7,2026-2027,P
2504,STU000004,2023010004,SUB0053,Deep Learning,FAC008,2026-07-14,11,Tuesday,1,7,2026-2027,P
2505,STU000005,2023010005,SUB0053,Deep Learning,FAC008,2026-07-14,11,Tuesday,1,7,2026-2027,P
2506,STU000006,2023010006,SUB0053,Deep Learning,FAC008,2026-07-14,11,Tuesday,1,7,2026-2027,P
2507,STU000007,2023010007,SUB0053,Deep Learning,FAC008,2026-07-14,11,Tuesday,1,7,2026-2027,A
2508,STU000008,2023010008,SUB0053,Deep Learning,FAC008,2026-07-14,11,Tuesday,1,7,2026-2027,P
2509,STU000009,2023010009,SUB0053,Deep Learning,FAC008,2026-07-14,11,Tuesday,1,7,2026-2027,P
2510,STU000010,2023010010,SUB0053,Deep Learning,FAC008,2026-07-14,11,Tuesday,1,7,2026-2027,P
2511,STU000011,2023010011,SUB0053,Deep Learning,FAC008,2026-07-14,11,Tuesday,1,7,2026-2027,P
2512,STU000012,2023010012,SUB0053,Deep Learning,FAC008,2026-07-14,11,Tuesday,1,7,2026-2027,P
2513,STU000013,2023010013,SUB0053,Deep Learning,FAC008,2026-07-14,11,Tuesday,1,7,2026-2027,P
2514,STU000014,2023010014,SUB0053,Deep Learning,FAC008,2026-07-14,11,Tuesday,1,7,2026-2027,P
2515,STU000015,2023010015,SUB0053,Deep Learning,FAC008,2026-07-14,11,Tuesday,1,7,2026-2027,P
2516,STU000016,2023010016,SUB0053,Deep Learning,FAC008,2026-07-14,11,Tuesday,1,7,2026-2027,P
2517,STU000017,2023010017,SUB0053,Deep Learning,FAC008,2026-07-14,11,Tuesday,1,7,2026-2027,P
2518,STU000018,2023010018,SUB0053,Deep Learning,FAC008,2026-07-14,11,Tuesday,1,7,2026-2027,A
2519,STU000019,2023010019,SUB0053,Deep Learning,FAC008,2026-07-14,11,Tuesday,1,7,2026-2027,P
2520,STU000020,2023010020,SUB0053,Deep Learning,FAC008,2026-07-14,11,Tuesday,1,7,2026-2027,P
2521,STU000021,2023010021,SUB0053,Deep Learning,FAC008,2026-07-14,11,Tuesday,1,7,2026-2027,P
2522,STU000022,2023010022,SUB0053,Deep Learning,FAC008,2026-07-14,11,Tuesday,1,7,2026-2027,P
2523,STU000023,2023010023,SUB0053,Deep Learning,FAC008,2026-07-14,11,Tuesday,1,7,2026-2027,P
2524,STU000024,2023010024,SUB0053,Deep Learning,FAC008,2026-07-14,11,Tuesday,1,7,2026-2027,P
2525,STU000025,2023010025,SUB0053,Deep Learning,FAC008,2026-07-14,11,Tuesday,1,7,2026-2027,A
2526,STU000026,2023010026,SUB0053,Deep Learning,FAC008,2026-07-14,11,Tuesday,1,7,2026-2027,P
2527,STU000027,2023010027,SUB0053,Deep Learning,FAC008,2026-07-14,11,Tuesday,1,7,2026-2027,P
2528,STU000028,2023010028,SUB0053,Deep Learning,FAC008,2026-07-14,11,Tuesday,1,7,2026-2027,P
2529,STU000029,2023010029,SUB0053,Deep Learning,FAC008,2026-07-14,11,Tuesday,1,7,2026-2027,P
2530,STU000030,2023010030,SUB0053,Deep Learning,FAC008,2026-07-14,11,Tuesday,1,7,2026-2027,P
2531,STU000031,2023010031,SUB0053,Deep Learning,FAC008,2026-07-14,11,Tuesday,1,7,2026-2027,P
2532,STU000032,2023010032,SUB0053,Deep Learning,FAC008,2026-07-14,11,Tuesday,1,7,2026-2027,A
2533,STU000033,2023010033,SUB0053,Deep Learning,FAC008,2026-07-14,11,Tuesday,1,7,2026-2027,P
2534,STU000034,2023010034,SUB0053,Deep Learning,FAC008,2026-07-14,11,Tuesday,1,7,2026-2027,P
2535,STU000035,2023010035,SUB0053,Deep Learning,FAC008,2026-07-14,11,Tuesday,1,7,2026-2027,P
2536,STU000036,2023010036,SUB0053,Deep Learning,FAC008,2026-07-14,11,Tuesday,1,7,2026-2027,P
2537,STU000037,2023010037,SUB0053,Deep Learning,FAC008,2026-07-14,11,Tuesday,1,7,2026-2027,P
2538,STU000038,2023010038,SUB0053,Deep Learning,FAC008,2026-07-14,11,Tuesday,1,7,2026-2027,P
2539,STU000039,2023010039,SUB0053,Deep Learning,FAC008,2026-07-14,11,Tuesday,1,7,2026-2027,P
2540,STU000040,2023010040,SUB0053,Deep Learning,FAC008,2026-07-14,11,Tuesday,1,7,2026-2027,P
2541,STU000041,2023010041,SUB0053,Deep Learning,FAC008,2026-07-14,11,Tuesday,1,7,2026-2027,P
2542,STU000042,2023010042,SUB0053,Deep Learning,FAC008,2026-07-14,11,Tuesday,1,7,2026-2027,P
2543,STU000043,2023010043,SUB0053,Deep Learning,FAC008,2026-07-14,11,Tuesday,1,7,2026-2027,A
2544,STU000044,2023010044,SUB0053,Deep Learning,FAC008,2026-07-14,11,Tuesday,1,7,2026-2027,P
2545,STU000045,2023010045,SUB0053,Deep Learning,FAC008,2026-07-14,11,Tuesday,1,7,2026-2027,P
2546,STU000046,2023010046,SUB0053,Deep Learning,FAC008,2026-07-14,11,Tuesday,1,7,2026-2027,P
2547,STU000047,2023010047,SUB0053,Deep Learning,FAC008,2026-07-14,11,Tuesday,1,7,2026-2027,A
2548,STU000048,2023010048,SUB0053,Deep Learning,FAC008,2026-07-14,11,Tuesday,1,7,2026-2027,P
2549,STU000049,2023010049,SUB0053,Deep Learning,FAC008,2026-07-14,11,Tuesday,1,7,2026-2027,P
2550,STU000050,2023010050,SUB0053,Deep Learning,FAC008,2026-07-14,11,Tuesday,1,7,2026-2027,A
2551,STU000001,2023010001,SUB0051,Human Computer Interaction,FAC006,2026-07-15,8,Wednesday,1,7,2026-2027,P
2552,STU000001,2023010001,SUB0054,Natural Language Processing,FAC009,2026-07-15,8,Wednesday,1,7,2026-2027,A
2553,STU000002,2023010002,SUB0051,Human Computer Interaction,FAC006,2026-07-15,8,Wednesday,1,7,2026-2027,P
2554,STU000002,2023010002,SUB0054,Natural Language Processing,FAC009,2026-07-15,8,Wednesday,1,7,2026-2027,P
2555,STU000003,2023010003,SUB0051,Human Computer Interaction,FAC006,2026-07-15,8,Wednesday,1,7,2026-2027,A
2556,STU000003,2023010003,SUB0054,Natural Language Processing,FAC009,2026-07-15,8,Wednesday,1,7,2026-2027,P
2557,STU000004,2023010004,SUB0051,Human Computer Interaction,FAC006,2026-07-15,8,Wednesday,1,7,2026-2027,P
2558,STU000004,2023010004,SUB0054,Natural Language Processing,FAC009,2026-07-15,8,Wednesday,1,7,2026-2027,P
2559,STU000005,2023010005,SUB0051,Human Computer Interaction,FAC006,2026-07-15,8,Wednesday,1,7,2026-2027,P
2560,STU000005,2023010005,SUB0054,Natural Language Processing,FAC009,2026-07-15,8,Wednesday,1,7,2026-2027,P
2561,STU000006,2023010006,SUB0051,Human Computer Interaction,FAC006,2026-07-15,8,Wednesday,1,7,2026-2027,P
2562,STU000006,2023010006,SUB0054,Natural Language Processing,FAC009,2026-07-15,8,Wednesday,1,7,2026-2027,P
2563,STU000007,2023010007,SUB0051,Human Computer Interaction,FAC006,2026-07-15,8,Wednesday,1,7,2026-2027,P
2564,STU000007,2023010007,SUB0054,Natural Language Processing,FAC009,2026-07-15,8,Wednesday,1,7,2026-2027,P
2565,STU000008,2023010008,SUB0051,Human Computer Interaction,FAC006,2026-07-15,8,Wednesday,1,7,2026-2027,P
2566,STU000008,2023010008,SUB0054,Natural Language Processing,FAC009,2026-07-15,8,Wednesday,1,7,2026-2027,P
2567,STU000009,2023010009,SUB0051,Human Computer Interaction,FAC006,2026-07-15,8,Wednesday,1,7,2026-2027,P
2568,STU000009,2023010009,SUB0054,Natural Language Processing,FAC009,2026-07-15,8,Wednesday,1,7,2026-2027,P
2569,STU000010,2023010010,SUB0051,Human Computer Interaction,FAC006,2026-07-15,8,Wednesday,1,7,2026-2027,P
2570,STU000010,2023010010,SUB0054,Natural Language Processing,FAC009,2026-07-15,8,Wednesday,1,7,2026-2027,P
2571,STU000011,2023010011,SUB0051,Human Computer Interaction,FAC006,2026-07-15,8,Wednesday,1,7,2026-2027,P
2572,STU000011,2023010011,SUB0054,Natural Language Processing,FAC009,2026-07-15,8,Wednesday,1,7,2026-2027,P
2573,STU000012,2023010012,SUB0051,Human Computer Interaction,FAC006,2026-07-15,8,Wednesday,1,7,2026-2027,P
2574,STU000012,2023010012,SUB0054,Natural Language Processing,FAC009,2026-07-15,8,Wednesday,1,7,2026-2027,P
2575,STU000013,2023010013,SUB0051,Human Computer Interaction,FAC006,2026-07-15,8,Wednesday,1,7,2026-2027,A
2576,STU000013,2023010013,SUB0054,Natural Language Processing,FAC009,2026-07-15,8,Wednesday,1,7,2026-2027,P
2577,STU000014,2023010014,SUB0051,Human Computer Interaction,FAC006,2026-07-15,8,Wednesday,1,7,2026-2027,P
2578,STU000014,2023010014,SUB0054,Natural Language Processing,FAC009,2026-07-15,8,Wednesday,1,7,2026-2027,P
2579,STU000015,2023010015,SUB0051,Human Computer Interaction,FAC006,2026-07-15,8,Wednesday,1,7,2026-2027,P
2580,STU000015,2023010015,SUB0054,Natural Language Processing,FAC009,2026-07-15,8,Wednesday,1,7,2026-2027,P
2581,STU000016,2023010016,SUB0051,Human Computer Interaction,FAC006,2026-07-15,8,Wednesday,1,7,2026-2027,P
2582,STU000016,2023010016,SUB0054,Natural Language Processing,FAC009,2026-07-15,8,Wednesday,1,7,2026-2027,P
2583,STU000017,2023010017,SUB0051,Human Computer Interaction,FAC006,2026-07-15,8,Wednesday,1,7,2026-2027,P
2584,STU000017,2023010017,SUB0054,Natural Language Processing,FAC009,2026-07-15,8,Wednesday,1,7,2026-2027,A
2585,STU000018,2023010018,SUB0051,Human Computer Interaction,FAC006,2026-07-15,8,Wednesday,1,7,2026-2027,P
2586,STU000018,2023010018,SUB0054,Natural Language Processing,FAC009,2026-07-15,8,Wednesday,1,7,2026-2027,P
2587,STU000019,2023010019,SUB0051,Human Computer Interaction,FAC006,2026-07-15,8,Wednesday,1,7,2026-2027,P
2588,STU000019,2023010019,SUB0054,Natural Language Processing,FAC009,2026-07-15,8,Wednesday,1,7,2026-2027,P
2589,STU000020,2023010020,SUB0051,Human Computer Interaction,FAC006,2026-07-15,8,Wednesday,1,7,2026-2027,A
2590,STU000020,2023010020,SUB0054,Natural Language Processing,FAC009,2026-07-15,8,Wednesday,1,7,2026-2027,P
2591,STU000021,2023010021,SUB0051,Human Computer Interaction,FAC006,2026-07-15,8,Wednesday,1,7,2026-2027,P
2592,STU000021,2023010021,SUB0054,Natural Language Processing,FAC009,2026-07-15,8,Wednesday,1,7,2026-2027,P
2593,STU000022,2023010022,SUB0051,Human Computer Interaction,FAC006,2026-07-15,8,Wednesday,1,7,2026-2027,P
2594,STU000022,2023010022,SUB0054,Natural Language Processing,FAC009,2026-07-15,8,Wednesday,1,7,2026-2027,P
2595,STU000023,2023010023,SUB0051,Human Computer Interaction,FAC006,2026-07-15,8,Wednesday,1,7,2026-2027,P
2596,STU000023,2023010023,SUB0054,Natural Language Processing,FAC009,2026-07-15,8,Wednesday,1,7,2026-2027,P
2597,STU000024,2023010024,SUB0051,Human Computer Interaction,FAC006,2026-07-15,8,Wednesday,1,7,2026-2027,P
2598,STU000024,2023010024,SUB0054,Natural Language Processing,FAC009,2026-07-15,8,Wednesday,1,7,2026-2027,P
2599,STU000025,2023010025,SUB0051,Human Computer Interaction,FAC006,2026-07-15,8,Wednesday,1,7,2026-2027,P
2600,STU000025,2023010025,SUB0054,Natural Language Processing,FAC009,2026-07-15,8,Wednesday,1,7,2026-2027,P
2601,STU000026,2023010026,SUB0051,Human Computer Interaction,FAC006,2026-07-15,8,Wednesday,1,7,2026-2027,P
2602,STU000026,2023010026,SUB0054,Natural Language Processing,FAC009,2026-07-15,8,Wednesday,1,7,2026-2027,A
2603,STU000027,2023010027,SUB0051,Human Computer Interaction,FAC006,2026-07-15,8,Wednesday,1,7,2026-2027,P
2604,STU000027,2023010027,SUB0054,Natural Language Processing,FAC009,2026-07-15,8,Wednesday,1,7,2026-2027,P
2605,STU000028,2023010028,SUB0051,Human Computer Interaction,FAC006,2026-07-15,8,Wednesday,1,7,2026-2027,P
2606,STU000028,2023010028,SUB0054,Natural Language Processing,FAC009,2026-07-15,8,Wednesday,1,7,2026-2027,P
2607,STU000029,2023010029,SUB0051,Human Computer Interaction,FAC006,2026-07-15,8,Wednesday,1,7,2026-2027,P
2608,STU000029,2023010029,SUB0054,Natural Language Processing,FAC009,2026-07-15,8,Wednesday,1,7,2026-2027,P
2609,STU000030,2023010030,SUB0051,Human Computer Interaction,FAC006,2026-07-15,8,Wednesday,1,7,2026-2027,A
2610,STU000030,2023010030,SUB0054,Natural Language Processing,FAC009,2026-07-15,8,Wednesday,1,7,2026-2027,P
2611,STU000031,2023010031,SUB0051,Human Computer Interaction,FAC006,2026-07-15,8,Wednesday,1,7,2026-2027,P
2612,STU000031,2023010031,SUB0054,Natural Language Processing,FAC009,2026-07-15,8,Wednesday,1,7,2026-2027,P
2613,STU000032,2023010032,SUB0051,Human Computer Interaction,FAC006,2026-07-15,8,Wednesday,1,7,2026-2027,A
2614,STU000032,2023010032,SUB0054,Natural Language Processing,FAC009,2026-07-15,8,Wednesday,1,7,2026-2027,A
2615,STU000033,2023010033,SUB0051,Human Computer Interaction,FAC006,2026-07-15,8,Wednesday,1,7,2026-2027,P
2616,STU000033,2023010033,SUB0054,Natural Language Processing,FAC009,2026-07-15,8,Wednesday,1,7,2026-2027,A
2617,STU000034,2023010034,SUB0051,Human Computer Interaction,FAC006,2026-07-15,8,Wednesday,1,7,2026-2027,P
2618,STU000034,2023010034,SUB0054,Natural Language Processing,FAC009,2026-07-15,8,Wednesday,1,7,2026-2027,P
2619,STU000035,2023010035,SUB0051,Human Computer Interaction,FAC006,2026-07-15,8,Wednesday,1,7,2026-2027,P
2620,STU000035,2023010035,SUB0054,Natural Language Processing,FAC009,2026-07-15,8,Wednesday,1,7,2026-2027,P
2621,STU000036,2023010036,SUB0051,Human Computer Interaction,FAC006,2026-07-15,8,Wednesday,1,7,2026-2027,P
2622,STU000036,2023010036,SUB0054,Natural Language Processing,FAC009,2026-07-15,8,Wednesday,1,7,2026-2027,P
2623,STU000037,2023010037,SUB0051,Human Computer Interaction,FAC006,2026-07-15,8,Wednesday,1,7,2026-2027,A
2624,STU000037,2023010037,SUB0054,Natural Language Processing,FAC009,2026-07-15,8,Wednesday,1,7,2026-2027,P
2625,STU000038,2023010038,SUB0051,Human Computer Interaction,FAC006,2026-07-15,8,Wednesday,1,7,2026-2027,P
2626,STU000038,2023010038,SUB0054,Natural Language Processing,FAC009,2026-07-15,8,Wednesday,1,7,2026-2027,P
2627,STU000039,2023010039,SUB0051,Human Computer Interaction,FAC006,2026-07-15,8,Wednesday,1,7,2026-2027,P
2628,STU000039,2023010039,SUB0054,Natural Language Processing,FAC009,2026-07-15,8,Wednesday,1,7,2026-2027,P
2629,STU000040,2023010040,SUB0051,Human Computer Interaction,FAC006,2026-07-15,8,Wednesday,1,7,2026-2027,P
2630,STU000040,2023010040,SUB0054,Natural Language Processing,FAC009,2026-07-15,8,Wednesday,1,7,2026-2027,P
2631,STU000041,2023010041,SUB0051,Human Computer Interaction,FAC006,2026-07-15,8,Wednesday,1,7,2026-2027,A
2632,STU000041,2023010041,SUB0054,Natural Language Processing,FAC009,2026-07-15,8,Wednesday,1,7,2026-2027,A
2633,STU000042,2023010042,SUB0051,Human Computer Interaction,FAC006,2026-07-15,8,Wednesday,1,7,2026-2027,P
2634,STU000042,2023010042,SUB0054,Natural Language Processing,FAC009,2026-07-15,8,Wednesday,1,7,2026-2027,P
2635,STU000043,2023010043,SUB0051,Human Computer Interaction,FAC006,2026-07-15,8,Wednesday,1,7,2026-2027,P
2636,STU000043,2023010043,SUB0054,Natural Language Processing,FAC009,2026-07-15,8,Wednesday,1,7,2026-2027,P
2637,STU000044,2023010044,SUB0051,Human Computer Interaction,FAC006,2026-07-15,8,Wednesday,1,7,2026-2027,P
2638,STU000044,2023010044,SUB0054,Natural Language Processing,FAC009,2026-07-15,8,Wednesday,1,7,2026-2027,P
2639,STU000045,2023010045,SUB0051,Human Computer Interaction,FAC006,2026-07-15,8,Wednesday,1,7,2026-2027,P
2640,STU000045,2023010045,SUB0054,Natural Language Processing,FAC009,2026-07-15,8,Wednesday,1,7,2026-2027,P
2641,STU000046,2023010046,SUB0051,Human Computer Interaction,FAC006,2026-07-15,8,Wednesday,1,7,2026-2027,P
2642,STU000046,2023010046,SUB0054,Natural Language Processing,FAC009,2026-07-15,8,Wednesday,1,7,2026-2027,P
2643,STU000047,2023010047,SUB0051,Human Computer Interaction,FAC006,2026-07-15,8,Wednesday,1,7,2026-2027,P
2644,STU000047,2023010047,SUB0054,Natural Language Processing,FAC009,2026-07-15,8,Wednesday,1,7,2026-2027,P
2645,STU000048,2023010048,SUB0051,Human Computer Interaction,FAC006,2026-07-15,8,Wednesday,1,7,2026-2027,P
2646,STU000048,2023010048,SUB0054,Natural Language Processing,FAC009,2026-07-15,8,Wednesday,1,7,2026-2027,P
2647,STU000049,2023010049,SUB0051,Human Computer Interaction,FAC006,2026-07-15,8,Wednesday,1,7,2026-2027,P
2648,STU000049,2023010049,SUB0054,Natural Language Processing,FAC009,2026-07-15,8,Wednesday,1,7,2026-2027,A
2649,STU000050,2023010050,SUB0051,Human Computer Interaction,FAC006,2026-07-15,8,Wednesday,1,7,2026-2027,P
2650,STU000050,2023010050,SUB0054,Natural Language Processing,FAC009,2026-07-15,8,Wednesday,1,7,2026-2027,P
2651,STU000001,2023010001,SUB0050,Software Engineering,FAC005,2026-07-15,11,Wednesday,1,7,2026-2027,P
2652,STU000002,2023010002,SUB0050,Software Engineering,FAC005,2026-07-15,11,Wednesday,1,7,2026-2027,P
2653,STU000003,2023010003,SUB0050,Software Engineering,FAC005,2026-07-15,11,Wednesday,1,7,2026-2027,A
2654,STU000004,2023010004,SUB0050,Software Engineering,FAC005,2026-07-15,11,Wednesday,1,7,2026-2027,P
2655,STU000005,2023010005,SUB0050,Software Engineering,FAC005,2026-07-15,11,Wednesday,1,7,2026-2027,P
2656,STU000006,2023010006,SUB0050,Software Engineering,FAC005,2026-07-15,11,Wednesday,1,7,2026-2027,P
2657,STU000007,2023010007,SUB0050,Software Engineering,FAC005,2026-07-15,11,Wednesday,1,7,2026-2027,P
2658,STU000008,2023010008,SUB0050,Software Engineering,FAC005,2026-07-15,11,Wednesday,1,7,2026-2027,P
2659,STU000009,2023010009,SUB0050,Software Engineering,FAC005,2026-07-15,11,Wednesday,1,7,2026-2027,P
2660,STU000010,2023010010,SUB0050,Software Engineering,FAC005,2026-07-15,11,Wednesday,1,7,2026-2027,A
2661,STU000011,2023010011,SUB0050,Software Engineering,FAC005,2026-07-15,11,Wednesday,1,7,2026-2027,P
2662,STU000012,2023010012,SUB0050,Software Engineering,FAC005,2026-07-15,11,Wednesday,1,7,2026-2027,P
2663,STU000013,2023010013,SUB0050,Software Engineering,FAC005,2026-07-15,11,Wednesday,1,7,2026-2027,P
2664,STU000014,2023010014,SUB0050,Software Engineering,FAC005,2026-07-15,11,Wednesday,1,7,2026-2027,P
2665,STU000015,2023010015,SUB0050,Software Engineering,FAC005,2026-07-15,11,Wednesday,1,7,2026-2027,P
2666,STU000016,2023010016,SUB0050,Software Engineering,FAC005,2026-07-15,11,Wednesday,1,7,2026-2027,P
2667,STU000017,2023010017,SUB0050,Software Engineering,FAC005,2026-07-15,11,Wednesday,1,7,2026-2027,P
2668,STU000018,2023010018,SUB0050,Software Engineering,FAC005,2026-07-15,11,Wednesday,1,7,2026-2027,P
2669,STU000019,2023010019,SUB0050,Software Engineering,FAC005,2026-07-15,11,Wednesday,1,7,2026-2027,P
2670,STU000020,2023010020,SUB0050,Software Engineering,FAC005,2026-07-15,11,Wednesday,1,7,2026-2027,P
2671,STU000021,2023010021,SUB0050,Software Engineering,FAC005,2026-07-15,11,Wednesday,1,7,2026-2027,P
2672,STU000022,2023010022,SUB0050,Software Engineering,FAC005,2026-07-15,11,Wednesday,1,7,2026-2027,P
2673,STU000023,2023010023,SUB0050,Software Engineering,FAC005,2026-07-15,11,Wednesday,1,7,2026-2027,P
2674,STU000024,2023010024,SUB0050,Software Engineering,FAC005,2026-07-15,11,Wednesday,1,7,2026-2027,P
2675,STU000025,2023010025,SUB0050,Software Engineering,FAC005,2026-07-15,11,Wednesday,1,7,2026-2027,P
2676,STU000026,2023010026,SUB0050,Software Engineering,FAC005,2026-07-15,11,Wednesday,1,7,2026-2027,P
2677,STU000027,2023010027,SUB0050,Software Engineering,FAC005,2026-07-15,11,Wednesday,1,7,2026-2027,P
2678,STU000028,2023010028,SUB0050,Software Engineering,FAC005,2026-07-15,11,Wednesday,1,7,2026-2027,A
2679,STU000029,2023010029,SUB0050,Software Engineering,FAC005,2026-07-15,11,Wednesday,1,7,2026-2027,P
2680,STU000030,2023010030,SUB0050,Software Engineering,FAC005,2026-07-15,11,Wednesday,1,7,2026-2027,P
2681,STU000031,2023010031,SUB0050,Software Engineering,FAC005,2026-07-15,11,Wednesday,1,7,2026-2027,P
2682,STU000032,2023010032,SUB0050,Software Engineering,FAC005,2026-07-15,11,Wednesday,1,7,2026-2027,A
2683,STU000033,2023010033,SUB0050,Software Engineering,FAC005,2026-07-15,11,Wednesday,1,7,2026-2027,P
2684,STU000034,2023010034,SUB0050,Software Engineering,FAC005,2026-07-15,11,Wednesday,1,7,2026-2027,P
2685,STU000035,2023010035,SUB0050,Software Engineering,FAC005,2026-07-15,11,Wednesday,1,7,2026-2027,A
2686,STU000036,2023010036,SUB0050,Software Engineering,FAC005,2026-07-15,11,Wednesday,1,7,2026-2027,P
2687,STU000037,2023010037,SUB0050,Software Engineering,FAC005,2026-07-15,11,Wednesday,1,7,2026-2027,P
2688,STU000038,2023010038,SUB0050,Software Engineering,FAC005,2026-07-15,11,Wednesday,1,7,2026-2027,P
2689,STU000039,2023010039,SUB0050,Software Engineering,FAC005,2026-07-15,11,Wednesday,1,7,2026-2027,P
2690,STU000040,2023010040,SUB0050,Software Engineering,FAC005,2026-07-15,11,Wednesday,1,7,2026-2027,P
2691,STU000041,2023010041,SUB0050,Software Engineering,FAC005,2026-07-15,11,Wednesday,1,7,2026-2027,A
2692,STU000042,2023010042,SUB0050,Software Engineering,FAC005,2026-07-15,11,Wednesday,1,7,2026-2027,P
2693,STU000043,2023010043,SUB0050,Software Engineering,FAC005,2026-07-15,11,Wednesday,1,7,2026-2027,P
2694,STU000044,2023010044,SUB0050,Software Engineering,FAC005,2026-07-15,11,Wednesday,1,7,2026-2027,P
2695,STU000045,2023010045,SUB0050,Software Engineering,FAC005,2026-07-15,11,Wednesday,1,7,2026-2027,P
2696,STU000046,2023010046,SUB0050,Software Engineering,FAC005,2026-07-15,11,Wednesday,1,7,2026-2027,A
2697,STU000047,2023010047,SUB0050,Software Engineering,FAC005,2026-07-15,11,Wednesday,1,7,2026-2027,P
2698,STU000048,2023010048,SUB0050,Software Engineering,FAC005,2026-07-15,11,Wednesday,1,7,2026-2027,P
2699,STU000049,2023010049,SUB0050,Software Engineering,FAC005,2026-07-15,11,Wednesday,1,7,2026-2027,P
2700,STU000050,2023010050,SUB0050,Software Engineering,FAC005,2026-07-15,11,Wednesday,1,7,2026-2027,P
2701,STU000001,2023010001,SUB0055,Deep Learning Laboratory,FAC010,2026-07-16,7,Thursday,1,7,2026-2027,P
2702,STU000002,2023010002,SUB0055,Deep Learning Laboratory,FAC010,2026-07-16,7,Thursday,1,7,2026-2027,P
2703,STU000003,2023010003,SUB0055,Deep Learning Laboratory,FAC010,2026-07-16,7,Thursday,1,7,2026-2027,P
2704,STU000004,2023010004,SUB0055,Deep Learning Laboratory,FAC010,2026-07-16,7,Thursday,1,7,2026-2027,P
2705,STU000005,2023010005,SUB0055,Deep Learning Laboratory,FAC010,2026-07-16,7,Thursday,1,7,2026-2027,P
2706,STU000006,2023010006,SUB0055,Deep Learning Laboratory,FAC010,2026-07-16,7,Thursday,1,7,2026-2027,P
2707,STU000007,2023010007,SUB0055,Deep Learning Laboratory,FAC010,2026-07-16,7,Thursday,1,7,2026-2027,P
2708,STU000008,2023010008,SUB0055,Deep Learning Laboratory,FAC010,2026-07-16,7,Thursday,1,7,2026-2027,A
2709,STU000009,2023010009,SUB0055,Deep Learning Laboratory,FAC010,2026-07-16,7,Thursday,1,7,2026-2027,P
2710,STU000010,2023010010,SUB0055,Deep Learning Laboratory,FAC010,2026-07-16,7,Thursday,1,7,2026-2027,P
2711,STU000011,2023010011,SUB0055,Deep Learning Laboratory,FAC010,2026-07-16,7,Thursday,1,7,2026-2027,P
2712,STU000012,2023010012,SUB0055,Deep Learning Laboratory,FAC010,2026-07-16,7,Thursday,1,7,2026-2027,P
2713,STU000013,2023010013,SUB0055,Deep Learning Laboratory,FAC010,2026-07-16,7,Thursday,1,7,2026-2027,P
2714,STU000014,2023010014,SUB0055,Deep Learning Laboratory,FAC010,2026-07-16,7,Thursday,1,7,2026-2027,P
2715,STU000015,2023010015,SUB0055,Deep Learning Laboratory,FAC010,2026-07-16,7,Thursday,1,7,2026-2027,A
2716,STU000016,2023010016,SUB0055,Deep Learning Laboratory,FAC010,2026-07-16,7,Thursday,1,7,2026-2027,P
2717,STU000017,2023010017,SUB0055,Deep Learning Laboratory,FAC010,2026-07-16,7,Thursday,1,7,2026-2027,A
2718,STU000018,2023010018,SUB0055,Deep Learning Laboratory,FAC010,2026-07-16,7,Thursday,1,7,2026-2027,P
2719,STU000019,2023010019,SUB0055,Deep Learning Laboratory,FAC010,2026-07-16,7,Thursday,1,7,2026-2027,P
2720,STU000020,2023010020,SUB0055,Deep Learning Laboratory,FAC010,2026-07-16,7,Thursday,1,7,2026-2027,P
2721,STU000021,2023010021,SUB0055,Deep Learning Laboratory,FAC010,2026-07-16,7,Thursday,1,7,2026-2027,P
2722,STU000022,2023010022,SUB0055,Deep Learning Laboratory,FAC010,2026-07-16,7,Thursday,1,7,2026-2027,P
2723,STU000023,2023010023,SUB0055,Deep Learning Laboratory,FAC010,2026-07-16,7,Thursday,1,7,2026-2027,P
2724,STU000024,2023010024,SUB0055,Deep Learning Laboratory,FAC010,2026-07-16,7,Thursday,1,7,2026-2027,A
2725,STU000025,2023010025,SUB0055,Deep Learning Laboratory,FAC010,2026-07-16,7,Thursday,1,7,2026-2027,P
2726,STU000026,2023010026,SUB0055,Deep Learning Laboratory,FAC010,2026-07-16,7,Thursday,1,7,2026-2027,P
2727,STU000027,2023010027,SUB0055,Deep Learning Laboratory,FAC010,2026-07-16,7,Thursday,1,7,2026-2027,P
2728,STU000028,2023010028,SUB0055,Deep Learning Laboratory,FAC010,2026-07-16,7,Thursday,1,7,2026-2027,P
2729,STU000029,2023010029,SUB0055,Deep Learning Laboratory,FAC010,2026-07-16,7,Thursday,1,7,2026-2027,P
2730,STU000030,2023010030,SUB0055,Deep Learning Laboratory,FAC010,2026-07-16,7,Thursday,1,7,2026-2027,P
2731,STU000031,2023010031,SUB0055,Deep Learning Laboratory,FAC010,2026-07-16,7,Thursday,1,7,2026-2027,A
2732,STU000032,2023010032,SUB0055,Deep Learning Laboratory,FAC010,2026-07-16,7,Thursday,1,7,2026-2027,P
2733,STU000033,2023010033,SUB0055,Deep Learning Laboratory,FAC010,2026-07-16,7,Thursday,1,7,2026-2027,P
2734,STU000034,2023010034,SUB0055,Deep Learning Laboratory,FAC010,2026-07-16,7,Thursday,1,7,2026-2027,P
2735,STU000035,2023010035,SUB0055,Deep Learning Laboratory,FAC010,2026-07-16,7,Thursday,1,7,2026-2027,P
2736,STU000036,2023010036,SUB0055,Deep Learning Laboratory,FAC010,2026-07-16,7,Thursday,1,7,2026-2027,P
2737,STU000037,2023010037,SUB0055,Deep Learning Laboratory,FAC010,2026-07-16,7,Thursday,1,7,2026-2027,P
2738,STU000038,2023010038,SUB0055,Deep Learning Laboratory,FAC010,2026-07-16,7,Thursday,1,7,2026-2027,P
2739,STU000039,2023010039,SUB0055,Deep Learning Laboratory,FAC010,2026-07-16,7,Thursday,1,7,2026-2027,P
2740,STU000040,2023010040,SUB0055,Deep Learning Laboratory,FAC010,2026-07-16,7,Thursday,1,7,2026-2027,P
2741,STU000041,2023010041,SUB0055,Deep Learning Laboratory,FAC010,2026-07-16,7,Thursday,1,7,2026-2027,A
2742,STU000042,2023010042,SUB0055,Deep Learning Laboratory,FAC010,2026-07-16,7,Thursday,1,7,2026-2027,P
2743,STU000043,2023010043,SUB0055,Deep Learning Laboratory,FAC010,2026-07-16,7,Thursday,1,7,2026-2027,P
2744,STU000044,2023010044,SUB0055,Deep Learning Laboratory,FAC010,2026-07-16,7,Thursday,1,7,2026-2027,P
2745,STU000045,2023010045,SUB0055,Deep Learning Laboratory,FAC010,2026-07-16,7,Thursday,1,7,2026-2027,P
2746,STU000046,2023010046,SUB0055,Deep Learning Laboratory,FAC010,2026-07-16,7,Thursday,1,7,2026-2027,P
2747,STU000047,2023010047,SUB0055,Deep Learning Laboratory,FAC010,2026-07-16,7,Thursday,1,7,2026-2027,A
2748,STU000048,2023010048,SUB0055,Deep Learning Laboratory,FAC010,2026-07-16,7,Thursday,1,7,2026-2027,P
2749,STU000049,2023010049,SUB0055,Deep Learning Laboratory,FAC010,2026-07-16,7,Thursday,1,7,2026-2027,A
2750,STU000050,2023010050,SUB0055,Deep Learning Laboratory,FAC010,2026-07-16,7,Thursday,1,7,2026-2027,P
2751,STU000001,2023010001,SUB0055,Deep Learning Laboratory,FAC010,2026-07-16,8,Thursday,1,7,2026-2027,P
2752,STU000002,2023010002,SUB0055,Deep Learning Laboratory,FAC010,2026-07-16,8,Thursday,1,7,2026-2027,P
2753,STU000003,2023010003,SUB0055,Deep Learning Laboratory,FAC010,2026-07-16,8,Thursday,1,7,2026-2027,P
2754,STU000004,2023010004,SUB0055,Deep Learning Laboratory,FAC010,2026-07-16,8,Thursday,1,7,2026-2027,P
2755,STU000005,2023010005,SUB0055,Deep Learning Laboratory,FAC010,2026-07-16,8,Thursday,1,7,2026-2027,P
2756,STU000006,2023010006,SUB0055,Deep Learning Laboratory,FAC010,2026-07-16,8,Thursday,1,7,2026-2027,P
2757,STU000007,2023010007,SUB0055,Deep Learning Laboratory,FAC010,2026-07-16,8,Thursday,1,7,2026-2027,P
2758,STU000008,2023010008,SUB0055,Deep Learning Laboratory,FAC010,2026-07-16,8,Thursday,1,7,2026-2027,P
2759,STU000009,2023010009,SUB0055,Deep Learning Laboratory,FAC010,2026-07-16,8,Thursday,1,7,2026-2027,P
2760,STU000010,2023010010,SUB0055,Deep Learning Laboratory,FAC010,2026-07-16,8,Thursday,1,7,2026-2027,P
2761,STU000011,2023010011,SUB0055,Deep Learning Laboratory,FAC010,2026-07-16,8,Thursday,1,7,2026-2027,P
2762,STU000012,2023010012,SUB0055,Deep Learning Laboratory,FAC010,2026-07-16,8,Thursday,1,7,2026-2027,P
2763,STU000013,2023010013,SUB0055,Deep Learning Laboratory,FAC010,2026-07-16,8,Thursday,1,7,2026-2027,P
2764,STU000014,2023010014,SUB0055,Deep Learning Laboratory,FAC010,2026-07-16,8,Thursday,1,7,2026-2027,P
2765,STU000015,2023010015,SUB0055,Deep Learning Laboratory,FAC010,2026-07-16,8,Thursday,1,7,2026-2027,P
2766,STU000016,2023010016,SUB0055,Deep Learning Laboratory,FAC010,2026-07-16,8,Thursday,1,7,2026-2027,A
2767,STU000017,2023010017,SUB0055,Deep Learning Laboratory,FAC010,2026-07-16,8,Thursday,1,7,2026-2027,P
2768,STU000018,2023010018,SUB0055,Deep Learning Laboratory,FAC010,2026-07-16,8,Thursday,1,7,2026-2027,P
2769,STU000019,2023010019,SUB0055,Deep Learning Laboratory,FAC010,2026-07-16,8,Thursday,1,7,2026-2027,P
2770,STU000020,2023010020,SUB0055,Deep Learning Laboratory,FAC010,2026-07-16,8,Thursday,1,7,2026-2027,P
2771,STU000021,2023010021,SUB0055,Deep Learning Laboratory,FAC010,2026-07-16,8,Thursday,1,7,2026-2027,P
2772,STU000022,2023010022,SUB0055,Deep Learning Laboratory,FAC010,2026-07-16,8,Thursday,1,7,2026-2027,P
2773,STU000023,2023010023,SUB0055,Deep Learning Laboratory,FAC010,2026-07-16,8,Thursday,1,7,2026-2027,P
2774,STU000024,2023010024,SUB0055,Deep Learning Laboratory,FAC010,2026-07-16,8,Thursday,1,7,2026-2027,P
2775,STU000025,2023010025,SUB0055,Deep Learning Laboratory,FAC010,2026-07-16,8,Thursday,1,7,2026-2027,A
2776,STU000026,2023010026,SUB0055,Deep Learning Laboratory,FAC010,2026-07-16,8,Thursday,1,7,2026-2027,P
2777,STU000027,2023010027,SUB0055,Deep Learning Laboratory,FAC010,2026-07-16,8,Thursday,1,7,2026-2027,P
2778,STU000028,2023010028,SUB0055,Deep Learning Laboratory,FAC010,2026-07-16,8,Thursday,1,7,2026-2027,P
2779,STU000029,2023010029,SUB0055,Deep Learning Laboratory,FAC010,2026-07-16,8,Thursday,1,7,2026-2027,P
2780,STU000030,2023010030,SUB0055,Deep Learning Laboratory,FAC010,2026-07-16,8,Thursday,1,7,2026-2027,P
2781,STU000031,2023010031,SUB0055,Deep Learning Laboratory,FAC010,2026-07-16,8,Thursday,1,7,2026-2027,P
2782,STU000032,2023010032,SUB0055,Deep Learning Laboratory,FAC010,2026-07-16,8,Thursday,1,7,2026-2027,A
2783,STU000033,2023010033,SUB0055,Deep Learning Laboratory,FAC010,2026-07-16,8,Thursday,1,7,2026-2027,P
2784,STU000034,2023010034,SUB0055,Deep Learning Laboratory,FAC010,2026-07-16,8,Thursday,1,7,2026-2027,P
2785,STU000035,2023010035,SUB0055,Deep Learning Laboratory,FAC010,2026-07-16,8,Thursday,1,7,2026-2027,P
2786,STU000036,2023010036,SUB0055,Deep Learning Laboratory,FAC010,2026-07-16,8,Thursday,1,7,2026-2027,P
2787,STU000037,2023010037,SUB0055,Deep Learning Laboratory,FAC010,2026-07-16,8,Thursday,1,7,2026-2027,P
2788,STU000038,2023010038,SUB0055,Deep Learning Laboratory,FAC010,2026-07-16,8,Thursday,1,7,2026-2027,P
2789,STU000039,2023010039,SUB0055,Deep Learning Laboratory,FAC010,2026-07-16,8,Thursday,1,7,2026-2027,P
2790,STU000040,2023010040,SUB0055,Deep Learning Laboratory,FAC010,2026-07-16,8,Thursday,1,7,2026-2027,P
2791,STU000041,2023010041,SUB0055,Deep Learning Laboratory,FAC010,2026-07-16,8,Thursday,1,7,2026-2027,A
2792,STU000042,2023010042,SUB0055,Deep Learning Laboratory,FAC010,2026-07-16,8,Thursday,1,7,2026-2027,P
2793,STU000043,2023010043,SUB0055,Deep Learning Laboratory,FAC010,2026-07-16,8,Thursday,1,7,2026-2027,P
2794,STU000044,2023010044,SUB0055,Deep Learning Laboratory,FAC010,2026-07-16,8,Thursday,1,7,2026-2027,P
2795,STU000045,2023010045,SUB0055,Deep Learning Laboratory,FAC010,2026-07-16,8,Thursday,1,7,2026-2027,P
2796,STU000046,2023010046,SUB0055,Deep Learning Laboratory,FAC010,2026-07-16,8,Thursday,1,7,2026-2027,P
2797,STU000047,2023010047,SUB0055,Deep Learning Laboratory,FAC010,2026-07-16,8,Thursday,1,7,2026-2027,P
2798,STU000048,2023010048,SUB0055,Deep Learning Laboratory,FAC010,2026-07-16,8,Thursday,1,7,2026-2027,A
2799,STU000049,2023010049,SUB0055,Deep Learning Laboratory,FAC010,2026-07-16,8,Thursday,1,7,2026-2027,P
2800,STU000050,2023010050,SUB0055,Deep Learning Laboratory,FAC010,2026-07-16,8,Thursday,1,7,2026-2027,P
2801,STU000001,2023010001,SUB0053,Deep Learning,FAC008,2026-07-16,12,Thursday,1,7,2026-2027,A
2802,STU000002,2023010002,SUB0053,Deep Learning,FAC008,2026-07-16,12,Thursday,1,7,2026-2027,P
2803,STU000003,2023010003,SUB0053,Deep Learning,FAC008,2026-07-16,12,Thursday,1,7,2026-2027,P
2804,STU000004,2023010004,SUB0053,Deep Learning,FAC008,2026-07-16,12,Thursday,1,7,2026-2027,P
2805,STU000005,2023010005,SUB0053,Deep Learning,FAC008,2026-07-16,12,Thursday,1,7,2026-2027,P
2806,STU000006,2023010006,SUB0053,Deep Learning,FAC008,2026-07-16,12,Thursday,1,7,2026-2027,P
2807,STU000007,2023010007,SUB0053,Deep Learning,FAC008,2026-07-16,12,Thursday,1,7,2026-2027,P
2808,STU000008,2023010008,SUB0053,Deep Learning,FAC008,2026-07-16,12,Thursday,1,7,2026-2027,A
2809,STU000009,2023010009,SUB0053,Deep Learning,FAC008,2026-07-16,12,Thursday,1,7,2026-2027,P
2810,STU000010,2023010010,SUB0053,Deep Learning,FAC008,2026-07-16,12,Thursday,1,7,2026-2027,P
2811,STU000011,2023010011,SUB0053,Deep Learning,FAC008,2026-07-16,12,Thursday,1,7,2026-2027,P
2812,STU000012,2023010012,SUB0053,Deep Learning,FAC008,2026-07-16,12,Thursday,1,7,2026-2027,P
2813,STU000013,2023010013,SUB0053,Deep Learning,FAC008,2026-07-16,12,Thursday,1,7,2026-2027,P
2814,STU000014,2023010014,SUB0053,Deep Learning,FAC008,2026-07-16,12,Thursday,1,7,2026-2027,P
2815,STU000015,2023010015,SUB0053,Deep Learning,FAC008,2026-07-16,12,Thursday,1,7,2026-2027,P
2816,STU000016,2023010016,SUB0053,Deep Learning,FAC008,2026-07-16,12,Thursday,1,7,2026-2027,P
2817,STU000017,2023010017,SUB0053,Deep Learning,FAC008,2026-07-16,12,Thursday,1,7,2026-2027,P
2818,STU000018,2023010018,SUB0053,Deep Learning,FAC008,2026-07-16,12,Thursday,1,7,2026-2027,P
2819,STU000019,2023010019,SUB0053,Deep Learning,FAC008,2026-07-16,12,Thursday,1,7,2026-2027,A
2820,STU000020,2023010020,SUB0053,Deep Learning,FAC008,2026-07-16,12,Thursday,1,7,2026-2027,P
2821,STU000021,2023010021,SUB0053,Deep Learning,FAC008,2026-07-16,12,Thursday,1,7,2026-2027,P
2822,STU000022,2023010022,SUB0053,Deep Learning,FAC008,2026-07-16,12,Thursday,1,7,2026-2027,P
2823,STU000023,2023010023,SUB0053,Deep Learning,FAC008,2026-07-16,12,Thursday,1,7,2026-2027,P
2824,STU000024,2023010024,SUB0053,Deep Learning,FAC008,2026-07-16,12,Thursday,1,7,2026-2027,P
2825,STU000025,2023010025,SUB0053,Deep Learning,FAC008,2026-07-16,12,Thursday,1,7,2026-2027,P
2826,STU000026,2023010026,SUB0053,Deep Learning,FAC008,2026-07-16,12,Thursday,1,7,2026-2027,A
2827,STU000027,2023010027,SUB0053,Deep Learning,FAC008,2026-07-16,12,Thursday,1,7,2026-2027,P
2828,STU000028,2023010028,SUB0053,Deep Learning,FAC008,2026-07-16,12,Thursday,1,7,2026-2027,P
2829,STU000029,2023010029,SUB0053,Deep Learning,FAC008,2026-07-16,12,Thursday,1,7,2026-2027,P
2830,STU000030,2023010030,SUB0053,Deep Learning,FAC008,2026-07-16,12,Thursday,1,7,2026-2027,P
2831,STU000031,2023010031,SUB0053,Deep Learning,FAC008,2026-07-16,12,Thursday,1,7,2026-2027,P
2832,STU000032,2023010032,SUB0053,Deep Learning,FAC008,2026-07-16,12,Thursday,1,7,2026-2027,A
2833,STU000033,2023010033,SUB0053,Deep Learning,FAC008,2026-07-16,12,Thursday,1,7,2026-2027,A
2834,STU000034,2023010034,SUB0053,Deep Learning,FAC008,2026-07-16,12,Thursday,1,7,2026-2027,P
2835,STU000035,2023010035,SUB0053,Deep Learning,FAC008,2026-07-16,12,Thursday,1,7,2026-2027,P
2836,STU000036,2023010036,SUB0053,Deep Learning,FAC008,2026-07-16,12,Thursday,1,7,2026-2027,P
2837,STU000037,2023010037,SUB0053,Deep Learning,FAC008,2026-07-16,12,Thursday,1,7,2026-2027,P
2838,STU000038,2023010038,SUB0053,Deep Learning,FAC008,2026-07-16,12,Thursday,1,7,2026-2027,P
2839,STU000039,2023010039,SUB0053,Deep Learning,FAC008,2026-07-16,12,Thursday,1,7,2026-2027,P
2840,STU000040,2023010040,SUB0053,Deep Learning,FAC008,2026-07-16,12,Thursday,1,7,2026-2027,P
2841,STU000041,2023010041,SUB0053,Deep Learning,FAC008,2026-07-16,12,Thursday,1,7,2026-2027,A
2842,STU000042,2023010042,SUB0053,Deep Learning,FAC008,2026-07-16,12,Thursday,1,7,2026-2027,P
2843,STU000043,2023010043,SUB0053,Deep Learning,FAC008,2026-07-16,12,Thursday,1,7,2026-2027,P
2844,STU000044,2023010044,SUB0053,Deep Learning,FAC008,2026-07-16,12,Thursday,1,7,2026-2027,A
2845,STU000045,2023010045,SUB0053,Deep Learning,FAC008,2026-07-16,12,Thursday,1,7,2026-2027,P
2846,STU000046,2023010046,SUB0053,Deep Learning,FAC008,2026-07-16,12,Thursday,1,7,2026-2027,P
2847,STU000047,2023010047,SUB0053,Deep Learning,FAC008,2026-07-16,12,Thursday,1,7,2026-2027,P
2848,STU000048,2023010048,SUB0053,Deep Learning,FAC008,2026-07-16,12,Thursday,1,7,2026-2027,A
2849,STU000049,2023010049,SUB0053,Deep Learning,FAC008,2026-07-16,12,Thursday,1,7,2026-2027,P
2850,STU000050,2023010050,SUB0053,Deep Learning,FAC008,2026-07-16,12,Thursday,1,7,2026-2027,P
2851,STU000001,2023010001,SUB0056,Natural Language Processing Laboratory,FAC011,2026-07-17,7,Friday,1,7,2026-2027,P
2852,STU000002,2023010002,SUB0056,Natural Language Processing Laboratory,FAC011,2026-07-17,7,Friday,1,7,2026-2027,P
2853,STU000003,2023010003,SUB0056,Natural Language Processing Laboratory,FAC011,2026-07-17,7,Friday,1,7,2026-2027,P
2854,STU000004,2023010004,SUB0056,Natural Language Processing Laboratory,FAC011,2026-07-17,7,Friday,1,7,2026-2027,P
2855,STU000005,2023010005,SUB0056,Natural Language Processing Laboratory,FAC011,2026-07-17,7,Friday,1,7,2026-2027,P
2856,STU000006,2023010006,SUB0056,Natural Language Processing Laboratory,FAC011,2026-07-17,7,Friday,1,7,2026-2027,P
2857,STU000007,2023010007,SUB0056,Natural Language Processing Laboratory,FAC011,2026-07-17,7,Friday,1,7,2026-2027,P
2858,STU000008,2023010008,SUB0056,Natural Language Processing Laboratory,FAC011,2026-07-17,7,Friday,1,7,2026-2027,P
2859,STU000009,2023010009,SUB0056,Natural Language Processing Laboratory,FAC011,2026-07-17,7,Friday,1,7,2026-2027,P
2860,STU000010,2023010010,SUB0056,Natural Language Processing Laboratory,FAC011,2026-07-17,7,Friday,1,7,2026-2027,P
2861,STU000011,2023010011,SUB0056,Natural Language Processing Laboratory,FAC011,2026-07-17,7,Friday,1,7,2026-2027,P
2862,STU000012,2023010012,SUB0056,Natural Language Processing Laboratory,FAC011,2026-07-17,7,Friday,1,7,2026-2027,P
2863,STU000013,2023010013,SUB0056,Natural Language Processing Laboratory,FAC011,2026-07-17,7,Friday,1,7,2026-2027,P
2864,STU000014,2023010014,SUB0056,Natural Language Processing Laboratory,FAC011,2026-07-17,7,Friday,1,7,2026-2027,A
2865,STU000015,2023010015,SUB0056,Natural Language Processing Laboratory,FAC011,2026-07-17,7,Friday,1,7,2026-2027,P
2866,STU000016,2023010016,SUB0056,Natural Language Processing Laboratory,FAC011,2026-07-17,7,Friday,1,7,2026-2027,P
2867,STU000017,2023010017,SUB0056,Natural Language Processing Laboratory,FAC011,2026-07-17,7,Friday,1,7,2026-2027,P
2868,STU000018,2023010018,SUB0056,Natural Language Processing Laboratory,FAC011,2026-07-17,7,Friday,1,7,2026-2027,P
2869,STU000019,2023010019,SUB0056,Natural Language Processing Laboratory,FAC011,2026-07-17,7,Friday,1,7,2026-2027,P
2870,STU000020,2023010020,SUB0056,Natural Language Processing Laboratory,FAC011,2026-07-17,7,Friday,1,7,2026-2027,P
2871,STU000021,2023010021,SUB0056,Natural Language Processing Laboratory,FAC011,2026-07-17,7,Friday,1,7,2026-2027,P
2872,STU000022,2023010022,SUB0056,Natural Language Processing Laboratory,FAC011,2026-07-17,7,Friday,1,7,2026-2027,P
2873,STU000023,2023010023,SUB0056,Natural Language Processing Laboratory,FAC011,2026-07-17,7,Friday,1,7,2026-2027,P
2874,STU000024,2023010024,SUB0056,Natural Language Processing Laboratory,FAC011,2026-07-17,7,Friday,1,7,2026-2027,P
2875,STU000025,2023010025,SUB0056,Natural Language Processing Laboratory,FAC011,2026-07-17,7,Friday,1,7,2026-2027,P
2876,STU000026,2023010026,SUB0056,Natural Language Processing Laboratory,FAC011,2026-07-17,7,Friday,1,7,2026-2027,P
2877,STU000027,2023010027,SUB0056,Natural Language Processing Laboratory,FAC011,2026-07-17,7,Friday,1,7,2026-2027,P
2878,STU000028,2023010028,SUB0056,Natural Language Processing Laboratory,FAC011,2026-07-17,7,Friday,1,7,2026-2027,P
2879,STU000029,2023010029,SUB0056,Natural Language Processing Laboratory,FAC011,2026-07-17,7,Friday,1,7,2026-2027,P
2880,STU000030,2023010030,SUB0056,Natural Language Processing Laboratory,FAC011,2026-07-17,7,Friday,1,7,2026-2027,A
2881,STU000031,2023010031,SUB0056,Natural Language Processing Laboratory,FAC011,2026-07-17,7,Friday,1,7,2026-2027,P
2882,STU000032,2023010032,SUB0056,Natural Language Processing Laboratory,FAC011,2026-07-17,7,Friday,1,7,2026-2027,A
2883,STU000033,2023010033,SUB0056,Natural Language Processing Laboratory,FAC011,2026-07-17,7,Friday,1,7,2026-2027,P
2884,STU000034,2023010034,SUB0056,Natural Language Processing Laboratory,FAC011,2026-07-17,7,Friday,1,7,2026-2027,P
2885,STU000035,2023010035,SUB0056,Natural Language Processing Laboratory,FAC011,2026-07-17,7,Friday,1,7,2026-2027,P
2886,STU000036,2023010036,SUB0056,Natural Language Processing Laboratory,FAC011,2026-07-17,7,Friday,1,7,2026-2027,P
2887,STU000037,2023010037,SUB0056,Natural Language Processing Laboratory,FAC011,2026-07-17,7,Friday,1,7,2026-2027,P
2888,STU000038,2023010038,SUB0056,Natural Language Processing Laboratory,FAC011,2026-07-17,7,Friday,1,7,2026-2027,P
2889,STU000039,2023010039,SUB0056,Natural Language Processing Laboratory,FAC011,2026-07-17,7,Friday,1,7,2026-2027,A
2890,STU000040,2023010040,SUB0056,Natural Language Processing Laboratory,FAC011,2026-07-17,7,Friday,1,7,2026-2027,P
2891,STU000041,2023010041,SUB0056,Natural Language Processing Laboratory,FAC011,2026-07-17,7,Friday,1,7,2026-2027,A
2892,STU000042,2023010042,SUB0056,Natural Language Processing Laboratory,FAC011,2026-07-17,7,Friday,1,7,2026-2027,P
2893,STU000043,2023010043,SUB0056,Natural Language Processing Laboratory,FAC011,2026-07-17,7,Friday,1,7,2026-2027,P
2894,STU000044,2023010044,SUB0056,Natural Language Processing Laboratory,FAC011,2026-07-17,7,Friday,1,7,2026-2027,P
2895,STU000045,2023010045,SUB0056,Natural Language Processing Laboratory,FAC011,2026-07-17,7,Friday,1,7,2026-2027,P
2896,STU000046,2023010046,SUB0056,Natural Language Processing Laboratory,FAC011,2026-07-17,7,Friday,1,7,2026-2027,A
2897,STU000047,2023010047,SUB0056,Natural Language Processing Laboratory,FAC011,2026-07-17,7,Friday,1,7,2026-2027,P
2898,STU000048,2023010048,SUB0056,Natural Language Processing Laboratory,FAC011,2026-07-17,7,Friday,1,7,2026-2027,P
2899,STU000049,2023010049,SUB0056,Natural Language Processing Laboratory,FAC011,2026-07-17,7,Friday,1,7,2026-2027,P
2900,STU000050,2023010050,SUB0056,Natural Language Processing Laboratory,FAC011,2026-07-17,7,Friday,1,7,2026-2027,P
2901,STU000001,2023010001,SUB0056,Natural Language Processing Laboratory,FAC011,2026-07-17,8,Friday,1,7,2026-2027,P
2902,STU000002,2023010002,SUB0056,Natural Language Processing Laboratory,FAC011,2026-07-17,8,Friday,1,7,2026-2027,P
2903,STU000003,2023010003,SUB0056,Natural Language Processing Laboratory,FAC011,2026-07-17,8,Friday,1,7,2026-2027,P
2904,STU000004,2023010004,SUB0056,Natural Language Processing Laboratory,FAC011,2026-07-17,8,Friday,1,7,2026-2027,P
2905,STU000005,2023010005,SUB0056,Natural Language Processing Laboratory,FAC011,2026-07-17,8,Friday,1,7,2026-2027,P
2906,STU000006,2023010006,SUB0056,Natural Language Processing Laboratory,FAC011,2026-07-17,8,Friday,1,7,2026-2027,P
2907,STU000007,2023010007,SUB0056,Natural Language Processing Laboratory,FAC011,2026-07-17,8,Friday,1,7,2026-2027,P
2908,STU000008,2023010008,SUB0056,Natural Language Processing Laboratory,FAC011,2026-07-17,8,Friday,1,7,2026-2027,A
2909,STU000009,2023010009,SUB0056,Natural Language Processing Laboratory,FAC011,2026-07-17,8,Friday,1,7,2026-2027,P
2910,STU000010,2023010010,SUB0056,Natural Language Processing Laboratory,FAC011,2026-07-17,8,Friday,1,7,2026-2027,P
2911,STU000011,2023010011,SUB0056,Natural Language Processing Laboratory,FAC011,2026-07-17,8,Friday,1,7,2026-2027,P
2912,STU000012,2023010012,SUB0056,Natural Language Processing Laboratory,FAC011,2026-07-17,8,Friday,1,7,2026-2027,P
2913,STU000013,2023010013,SUB0056,Natural Language Processing Laboratory,FAC011,2026-07-17,8,Friday,1,7,2026-2027,P
2914,STU000014,2023010014,SUB0056,Natural Language Processing Laboratory,FAC011,2026-07-17,8,Friday,1,7,2026-2027,P
2915,STU000015,2023010015,SUB0056,Natural Language Processing Laboratory,FAC011,2026-07-17,8,Friday,1,7,2026-2027,A
2916,STU000016,2023010016,SUB0056,Natural Language Processing Laboratory,FAC011,2026-07-17,8,Friday,1,7,2026-2027,P
2917,STU000017,2023010017,SUB0056,Natural Language Processing Laboratory,FAC011,2026-07-17,8,Friday,1,7,2026-2027,A
2918,STU000018,2023010018,SUB0056,Natural Language Processing Laboratory,FAC011,2026-07-17,8,Friday,1,7,2026-2027,P
2919,STU000019,2023010019,SUB0056,Natural Language Processing Laboratory,FAC011,2026-07-17,8,Friday,1,7,2026-2027,P
2920,STU000020,2023010020,SUB0056,Natural Language Processing Laboratory,FAC011,2026-07-17,8,Friday,1,7,2026-2027,P
2921,STU000021,2023010021,SUB0056,Natural Language Processing Laboratory,FAC011,2026-07-17,8,Friday,1,7,2026-2027,P
2922,STU000022,2023010022,SUB0056,Natural Language Processing Laboratory,FAC011,2026-07-17,8,Friday,1,7,2026-2027,P
2923,STU000023,2023010023,SUB0056,Natural Language Processing Laboratory,FAC011,2026-07-17,8,Friday,1,7,2026-2027,P
2924,STU000024,2023010024,SUB0056,Natural Language Processing Laboratory,FAC011,2026-07-17,8,Friday,1,7,2026-2027,A
2925,STU000025,2023010025,SUB0056,Natural Language Processing Laboratory,FAC011,2026-07-17,8,Friday,1,7,2026-2027,P
2926,STU000026,2023010026,SUB0056,Natural Language Processing Laboratory,FAC011,2026-07-17,8,Friday,1,7,2026-2027,P
2927,STU000027,2023010027,SUB0056,Natural Language Processing Laboratory,FAC011,2026-07-17,8,Friday,1,7,2026-2027,P
2928,STU000028,2023010028,SUB0056,Natural Language Processing Laboratory,FAC011,2026-07-17,8,Friday,1,7,2026-2027,P
2929,STU000029,2023010029,SUB0056,Natural Language Processing Laboratory,FAC011,2026-07-17,8,Friday,1,7,2026-2027,P
2930,STU000030,2023010030,SUB0056,Natural Language Processing Laboratory,FAC011,2026-07-17,8,Friday,1,7,2026-2027,P
2931,STU000031,2023010031,SUB0056,Natural Language Processing Laboratory,FAC011,2026-07-17,8,Friday,1,7,2026-2027,A
2932,STU000032,2023010032,SUB0056,Natural Language Processing Laboratory,FAC011,2026-07-17,8,Friday,1,7,2026-2027,P
2933,STU000033,2023010033,SUB0056,Natural Language Processing Laboratory,FAC011,2026-07-17,8,Friday,1,7,2026-2027,P
2934,STU000034,2023010034,SUB0056,Natural Language Processing Laboratory,FAC011,2026-07-17,8,Friday,1,7,2026-2027,P
2935,STU000035,2023010035,SUB0056,Natural Language Processing Laboratory,FAC011,2026-07-17,8,Friday,1,7,2026-2027,P
2936,STU000036,2023010036,SUB0056,Natural Language Processing Laboratory,FAC011,2026-07-17,8,Friday,1,7,2026-2027,P
2937,STU000037,2023010037,SUB0056,Natural Language Processing Laboratory,FAC011,2026-07-17,8,Friday,1,7,2026-2027,P
2938,STU000038,2023010038,SUB0056,Natural Language Processing Laboratory,FAC011,2026-07-17,8,Friday,1,7,2026-2027,P
2939,STU000039,2023010039,SUB0056,Natural Language Processing Laboratory,FAC011,2026-07-17,8,Friday,1,7,2026-2027,P
2940,STU000040,2023010040,SUB0056,Natural Language Processing Laboratory,FAC011,2026-07-17,8,Friday,1,7,2026-2027,P
2941,STU000041,2023010041,SUB0056,Natural Language Processing Laboratory,FAC011,2026-07-17,8,Friday,1,7,2026-2027,A
2942,STU000042,2023010042,SUB0056,Natural Language Processing Laboratory,FAC011,2026-07-17,8,Friday,1,7,2026-2027,P
2943,STU000043,2023010043,SUB0056,Natural Language Processing Laboratory,FAC011,2026-07-17,8,Friday,1,7,2026-2027,P
2944,STU000044,2023010044,SUB0056,Natural Language Processing Laboratory,FAC011,2026-07-17,8,Friday,1,7,2026-2027,P
2945,STU000045,2023010045,SUB0056,Natural Language Processing Laboratory,FAC011,2026-07-17,8,Friday,1,7,2026-2027,P
2946,STU000046,2023010046,SUB0056,Natural Language Processing Laboratory,FAC011,2026-07-17,8,Friday,1,7,2026-2027,P
2947,STU000047,2023010047,SUB0056,Natural Language Processing Laboratory,FAC011,2026-07-17,8,Friday,1,7,2026-2027,A
2948,STU000048,2023010048,SUB0056,Natural Language Processing Laboratory,FAC011,2026-07-17,8,Friday,1,7,2026-2027,P
2949,STU000049,2023010049,SUB0056,Natural Language Processing Laboratory,FAC011,2026-07-17,8,Friday,1,7,2026-2027,P
2950,STU000050,2023010050,SUB0056,Natural Language Processing Laboratory,FAC011,2026-07-17,8,Friday,1,7,2026-2027,P
2951,STU000001,2023010001,SUB0050,Software Engineering,FAC005,2026-07-17,12,Friday,1,7,2026-2027,P
2952,STU000002,2023010002,SUB0050,Software Engineering,FAC005,2026-07-17,12,Friday,1,7,2026-2027,P
2953,STU000003,2023010003,SUB0050,Software Engineering,FAC005,2026-07-17,12,Friday,1,7,2026-2027,P
2954,STU000004,2023010004,SUB0050,Software Engineering,FAC005,2026-07-17,12,Friday,1,7,2026-2027,A
2955,STU000005,2023010005,SUB0050,Software Engineering,FAC005,2026-07-17,12,Friday,1,7,2026-2027,P
2956,STU000006,2023010006,SUB0050,Software Engineering,FAC005,2026-07-17,12,Friday,1,7,2026-2027,P
2957,STU000007,2023010007,SUB0050,Software Engineering,FAC005,2026-07-17,12,Friday,1,7,2026-2027,P
2958,STU000008,2023010008,SUB0050,Software Engineering,FAC005,2026-07-17,12,Friday,1,7,2026-2027,A
2959,STU000009,2023010009,SUB0050,Software Engineering,FAC005,2026-07-17,12,Friday,1,7,2026-2027,P
2960,STU000010,2023010010,SUB0050,Software Engineering,FAC005,2026-07-17,12,Friday,1,7,2026-2027,P
2961,STU000011,2023010011,SUB0050,Software Engineering,FAC005,2026-07-17,12,Friday,1,7,2026-2027,A
2962,STU000012,2023010012,SUB0050,Software Engineering,FAC005,2026-07-17,12,Friday,1,7,2026-2027,P
2963,STU000013,2023010013,SUB0050,Software Engineering,FAC005,2026-07-17,12,Friday,1,7,2026-2027,P
2964,STU000014,2023010014,SUB0050,Software Engineering,FAC005,2026-07-17,12,Friday,1,7,2026-2027,P
2965,STU000015,2023010015,SUB0050,Software Engineering,FAC005,2026-07-17,12,Friday,1,7,2026-2027,A
2966,STU000016,2023010016,SUB0050,Software Engineering,FAC005,2026-07-17,12,Friday,1,7,2026-2027,P
2967,STU000017,2023010017,SUB0050,Software Engineering,FAC005,2026-07-17,12,Friday,1,7,2026-2027,P
2968,STU000018,2023010018,SUB0050,Software Engineering,FAC005,2026-07-17,12,Friday,1,7,2026-2027,P
2969,STU000019,2023010019,SUB0050,Software Engineering,FAC005,2026-07-17,12,Friday,1,7,2026-2027,P
2970,STU000020,2023010020,SUB0050,Software Engineering,FAC005,2026-07-17,12,Friday,1,7,2026-2027,P
2971,STU000021,2023010021,SUB0050,Software Engineering,FAC005,2026-07-17,12,Friday,1,7,2026-2027,P
2972,STU000022,2023010022,SUB0050,Software Engineering,FAC005,2026-07-17,12,Friday,1,7,2026-2027,A
2973,STU000023,2023010023,SUB0050,Software Engineering,FAC005,2026-07-17,12,Friday,1,7,2026-2027,P
2974,STU000024,2023010024,SUB0050,Software Engineering,FAC005,2026-07-17,12,Friday,1,7,2026-2027,P
2975,STU000025,2023010025,SUB0050,Software Engineering,FAC005,2026-07-17,12,Friday,1,7,2026-2027,P
2976,STU000026,2023010026,SUB0050,Software Engineering,FAC005,2026-07-17,12,Friday,1,7,2026-2027,P
2977,STU000027,2023010027,SUB0050,Software Engineering,FAC005,2026-07-17,12,Friday,1,7,2026-2027,P
2978,STU000028,2023010028,SUB0050,Software Engineering,FAC005,2026-07-17,12,Friday,1,7,2026-2027,P
2979,STU000029,2023010029,SUB0050,Software Engineering,FAC005,2026-07-17,12,Friday,1,7,2026-2027,A
2980,STU000030,2023010030,SUB0050,Software Engineering,FAC005,2026-07-17,12,Friday,1,7,2026-2027,P
2981,STU000031,2023010031,SUB0050,Software Engineering,FAC005,2026-07-17,12,Friday,1,7,2026-2027,P
2982,STU000032,2023010032,SUB0050,Software Engineering,FAC005,2026-07-17,12,Friday,1,7,2026-2027,A
2983,STU000033,2023010033,SUB0050,Software Engineering,FAC005,2026-07-17,12,Friday,1,7,2026-2027,P
2984,STU000034,2023010034,SUB0050,Software Engineering,FAC005,2026-07-17,12,Friday,1,7,2026-2027,P
2985,STU000035,2023010035,SUB0050,Software Engineering,FAC005,2026-07-17,12,Friday,1,7,2026-2027,P
2986,STU000036,2023010036,SUB0050,Software Engineering,FAC005,2026-07-17,12,Friday,1,7,2026-2027,A
2987,STU000037,2023010037,SUB0050,Software Engineering,FAC005,2026-07-17,12,Friday,1,7,2026-2027,P
2988,STU000038,2023010038,SUB0050,Software Engineering,FAC005,2026-07-17,12,Friday,1,7,2026-2027,P
2989,STU000039,2023010039,SUB0050,Software Engineering,FAC005,2026-07-17,12,Friday,1,7,2026-2027,P
2990,STU000040,2023010040,SUB0050,Software Engineering,FAC005,2026-07-17,12,Friday,1,7,2026-2027,P
2991,STU000041,2023010041,SUB0050,Software Engineering,FAC005,2026-07-17,12,Friday,1,7,2026-2027,A
2992,STU000042,2023010042,SUB0050,Software Engineering,FAC005,2026-07-17,12,Friday,1,7,2026-2027,P
2993,STU000043,2023010043,SUB0050,Software Engineering,FAC005,2026-07-17,12,Friday,1,7,2026-2027,P
2994,STU000044,2023010044,SUB0050,Software Engineering,FAC005,2026-07-17,12,Friday,1,7,2026-2027,P
2995,STU000045,2023010045,SUB0050,Software Engineering,FAC005,2026-07-17,12,Friday,1,7,2026-2027,P
2996,STU000046,2023010046,SUB0050,Software Engineering,FAC005,2026-07-17,12,Friday,1,7,2026-2027,P
2997,STU000047,2023010047,SUB0050,Software Engineering,FAC005,2026-07-17,12,Friday,1,7,2026-2027,P
2998,STU000048,2023010048,SUB0050,Software Engineering,FAC005,2026-07-17,12,Friday,1,7,2026-2027,P
2999,STU000049,2023010049,SUB0050,Software Engineering,FAC005,2026-07-17,12,Friday,1,7,2026-2027,P
3000,STU000050,2023010050,SUB0050,Software Engineering,FAC005,2026-07-17,12,Friday,1,7,2026-2027,P
3001,STU000001,2023010001,SUB0051,Human Computer Interaction,FAC006,2026-07-20,9,Monday,1,7,2026-2027,P
3002,STU000002,2023010002,SUB0051,Human Computer Interaction,FAC006,2026-07-20,9,Monday,1,7,2026-2027,P
3003,STU000003,2023010003,SUB0051,Human Computer Interaction,FAC006,2026-07-20,9,Monday,1,7,2026-2027,P
3004,STU000004,2023010004,SUB0051,Human Computer Interaction,FAC006,2026-07-20,9,Monday,1,7,2026-2027,A
3005,STU000005,2023010005,SUB0051,Human Computer Interaction,FAC006,2026-07-20,9,Monday,1,7,2026-2027,P
3006,STU000006,2023010006,SUB0051,Human Computer Interaction,FAC006,2026-07-20,9,Monday,1,7,2026-2027,P
3007,STU000007,2023010007,SUB0051,Human Computer Interaction,FAC006,2026-07-20,9,Monday,1,7,2026-2027,P
3008,STU000008,2023010008,SUB0051,Human Computer Interaction,FAC006,2026-07-20,9,Monday,1,7,2026-2027,P
3009,STU000009,2023010009,SUB0051,Human Computer Interaction,FAC006,2026-07-20,9,Monday,1,7,2026-2027,P
3010,STU000010,2023010010,SUB0051,Human Computer Interaction,FAC006,2026-07-20,9,Monday,1,7,2026-2027,P
3011,STU000011,2023010011,SUB0051,Human Computer Interaction,FAC006,2026-07-20,9,Monday,1,7,2026-2027,P
3012,STU000012,2023010012,SUB0051,Human Computer Interaction,FAC006,2026-07-20,9,Monday,1,7,2026-2027,P
3013,STU000013,2023010013,SUB0051,Human Computer Interaction,FAC006,2026-07-20,9,Monday,1,7,2026-2027,P
3014,STU000014,2023010014,SUB0051,Human Computer Interaction,FAC006,2026-07-20,9,Monday,1,7,2026-2027,A
3015,STU000015,2023010015,SUB0051,Human Computer Interaction,FAC006,2026-07-20,9,Monday,1,7,2026-2027,P
3016,STU000016,2023010016,SUB0051,Human Computer Interaction,FAC006,2026-07-20,9,Monday,1,7,2026-2027,P
3017,STU000017,2023010017,SUB0051,Human Computer Interaction,FAC006,2026-07-20,9,Monday,1,7,2026-2027,P
3018,STU000018,2023010018,SUB0051,Human Computer Interaction,FAC006,2026-07-20,9,Monday,1,7,2026-2027,P
3019,STU000019,2023010019,SUB0051,Human Computer Interaction,FAC006,2026-07-20,9,Monday,1,7,2026-2027,P
3020,STU000020,2023010020,SUB0051,Human Computer Interaction,FAC006,2026-07-20,9,Monday,1,7,2026-2027,P
3021,STU000021,2023010021,SUB0051,Human Computer Interaction,FAC006,2026-07-20,9,Monday,1,7,2026-2027,A
3022,STU000022,2023010022,SUB0051,Human Computer Interaction,FAC006,2026-07-20,9,Monday,1,7,2026-2027,P
3023,STU000023,2023010023,SUB0051,Human Computer Interaction,FAC006,2026-07-20,9,Monday,1,7,2026-2027,P
3024,STU000024,2023010024,SUB0051,Human Computer Interaction,FAC006,2026-07-20,9,Monday,1,7,2026-2027,P
3025,STU000025,2023010025,SUB0051,Human Computer Interaction,FAC006,2026-07-20,9,Monday,1,7,2026-2027,P
3026,STU000026,2023010026,SUB0051,Human Computer Interaction,FAC006,2026-07-20,9,Monday,1,7,2026-2027,P
3027,STU000027,2023010027,SUB0051,Human Computer Interaction,FAC006,2026-07-20,9,Monday,1,7,2026-2027,P
3028,STU000028,2023010028,SUB0051,Human Computer Interaction,FAC006,2026-07-20,9,Monday,1,7,2026-2027,P
3029,STU000029,2023010029,SUB0051,Human Computer Interaction,FAC006,2026-07-20,9,Monday,1,7,2026-2027,P
3030,STU000030,2023010030,SUB0051,Human Computer Interaction,FAC006,2026-07-20,9,Monday,1,7,2026-2027,P
3031,STU000031,2023010031,SUB0051,Human Computer Interaction,FAC006,2026-07-20,9,Monday,1,7,2026-2027,A
3032,STU000032,2023010032,SUB0051,Human Computer Interaction,FAC006,2026-07-20,9,Monday,1,7,2026-2027,A
3033,STU000033,2023010033,SUB0051,Human Computer Interaction,FAC006,2026-07-20,9,Monday,1,7,2026-2027,P
3034,STU000034,2023010034,SUB0051,Human Computer Interaction,FAC006,2026-07-20,9,Monday,1,7,2026-2027,P
3035,STU000035,2023010035,SUB0051,Human Computer Interaction,FAC006,2026-07-20,9,Monday,1,7,2026-2027,P
3036,STU000036,2023010036,SUB0051,Human Computer Interaction,FAC006,2026-07-20,9,Monday,1,7,2026-2027,P
3037,STU000037,2023010037,SUB0051,Human Computer Interaction,FAC006,2026-07-20,9,Monday,1,7,2026-2027,P
3038,STU000038,2023010038,SUB0051,Human Computer Interaction,FAC006,2026-07-20,9,Monday,1,7,2026-2027,A
3039,STU000039,2023010039,SUB0051,Human Computer Interaction,FAC006,2026-07-20,9,Monday,1,7,2026-2027,P
3040,STU000040,2023010040,SUB0051,Human Computer Interaction,FAC006,2026-07-20,9,Monday,1,7,2026-2027,P
3041,STU000041,2023010041,SUB0051,Human Computer Interaction,FAC006,2026-07-20,9,Monday,1,7,2026-2027,A
3042,STU000042,2023010042,SUB0051,Human Computer Interaction,FAC006,2026-07-20,9,Monday,1,7,2026-2027,P
3043,STU000043,2023010043,SUB0051,Human Computer Interaction,FAC006,2026-07-20,9,Monday,1,7,2026-2027,P
3044,STU000044,2023010044,SUB0051,Human Computer Interaction,FAC006,2026-07-20,9,Monday,1,7,2026-2027,P
3045,STU000045,2023010045,SUB0051,Human Computer Interaction,FAC006,2026-07-20,9,Monday,1,7,2026-2027,P
3046,STU000046,2023010046,SUB0051,Human Computer Interaction,FAC006,2026-07-20,9,Monday,1,7,2026-2027,P
3047,STU000047,2023010047,SUB0051,Human Computer Interaction,FAC006,2026-07-20,9,Monday,1,7,2026-2027,P
3048,STU000048,2023010048,SUB0051,Human Computer Interaction,FAC006,2026-07-20,9,Monday,1,7,2026-2027,A
3049,STU000049,2023010049,SUB0051,Human Computer Interaction,FAC006,2026-07-20,9,Monday,1,7,2026-2027,P
3050,STU000050,2023010050,SUB0051,Human Computer Interaction,FAC006,2026-07-20,9,Monday,1,7,2026-2027,P
3051,STU000001,2023010001,SUB0050,Software Engineering,FAC005,2026-07-20,13,Monday,1,7,2026-2027,P
3052,STU000001,2023010001,SUB0053,Deep Learning,FAC008,2026-07-20,13,Monday,1,7,2026-2027,P
3053,STU000002,2023010002,SUB0050,Software Engineering,FAC005,2026-07-20,13,Monday,1,7,2026-2027,P
3054,STU000002,2023010002,SUB0053,Deep Learning,FAC008,2026-07-20,13,Monday,1,7,2026-2027,P
3055,STU000003,2023010003,SUB0050,Software Engineering,FAC005,2026-07-20,13,Monday,1,7,2026-2027,P
3056,STU000003,2023010003,SUB0053,Deep Learning,FAC008,2026-07-20,13,Monday,1,7,2026-2027,P
3057,STU000004,2023010004,SUB0050,Software Engineering,FAC005,2026-07-20,13,Monday,1,7,2026-2027,P
3058,STU000004,2023010004,SUB0053,Deep Learning,FAC008,2026-07-20,13,Monday,1,7,2026-2027,P
3059,STU000005,2023010005,SUB0050,Software Engineering,FAC005,2026-07-20,13,Monday,1,7,2026-2027,A
3060,STU000005,2023010005,SUB0053,Deep Learning,FAC008,2026-07-20,13,Monday,1,7,2026-2027,P
3061,STU000006,2023010006,SUB0050,Software Engineering,FAC005,2026-07-20,13,Monday,1,7,2026-2027,P
3062,STU000006,2023010006,SUB0053,Deep Learning,FAC008,2026-07-20,13,Monday,1,7,2026-2027,P
3063,STU000007,2023010007,SUB0050,Software Engineering,FAC005,2026-07-20,13,Monday,1,7,2026-2027,P
3064,STU000007,2023010007,SUB0053,Deep Learning,FAC008,2026-07-20,13,Monday,1,7,2026-2027,P
3065,STU000008,2023010008,SUB0050,Software Engineering,FAC005,2026-07-20,13,Monday,1,7,2026-2027,P
3066,STU000008,2023010008,SUB0053,Deep Learning,FAC008,2026-07-20,13,Monday,1,7,2026-2027,P
3067,STU000009,2023010009,SUB0050,Software Engineering,FAC005,2026-07-20,13,Monday,1,7,2026-2027,P
3068,STU000009,2023010009,SUB0053,Deep Learning,FAC008,2026-07-20,13,Monday,1,7,2026-2027,A
3069,STU000010,2023010010,SUB0050,Software Engineering,FAC005,2026-07-20,13,Monday,1,7,2026-2027,P
3070,STU000010,2023010010,SUB0053,Deep Learning,FAC008,2026-07-20,13,Monday,1,7,2026-2027,P
3071,STU000011,2023010011,SUB0050,Software Engineering,FAC005,2026-07-20,13,Monday,1,7,2026-2027,P
3072,STU000011,2023010011,SUB0053,Deep Learning,FAC008,2026-07-20,13,Monday,1,7,2026-2027,P
3073,STU000012,2023010012,SUB0050,Software Engineering,FAC005,2026-07-20,13,Monday,1,7,2026-2027,A
3074,STU000012,2023010012,SUB0053,Deep Learning,FAC008,2026-07-20,13,Monday,1,7,2026-2027,P
3075,STU000013,2023010013,SUB0050,Software Engineering,FAC005,2026-07-20,13,Monday,1,7,2026-2027,P
3076,STU000013,2023010013,SUB0053,Deep Learning,FAC008,2026-07-20,13,Monday,1,7,2026-2027,A
3077,STU000014,2023010014,SUB0050,Software Engineering,FAC005,2026-07-20,13,Monday,1,7,2026-2027,P
3078,STU000014,2023010014,SUB0053,Deep Learning,FAC008,2026-07-20,13,Monday,1,7,2026-2027,P
3079,STU000015,2023010015,SUB0050,Software Engineering,FAC005,2026-07-20,13,Monday,1,7,2026-2027,P
3080,STU000015,2023010015,SUB0053,Deep Learning,FAC008,2026-07-20,13,Monday,1,7,2026-2027,P
3081,STU000016,2023010016,SUB0050,Software Engineering,FAC005,2026-07-20,13,Monday,1,7,2026-2027,P
3082,STU000016,2023010016,SUB0053,Deep Learning,FAC008,2026-07-20,13,Monday,1,7,2026-2027,P
3083,STU000017,2023010017,SUB0050,Software Engineering,FAC005,2026-07-20,13,Monday,1,7,2026-2027,P
3084,STU000017,2023010017,SUB0053,Deep Learning,FAC008,2026-07-20,13,Monday,1,7,2026-2027,P
3085,STU000018,2023010018,SUB0050,Software Engineering,FAC005,2026-07-20,13,Monday,1,7,2026-2027,P
3086,STU000018,2023010018,SUB0053,Deep Learning,FAC008,2026-07-20,13,Monday,1,7,2026-2027,P
3087,STU000019,2023010019,SUB0050,Software Engineering,FAC005,2026-07-20,13,Monday,1,7,2026-2027,P
3088,STU000019,2023010019,SUB0053,Deep Learning,FAC008,2026-07-20,13,Monday,1,7,2026-2027,P
3089,STU000020,2023010020,SUB0050,Software Engineering,FAC005,2026-07-20,13,Monday,1,7,2026-2027,P
3090,STU000020,2023010020,SUB0053,Deep Learning,FAC008,2026-07-20,13,Monday,1,7,2026-2027,A
3091,STU000021,2023010021,SUB0050,Software Engineering,FAC005,2026-07-20,13,Monday,1,7,2026-2027,P
3092,STU000021,2023010021,SUB0053,Deep Learning,FAC008,2026-07-20,13,Monday,1,7,2026-2027,P
3093,STU000022,2023010022,SUB0050,Software Engineering,FAC005,2026-07-20,13,Monday,1,7,2026-2027,P
3094,STU000022,2023010022,SUB0053,Deep Learning,FAC008,2026-07-20,13,Monday,1,7,2026-2027,P
3095,STU000023,2023010023,SUB0050,Software Engineering,FAC005,2026-07-20,13,Monday,1,7,2026-2027,P
3096,STU000023,2023010023,SUB0053,Deep Learning,FAC008,2026-07-20,13,Monday,1,7,2026-2027,P
3097,STU000024,2023010024,SUB0050,Software Engineering,FAC005,2026-07-20,13,Monday,1,7,2026-2027,P
3098,STU000024,2023010024,SUB0053,Deep Learning,FAC008,2026-07-20,13,Monday,1,7,2026-2027,P
3099,STU000025,2023010025,SUB0050,Software Engineering,FAC005,2026-07-20,13,Monday,1,7,2026-2027,P
3100,STU000025,2023010025,SUB0053,Deep Learning,FAC008,2026-07-20,13,Monday,1,7,2026-2027,P
3101,STU000026,2023010026,SUB0050,Software Engineering,FAC005,2026-07-20,13,Monday,1,7,2026-2027,P
3102,STU000026,2023010026,SUB0053,Deep Learning,FAC008,2026-07-20,13,Monday,1,7,2026-2027,P
3103,STU000027,2023010027,SUB0050,Software Engineering,FAC005,2026-07-20,13,Monday,1,7,2026-2027,P
3104,STU000027,2023010027,SUB0053,Deep Learning,FAC008,2026-07-20,13,Monday,1,7,2026-2027,A
3105,STU000028,2023010028,SUB0050,Software Engineering,FAC005,2026-07-20,13,Monday,1,7,2026-2027,P
3106,STU000028,2023010028,SUB0053,Deep Learning,FAC008,2026-07-20,13,Monday,1,7,2026-2027,P
3107,STU000029,2023010029,SUB0050,Software Engineering,FAC005,2026-07-20,13,Monday,1,7,2026-2027,P
3108,STU000029,2023010029,SUB0053,Deep Learning,FAC008,2026-07-20,13,Monday,1,7,2026-2027,P
3109,STU000030,2023010030,SUB0050,Software Engineering,FAC005,2026-07-20,13,Monday,1,7,2026-2027,A
3110,STU000030,2023010030,SUB0053,Deep Learning,FAC008,2026-07-20,13,Monday,1,7,2026-2027,P
3111,STU000031,2023010031,SUB0050,Software Engineering,FAC005,2026-07-20,13,Monday,1,7,2026-2027,P
3112,STU000031,2023010031,SUB0053,Deep Learning,FAC008,2026-07-20,13,Monday,1,7,2026-2027,P
3113,STU000032,2023010032,SUB0050,Software Engineering,FAC005,2026-07-20,13,Monday,1,7,2026-2027,P
3114,STU000032,2023010032,SUB0053,Deep Learning,FAC008,2026-07-20,13,Monday,1,7,2026-2027,A
3115,STU000033,2023010033,SUB0050,Software Engineering,FAC005,2026-07-20,13,Monday,1,7,2026-2027,P
3116,STU000033,2023010033,SUB0053,Deep Learning,FAC008,2026-07-20,13,Monday,1,7,2026-2027,P
3117,STU000034,2023010034,SUB0050,Software Engineering,FAC005,2026-07-20,13,Monday,1,7,2026-2027,P
3118,STU000034,2023010034,SUB0053,Deep Learning,FAC008,2026-07-20,13,Monday,1,7,2026-2027,A
3119,STU000035,2023010035,SUB0050,Software Engineering,FAC005,2026-07-20,13,Monday,1,7,2026-2027,P
3120,STU000035,2023010035,SUB0053,Deep Learning,FAC008,2026-07-20,13,Monday,1,7,2026-2027,P
3121,STU000036,2023010036,SUB0050,Software Engineering,FAC005,2026-07-20,13,Monday,1,7,2026-2027,P
3122,STU000036,2023010036,SUB0053,Deep Learning,FAC008,2026-07-20,13,Monday,1,7,2026-2027,P
3123,STU000037,2023010037,SUB0050,Software Engineering,FAC005,2026-07-20,13,Monday,1,7,2026-2027,A
3124,STU000037,2023010037,SUB0053,Deep Learning,FAC008,2026-07-20,13,Monday,1,7,2026-2027,P
3125,STU000038,2023010038,SUB0050,Software Engineering,FAC005,2026-07-20,13,Monday,1,7,2026-2027,P
3126,STU000038,2023010038,SUB0053,Deep Learning,FAC008,2026-07-20,13,Monday,1,7,2026-2027,P
3127,STU000039,2023010039,SUB0050,Software Engineering,FAC005,2026-07-20,13,Monday,1,7,2026-2027,P
3128,STU000039,2023010039,SUB0053,Deep Learning,FAC008,2026-07-20,13,Monday,1,7,2026-2027,P
3129,STU000040,2023010040,SUB0050,Software Engineering,FAC005,2026-07-20,13,Monday,1,7,2026-2027,P
3130,STU000040,2023010040,SUB0053,Deep Learning,FAC008,2026-07-20,13,Monday,1,7,2026-2027,P
3131,STU000041,2023010041,SUB0050,Software Engineering,FAC005,2026-07-20,13,Monday,1,7,2026-2027,A
3132,STU000041,2023010041,SUB0053,Deep Learning,FAC008,2026-07-20,13,Monday,1,7,2026-2027,A
3133,STU000042,2023010042,SUB0050,Software Engineering,FAC005,2026-07-20,13,Monday,1,7,2026-2027,P
3134,STU000042,2023010042,SUB0053,Deep Learning,FAC008,2026-07-20,13,Monday,1,7,2026-2027,P
3135,STU000043,2023010043,SUB0050,Software Engineering,FAC005,2026-07-20,13,Monday,1,7,2026-2027,P
3136,STU000043,2023010043,SUB0053,Deep Learning,FAC008,2026-07-20,13,Monday,1,7,2026-2027,P
3137,STU000044,2023010044,SUB0050,Software Engineering,FAC005,2026-07-20,13,Monday,1,7,2026-2027,P
3138,STU000044,2023010044,SUB0053,Deep Learning,FAC008,2026-07-20,13,Monday,1,7,2026-2027,P
3139,STU000045,2023010045,SUB0050,Software Engineering,FAC005,2026-07-20,13,Monday,1,7,2026-2027,P
3140,STU000045,2023010045,SUB0053,Deep Learning,FAC008,2026-07-20,13,Monday,1,7,2026-2027,P
3141,STU000046,2023010046,SUB0050,Software Engineering,FAC005,2026-07-20,13,Monday,1,7,2026-2027,P
3142,STU000046,2023010046,SUB0053,Deep Learning,FAC008,2026-07-20,13,Monday,1,7,2026-2027,P
3143,STU000047,2023010047,SUB0050,Software Engineering,FAC005,2026-07-20,13,Monday,1,7,2026-2027,P
3144,STU000047,2023010047,SUB0053,Deep Learning,FAC008,2026-07-20,13,Monday,1,7,2026-2027,P
3145,STU000048,2023010048,SUB0050,Software Engineering,FAC005,2026-07-20,13,Monday,1,7,2026-2027,A
3146,STU000048,2023010048,SUB0053,Deep Learning,FAC008,2026-07-20,13,Monday,1,7,2026-2027,P
3147,STU000049,2023010049,SUB0050,Software Engineering,FAC005,2026-07-20,13,Monday,1,7,2026-2027,P
3148,STU000049,2023010049,SUB0053,Deep Learning,FAC008,2026-07-20,13,Monday,1,7,2026-2027,A
3149,STU000050,2023010050,SUB0050,Software Engineering,FAC005,2026-07-20,13,Monday,1,7,2026-2027,P
3150,STU000050,2023010050,SUB0053,Deep Learning,FAC008,2026-07-20,13,Monday,1,7,2026-2027,P
3151,STU000001,2023010001,SUB0052,"Innovation, Start-up & Entrepreneurship",FAC007,2026-07-21,5,Tuesday,1,7,2026-2027,P
3152,STU000002,2023010002,SUB0052,"Innovation, Start-up & Entrepreneurship",FAC007,2026-07-21,5,Tuesday,1,7,2026-2027,P
3153,STU000003,2023010003,SUB0052,"Innovation, Start-up & Entrepreneurship",FAC007,2026-07-21,5,Tuesday,1,7,2026-2027,P
3154,STU000004,2023010004,SUB0052,"Innovation, Start-up & Entrepreneurship",FAC007,2026-07-21,5,Tuesday,1,7,2026-2027,P
3155,STU000005,2023010005,SUB0052,"Innovation, Start-up & Entrepreneurship",FAC007,2026-07-21,5,Tuesday,1,7,2026-2027,P
3156,STU000006,2023010006,SUB0052,"Innovation, Start-up & Entrepreneurship",FAC007,2026-07-21,5,Tuesday,1,7,2026-2027,P
3157,STU000007,2023010007,SUB0052,"Innovation, Start-up & Entrepreneurship",FAC007,2026-07-21,5,Tuesday,1,7,2026-2027,P
3158,STU000008,2023010008,SUB0052,"Innovation, Start-up & Entrepreneurship",FAC007,2026-07-21,5,Tuesday,1,7,2026-2027,A
3159,STU000009,2023010009,SUB0052,"Innovation, Start-up & Entrepreneurship",FAC007,2026-07-21,5,Tuesday,1,7,2026-2027,P
3160,STU000010,2023010010,SUB0052,"Innovation, Start-up & Entrepreneurship",FAC007,2026-07-21,5,Tuesday,1,7,2026-2027,P
3161,STU000011,2023010011,SUB0052,"Innovation, Start-up & Entrepreneurship",FAC007,2026-07-21,5,Tuesday,1,7,2026-2027,P
3162,STU000012,2023010012,SUB0052,"Innovation, Start-up & Entrepreneurship",FAC007,2026-07-21,5,Tuesday,1,7,2026-2027,P
3163,STU000013,2023010013,SUB0052,"Innovation, Start-up & Entrepreneurship",FAC007,2026-07-21,5,Tuesday,1,7,2026-2027,P
3164,STU000014,2023010014,SUB0052,"Innovation, Start-up & Entrepreneurship",FAC007,2026-07-21,5,Tuesday,1,7,2026-2027,P
3165,STU000015,2023010015,SUB0052,"Innovation, Start-up & Entrepreneurship",FAC007,2026-07-21,5,Tuesday,1,7,2026-2027,P
3166,STU000016,2023010016,SUB0052,"Innovation, Start-up & Entrepreneurship",FAC007,2026-07-21,5,Tuesday,1,7,2026-2027,A
3167,STU000017,2023010017,SUB0052,"Innovation, Start-up & Entrepreneurship",FAC007,2026-07-21,5,Tuesday,1,7,2026-2027,P
3168,STU000018,2023010018,SUB0052,"Innovation, Start-up & Entrepreneurship",FAC007,2026-07-21,5,Tuesday,1,7,2026-2027,P
3169,STU000019,2023010019,SUB0052,"Innovation, Start-up & Entrepreneurship",FAC007,2026-07-21,5,Tuesday,1,7,2026-2027,P
3170,STU000020,2023010020,SUB0052,"Innovation, Start-up & Entrepreneurship",FAC007,2026-07-21,5,Tuesday,1,7,2026-2027,P
3171,STU000021,2023010021,SUB0052,"Innovation, Start-up & Entrepreneurship",FAC007,2026-07-21,5,Tuesday,1,7,2026-2027,P
3172,STU000022,2023010022,SUB0052,"Innovation, Start-up & Entrepreneurship",FAC007,2026-07-21,5,Tuesday,1,7,2026-2027,P
3173,STU000023,2023010023,SUB0052,"Innovation, Start-up & Entrepreneurship",FAC007,2026-07-21,5,Tuesday,1,7,2026-2027,P
3174,STU000024,2023010024,SUB0052,"Innovation, Start-up & Entrepreneurship",FAC007,2026-07-21,5,Tuesday,1,7,2026-2027,A
3175,STU000025,2023010025,SUB0052,"Innovation, Start-up & Entrepreneurship",FAC007,2026-07-21,5,Tuesday,1,7,2026-2027,P
3176,STU000026,2023010026,SUB0052,"Innovation, Start-up & Entrepreneurship",FAC007,2026-07-21,5,Tuesday,1,7,2026-2027,P
3177,STU000027,2023010027,SUB0052,"Innovation, Start-up & Entrepreneurship",FAC007,2026-07-21,5,Tuesday,1,7,2026-2027,P
3178,STU000028,2023010028,SUB0052,"Innovation, Start-up & Entrepreneurship",FAC007,2026-07-21,5,Tuesday,1,7,2026-2027,P
3179,STU000029,2023010029,SUB0052,"Innovation, Start-up & Entrepreneurship",FAC007,2026-07-21,5,Tuesday,1,7,2026-2027,P
3180,STU000030,2023010030,SUB0052,"Innovation, Start-up & Entrepreneurship",FAC007,2026-07-21,5,Tuesday,1,7,2026-2027,P
3181,STU000031,2023010031,SUB0052,"Innovation, Start-up & Entrepreneurship",FAC007,2026-07-21,5,Tuesday,1,7,2026-2027,P
3182,STU000032,2023010032,SUB0052,"Innovation, Start-up & Entrepreneurship",FAC007,2026-07-21,5,Tuesday,1,7,2026-2027,P
3183,STU000033,2023010033,SUB0052,"Innovation, Start-up & Entrepreneurship",FAC007,2026-07-21,5,Tuesday,1,7,2026-2027,P
3184,STU000034,2023010034,SUB0052,"Innovation, Start-up & Entrepreneurship",FAC007,2026-07-21,5,Tuesday,1,7,2026-2027,P
3185,STU000035,2023010035,SUB0052,"Innovation, Start-up & Entrepreneurship",FAC007,2026-07-21,5,Tuesday,1,7,2026-2027,P
3186,STU000036,2023010036,SUB0052,"Innovation, Start-up & Entrepreneurship",FAC007,2026-07-21,5,Tuesday,1,7,2026-2027,P
3187,STU000037,2023010037,SUB0052,"Innovation, Start-up & Entrepreneurship",FAC007,2026-07-21,5,Tuesday,1,7,2026-2027,P
3188,STU000038,2023010038,SUB0052,"Innovation, Start-up & Entrepreneurship",FAC007,2026-07-21,5,Tuesday,1,7,2026-2027,P
3189,STU000039,2023010039,SUB0052,"Innovation, Start-up & Entrepreneurship",FAC007,2026-07-21,5,Tuesday,1,7,2026-2027,P
3190,STU000040,2023010040,SUB0052,"Innovation, Start-up & Entrepreneurship",FAC007,2026-07-21,5,Tuesday,1,7,2026-2027,A
3191,STU000041,2023010041,SUB0052,"Innovation, Start-up & Entrepreneurship",FAC007,2026-07-21,5,Tuesday,1,7,2026-2027,P
3192,STU000042,2023010042,SUB0052,"Innovation, Start-up & Entrepreneurship",FAC007,2026-07-21,5,Tuesday,1,7,2026-2027,P
3193,STU000043,2023010043,SUB0052,"Innovation, Start-up & Entrepreneurship",FAC007,2026-07-21,5,Tuesday,1,7,2026-2027,P
3194,STU000044,2023010044,SUB0052,"Innovation, Start-up & Entrepreneurship",FAC007,2026-07-21,5,Tuesday,1,7,2026-2027,P
3195,STU000045,2023010045,SUB0052,"Innovation, Start-up & Entrepreneurship",FAC007,2026-07-21,5,Tuesday,1,7,2026-2027,P
3196,STU000046,2023010046,SUB0052,"Innovation, Start-up & Entrepreneurship",FAC007,2026-07-21,5,Tuesday,1,7,2026-2027,P
3197,STU000047,2023010047,SUB0052,"Innovation, Start-up & Entrepreneurship",FAC007,2026-07-21,5,Tuesday,1,7,2026-2027,P
3198,STU000048,2023010048,SUB0052,"Innovation, Start-up & Entrepreneurship",FAC007,2026-07-21,5,Tuesday,1,7,2026-2027,A
3199,STU000049,2023010049,SUB0052,"Innovation, Start-up & Entrepreneurship",FAC007,2026-07-21,5,Tuesday,1,7,2026-2027,P
3200,STU000050,2023010050,SUB0052,"Innovation, Start-up & Entrepreneurship",FAC007,2026-07-21,5,Tuesday,1,7,2026-2027,P
3201,STU000001,2023010001,SUB0054,Natural Language Processing,FAC009,2026-07-21,9,Tuesday,1,7,2026-2027,P
3202,STU000002,2023010002,SUB0054,Natural Language Processing,FAC009,2026-07-21,9,Tuesday,1,7,2026-2027,A
3203,STU000003,2023010003,SUB0054,Natural Language Processing,FAC009,2026-07-21,9,Tuesday,1,7,2026-2027,P
3204,STU000004,2023010004,SUB0054,Natural Language Processing,FAC009,2026-07-21,9,Tuesday,1,7,2026-2027,P
3205,STU000005,2023010005,SUB0054,Natural Language Processing,FAC009,2026-07-21,9,Tuesday,1,7,2026-2027,P
3206,STU000006,2023010006,SUB0054,Natural Language Processing,FAC009,2026-07-21,9,Tuesday,1,7,2026-2027,P
3207,STU000007,2023010007,SUB0054,Natural Language Processing,FAC009,2026-07-21,9,Tuesday,1,7,2026-2027,P
3208,STU000008,2023010008,SUB0054,Natural Language Processing,FAC009,2026-07-21,9,Tuesday,1,7,2026-2027,P
3209,STU000009,2023010009,SUB0054,Natural Language Processing,FAC009,2026-07-21,9,Tuesday,1,7,2026-2027,P
3210,STU000010,2023010010,SUB0054,Natural Language Processing,FAC009,2026-07-21,9,Tuesday,1,7,2026-2027,P
3211,STU000011,2023010011,SUB0054,Natural Language Processing,FAC009,2026-07-21,9,Tuesday,1,7,2026-2027,A
3212,STU000012,2023010012,SUB0054,Natural Language Processing,FAC009,2026-07-21,9,Tuesday,1,7,2026-2027,P
3213,STU000013,2023010013,SUB0054,Natural Language Processing,FAC009,2026-07-21,9,Tuesday,1,7,2026-2027,P
3214,STU000014,2023010014,SUB0054,Natural Language Processing,FAC009,2026-07-21,9,Tuesday,1,7,2026-2027,P
3215,STU000015,2023010015,SUB0054,Natural Language Processing,FAC009,2026-07-21,9,Tuesday,1,7,2026-2027,P
3216,STU000016,2023010016,SUB0054,Natural Language Processing,FAC009,2026-07-21,9,Tuesday,1,7,2026-2027,P
3217,STU000017,2023010017,SUB0054,Natural Language Processing,FAC009,2026-07-21,9,Tuesday,1,7,2026-2027,P
3218,STU000018,2023010018,SUB0054,Natural Language Processing,FAC009,2026-07-21,9,Tuesday,1,7,2026-2027,A
3219,STU000019,2023010019,SUB0054,Natural Language Processing,FAC009,2026-07-21,9,Tuesday,1,7,2026-2027,P
3220,STU000020,2023010020,SUB0054,Natural Language Processing,FAC009,2026-07-21,9,Tuesday,1,7,2026-2027,P
3221,STU000021,2023010021,SUB0054,Natural Language Processing,FAC009,2026-07-21,9,Tuesday,1,7,2026-2027,P
3222,STU000022,2023010022,SUB0054,Natural Language Processing,FAC009,2026-07-21,9,Tuesday,1,7,2026-2027,P
3223,STU000023,2023010023,SUB0054,Natural Language Processing,FAC009,2026-07-21,9,Tuesday,1,7,2026-2027,P
3224,STU000024,2023010024,SUB0054,Natural Language Processing,FAC009,2026-07-21,9,Tuesday,1,7,2026-2027,P
3225,STU000025,2023010025,SUB0054,Natural Language Processing,FAC009,2026-07-21,9,Tuesday,1,7,2026-2027,P
3226,STU000026,2023010026,SUB0054,Natural Language Processing,FAC009,2026-07-21,9,Tuesday,1,7,2026-2027,P
3227,STU000027,2023010027,SUB0054,Natural Language Processing,FAC009,2026-07-21,9,Tuesday,1,7,2026-2027,A
3228,STU000028,2023010028,SUB0054,Natural Language Processing,FAC009,2026-07-21,9,Tuesday,1,7,2026-2027,P
3229,STU000029,2023010029,SUB0054,Natural Language Processing,FAC009,2026-07-21,9,Tuesday,1,7,2026-2027,P
3230,STU000030,2023010030,SUB0054,Natural Language Processing,FAC009,2026-07-21,9,Tuesday,1,7,2026-2027,P
3231,STU000031,2023010031,SUB0054,Natural Language Processing,FAC009,2026-07-21,9,Tuesday,1,7,2026-2027,P
3232,STU000032,2023010032,SUB0054,Natural Language Processing,FAC009,2026-07-21,9,Tuesday,1,7,2026-2027,A
3233,STU000033,2023010033,SUB0054,Natural Language Processing,FAC009,2026-07-21,9,Tuesday,1,7,2026-2027,P
3234,STU000034,2023010034,SUB0054,Natural Language Processing,FAC009,2026-07-21,9,Tuesday,1,7,2026-2027,A
3235,STU000035,2023010035,SUB0054,Natural Language Processing,FAC009,2026-07-21,9,Tuesday,1,7,2026-2027,P
3236,STU000036,2023010036,SUB0054,Natural Language Processing,FAC009,2026-07-21,9,Tuesday,1,7,2026-2027,P
3237,STU000037,2023010037,SUB0054,Natural Language Processing,FAC009,2026-07-21,9,Tuesday,1,7,2026-2027,P
3238,STU000038,2023010038,SUB0054,Natural Language Processing,FAC009,2026-07-21,9,Tuesday,1,7,2026-2027,P
3239,STU000039,2023010039,SUB0054,Natural Language Processing,FAC009,2026-07-21,9,Tuesday,1,7,2026-2027,P
3240,STU000040,2023010040,SUB0054,Natural Language Processing,FAC009,2026-07-21,9,Tuesday,1,7,2026-2027,P
3241,STU000041,2023010041,SUB0054,Natural Language Processing,FAC009,2026-07-21,9,Tuesday,1,7,2026-2027,A
3242,STU000042,2023010042,SUB0054,Natural Language Processing,FAC009,2026-07-21,9,Tuesday,1,7,2026-2027,P
3243,STU000043,2023010043,SUB0054,Natural Language Processing,FAC009,2026-07-21,9,Tuesday,1,7,2026-2027,A
3244,STU000044,2023010044,SUB0054,Natural Language Processing,FAC009,2026-07-21,9,Tuesday,1,7,2026-2027,P
3245,STU000045,2023010045,SUB0054,Natural Language Processing,FAC009,2026-07-21,9,Tuesday,1,7,2026-2027,P
3246,STU000046,2023010046,SUB0054,Natural Language Processing,FAC009,2026-07-21,9,Tuesday,1,7,2026-2027,P
3247,STU000047,2023010047,SUB0054,Natural Language Processing,FAC009,2026-07-21,9,Tuesday,1,7,2026-2027,P
3248,STU000048,2023010048,SUB0054,Natural Language Processing,FAC009,2026-07-21,9,Tuesday,1,7,2026-2027,P
3249,STU000049,2023010049,SUB0054,Natural Language Processing,FAC009,2026-07-21,9,Tuesday,1,7,2026-2027,P
3250,STU000050,2023010050,SUB0054,Natural Language Processing,FAC009,2026-07-21,9,Tuesday,1,7,2026-2027,A
3251,STU000001,2023010001,SUB0053,Deep Learning,FAC008,2026-07-21,14,Tuesday,1,7,2026-2027,P
3252,STU000002,2023010002,SUB0053,Deep Learning,FAC008,2026-07-21,14,Tuesday,1,7,2026-2027,P
3253,STU000003,2023010003,SUB0053,Deep Learning,FAC008,2026-07-21,14,Tuesday,1,7,2026-2027,A
3254,STU000004,2023010004,SUB0053,Deep Learning,FAC008,2026-07-21,14,Tuesday,1,7,2026-2027,P
3255,STU000005,2023010005,SUB0053,Deep Learning,FAC008,2026-07-21,14,Tuesday,1,7,2026-2027,P
3256,STU000006,2023010006,SUB0053,Deep Learning,FAC008,2026-07-21,14,Tuesday,1,7,2026-2027,P
3257,STU000007,2023010007,SUB0053,Deep Learning,FAC008,2026-07-21,14,Tuesday,1,7,2026-2027,P
3258,STU000008,2023010008,SUB0053,Deep Learning,FAC008,2026-07-21,14,Tuesday,1,7,2026-2027,P
3259,STU000009,2023010009,SUB0053,Deep Learning,FAC008,2026-07-21,14,Tuesday,1,7,2026-2027,P
3260,STU000010,2023010010,SUB0053,Deep Learning,FAC008,2026-07-21,14,Tuesday,1,7,2026-2027,A
3261,STU000011,2023010011,SUB0053,Deep Learning,FAC008,2026-07-21,14,Tuesday,1,7,2026-2027,P
3262,STU000012,2023010012,SUB0053,Deep Learning,FAC008,2026-07-21,14,Tuesday,1,7,2026-2027,P
3263,STU000013,2023010013,SUB0053,Deep Learning,FAC008,2026-07-21,14,Tuesday,1,7,2026-2027,P
3264,STU000014,2023010014,SUB0053,Deep Learning,FAC008,2026-07-21,14,Tuesday,1,7,2026-2027,P
3265,STU000015,2023010015,SUB0053,Deep Learning,FAC008,2026-07-21,14,Tuesday,1,7,2026-2027,P
3266,STU000016,2023010016,SUB0053,Deep Learning,FAC008,2026-07-21,14,Tuesday,1,7,2026-2027,P
3267,STU000017,2023010017,SUB0053,Deep Learning,FAC008,2026-07-21,14,Tuesday,1,7,2026-2027,P
3268,STU000018,2023010018,SUB0053,Deep Learning,FAC008,2026-07-21,14,Tuesday,1,7,2026-2027,P
3269,STU000019,2023010019,SUB0053,Deep Learning,FAC008,2026-07-21,14,Tuesday,1,7,2026-2027,P
3270,STU000020,2023010020,SUB0053,Deep Learning,FAC008,2026-07-21,14,Tuesday,1,7,2026-2027,P
3271,STU000021,2023010021,SUB0053,Deep Learning,FAC008,2026-07-21,14,Tuesday,1,7,2026-2027,P
3272,STU000022,2023010022,SUB0053,Deep Learning,FAC008,2026-07-21,14,Tuesday,1,7,2026-2027,P
3273,STU000023,2023010023,SUB0053,Deep Learning,FAC008,2026-07-21,14,Tuesday,1,7,2026-2027,P
3274,STU000024,2023010024,SUB0053,Deep Learning,FAC008,2026-07-21,14,Tuesday,1,7,2026-2027,P
3275,STU000025,2023010025,SUB0053,Deep Learning,FAC008,2026-07-21,14,Tuesday,1,7,2026-2027,P
3276,STU000026,2023010026,SUB0053,Deep Learning,FAC008,2026-07-21,14,Tuesday,1,7,2026-2027,P
3277,STU000027,2023010027,SUB0053,Deep Learning,FAC008,2026-07-21,14,Tuesday,1,7,2026-2027,P
3278,STU000028,2023010028,SUB0053,Deep Learning,FAC008,2026-07-21,14,Tuesday,1,7,2026-2027,A
3279,STU000029,2023010029,SUB0053,Deep Learning,FAC008,2026-07-21,14,Tuesday,1,7,2026-2027,P
3280,STU000030,2023010030,SUB0053,Deep Learning,FAC008,2026-07-21,14,Tuesday,1,7,2026-2027,P
3281,STU000031,2023010031,SUB0053,Deep Learning,FAC008,2026-07-21,14,Tuesday,1,7,2026-2027,P
3282,STU000032,2023010032,SUB0053,Deep Learning,FAC008,2026-07-21,14,Tuesday,1,7,2026-2027,A
3283,STU000033,2023010033,SUB0053,Deep Learning,FAC008,2026-07-21,14,Tuesday,1,7,2026-2027,P
3284,STU000034,2023010034,SUB0053,Deep Learning,FAC008,2026-07-21,14,Tuesday,1,7,2026-2027,P
3285,STU000035,2023010035,SUB0053,Deep Learning,FAC008,2026-07-21,14,Tuesday,1,7,2026-2027,A
3286,STU000036,2023010036,SUB0053,Deep Learning,FAC008,2026-07-21,14,Tuesday,1,7,2026-2027,P
3287,STU000037,2023010037,SUB0053,Deep Learning,FAC008,2026-07-21,14,Tuesday,1,7,2026-2027,P
3288,STU000038,2023010038,SUB0053,Deep Learning,FAC008,2026-07-21,14,Tuesday,1,7,2026-2027,P
3289,STU000039,2023010039,SUB0053,Deep Learning,FAC008,2026-07-21,14,Tuesday,1,7,2026-2027,P
3290,STU000040,2023010040,SUB0053,Deep Learning,FAC008,2026-07-21,14,Tuesday,1,7,2026-2027,P
3291,STU000041,2023010041,SUB0053,Deep Learning,FAC008,2026-07-21,14,Tuesday,1,7,2026-2027,A
3292,STU000042,2023010042,SUB0053,Deep Learning,FAC008,2026-07-21,14,Tuesday,1,7,2026-2027,P
3293,STU000043,2023010043,SUB0053,Deep Learning,FAC008,2026-07-21,14,Tuesday,1,7,2026-2027,P
3294,STU000044,2023010044,SUB0053,Deep Learning,FAC008,2026-07-21,14,Tuesday,1,7,2026-2027,P
3295,STU000045,2023010045,SUB0053,Deep Learning,FAC008,2026-07-21,14,Tuesday,1,7,2026-2027,P
3296,STU000046,2023010046,SUB0053,Deep Learning,FAC008,2026-07-21,14,Tuesday,1,7,2026-2027,A
3297,STU000047,2023010047,SUB0053,Deep Learning,FAC008,2026-07-21,14,Tuesday,1,7,2026-2027,P
3298,STU000048,2023010048,SUB0053,Deep Learning,FAC008,2026-07-21,14,Tuesday,1,7,2026-2027,P
3299,STU000049,2023010049,SUB0053,Deep Learning,FAC008,2026-07-21,14,Tuesday,1,7,2026-2027,P
3300,STU000050,2023010050,SUB0053,Deep Learning,FAC008,2026-07-21,14,Tuesday,1,7,2026-2027,P
3301,STU000001,2023010001,SUB0051,Human Computer Interaction,FAC006,2026-07-22,10,Wednesday,1,7,2026-2027,P
3302,STU000001,2023010001,SUB0054,Natural Language Processing,FAC009,2026-07-22,10,Wednesday,1,7,2026-2027,P
3303,STU000002,2023010002,SUB0051,Human Computer Interaction,FAC006,2026-07-22,10,Wednesday,1,7,2026-2027,P
3304,STU000002,2023010002,SUB0054,Natural Language Processing,FAC009,2026-07-22,10,Wednesday,1,7,2026-2027,P
3305,STU000003,2023010003,SUB0051,Human Computer Interaction,FAC006,2026-07-22,10,Wednesday,1,7,2026-2027,P
3306,STU000003,2023010003,SUB0054,Natural Language Processing,FAC009,2026-07-22,10,Wednesday,1,7,2026-2027,A
3307,STU000004,2023010004,SUB0051,Human Computer Interaction,FAC006,2026-07-22,10,Wednesday,1,7,2026-2027,P
3308,STU000004,2023010004,SUB0054,Natural Language Processing,FAC009,2026-07-22,10,Wednesday,1,7,2026-2027,P
3309,STU000005,2023010005,SUB0051,Human Computer Interaction,FAC006,2026-07-22,10,Wednesday,1,7,2026-2027,A
3310,STU000005,2023010005,SUB0054,Natural Language Processing,FAC009,2026-07-22,10,Wednesday,1,7,2026-2027,P
3311,STU000006,2023010006,SUB0051,Human Computer Interaction,FAC006,2026-07-22,10,Wednesday,1,7,2026-2027,P
3312,STU000006,2023010006,SUB0054,Natural Language Processing,FAC009,2026-07-22,10,Wednesday,1,7,2026-2027,P
3313,STU000007,2023010007,SUB0051,Human Computer Interaction,FAC006,2026-07-22,10,Wednesday,1,7,2026-2027,P
3314,STU000007,2023010007,SUB0054,Natural Language Processing,FAC009,2026-07-22,10,Wednesday,1,7,2026-2027,P
3315,STU000008,2023010008,SUB0051,Human Computer Interaction,FAC006,2026-07-22,10,Wednesday,1,7,2026-2027,A
3316,STU000008,2023010008,SUB0054,Natural Language Processing,FAC009,2026-07-22,10,Wednesday,1,7,2026-2027,P
3317,STU000009,2023010009,SUB0051,Human Computer Interaction,FAC006,2026-07-22,10,Wednesday,1,7,2026-2027,P
3318,STU000009,2023010009,SUB0054,Natural Language Processing,FAC009,2026-07-22,10,Wednesday,1,7,2026-2027,P
3319,STU000010,2023010010,SUB0051,Human Computer Interaction,FAC006,2026-07-22,10,Wednesday,1,7,2026-2027,P
3320,STU000010,2023010010,SUB0054,Natural Language Processing,FAC009,2026-07-22,10,Wednesday,1,7,2026-2027,P
3321,STU000011,2023010011,SUB0051,Human Computer Interaction,FAC006,2026-07-22,10,Wednesday,1,7,2026-2027,P
3322,STU000011,2023010011,SUB0054,Natural Language Processing,FAC009,2026-07-22,10,Wednesday,1,7,2026-2027,P
3323,STU000012,2023010012,SUB0051,Human Computer Interaction,FAC006,2026-07-22,10,Wednesday,1,7,2026-2027,P
3324,STU000012,2023010012,SUB0054,Natural Language Processing,FAC009,2026-07-22,10,Wednesday,1,7,2026-2027,A
3325,STU000013,2023010013,SUB0051,Human Computer Interaction,FAC006,2026-07-22,10,Wednesday,1,7,2026-2027,P
3326,STU000013,2023010013,SUB0054,Natural Language Processing,FAC009,2026-07-22,10,Wednesday,1,7,2026-2027,P
3327,STU000014,2023010014,SUB0051,Human Computer Interaction,FAC006,2026-07-22,10,Wednesday,1,7,2026-2027,P
3328,STU000014,2023010014,SUB0054,Natural Language Processing,FAC009,2026-07-22,10,Wednesday,1,7,2026-2027,P
3329,STU000015,2023010015,SUB0051,Human Computer Interaction,FAC006,2026-07-22,10,Wednesday,1,7,2026-2027,A
3330,STU000015,2023010015,SUB0054,Natural Language Processing,FAC009,2026-07-22,10,Wednesday,1,7,2026-2027,P
3331,STU000016,2023010016,SUB0051,Human Computer Interaction,FAC006,2026-07-22,10,Wednesday,1,7,2026-2027,P
3332,STU000016,2023010016,SUB0054,Natural Language Processing,FAC009,2026-07-22,10,Wednesday,1,7,2026-2027,P
3333,STU000017,2023010017,SUB0051,Human Computer Interaction,FAC006,2026-07-22,10,Wednesday,1,7,2026-2027,P
3334,STU000017,2023010017,SUB0054,Natural Language Processing,FAC009,2026-07-22,10,Wednesday,1,7,2026-2027,P
3335,STU000018,2023010018,SUB0051,Human Computer Interaction,FAC006,2026-07-22,10,Wednesday,1,7,2026-2027,P
3336,STU000018,2023010018,SUB0054,Natural Language Processing,FAC009,2026-07-22,10,Wednesday,1,7,2026-2027,P
3337,STU000019,2023010019,SUB0051,Human Computer Interaction,FAC006,2026-07-22,10,Wednesday,1,7,2026-2027,P
3338,STU000019,2023010019,SUB0054,Natural Language Processing,FAC009,2026-07-22,10,Wednesday,1,7,2026-2027,A
3339,STU000020,2023010020,SUB0051,Human Computer Interaction,FAC006,2026-07-22,10,Wednesday,1,7,2026-2027,P
3340,STU000020,2023010020,SUB0054,Natural Language Processing,FAC009,2026-07-22,10,Wednesday,1,7,2026-2027,P
3341,STU000021,2023010021,SUB0051,Human Computer Interaction,FAC006,2026-07-22,10,Wednesday,1,7,2026-2027,P
3342,STU000021,2023010021,SUB0054,Natural Language Processing,FAC009,2026-07-22,10,Wednesday,1,7,2026-2027,P
3343,STU000022,2023010022,SUB0051,Human Computer Interaction,FAC006,2026-07-22,10,Wednesday,1,7,2026-2027,A
3344,STU000022,2023010022,SUB0054,Natural Language Processing,FAC009,2026-07-22,10,Wednesday,1,7,2026-2027,P
3345,STU000023,2023010023,SUB0051,Human Computer Interaction,FAC006,2026-07-22,10,Wednesday,1,7,2026-2027,P
3346,STU000023,2023010023,SUB0054,Natural Language Processing,FAC009,2026-07-22,10,Wednesday,1,7,2026-2027,P
3347,STU000024,2023010024,SUB0051,Human Computer Interaction,FAC006,2026-07-22,10,Wednesday,1,7,2026-2027,P
3348,STU000024,2023010024,SUB0054,Natural Language Processing,FAC009,2026-07-22,10,Wednesday,1,7,2026-2027,P
3349,STU000025,2023010025,SUB0051,Human Computer Interaction,FAC006,2026-07-22,10,Wednesday,1,7,2026-2027,P
3350,STU000025,2023010025,SUB0054,Natural Language Processing,FAC009,2026-07-22,10,Wednesday,1,7,2026-2027,P
3351,STU000026,2023010026,SUB0051,Human Computer Interaction,FAC006,2026-07-22,10,Wednesday,1,7,2026-2027,P
3352,STU000026,2023010026,SUB0054,Natural Language Processing,FAC009,2026-07-22,10,Wednesday,1,7,2026-2027,P
3353,STU000027,2023010027,SUB0051,Human Computer Interaction,FAC006,2026-07-22,10,Wednesday,1,7,2026-2027,P
3354,STU000027,2023010027,SUB0054,Natural Language Processing,FAC009,2026-07-22,10,Wednesday,1,7,2026-2027,P
3355,STU000028,2023010028,SUB0051,Human Computer Interaction,FAC006,2026-07-22,10,Wednesday,1,7,2026-2027,P
3356,STU000028,2023010028,SUB0054,Natural Language Processing,FAC009,2026-07-22,10,Wednesday,1,7,2026-2027,A
3357,STU000029,2023010029,SUB0051,Human Computer Interaction,FAC006,2026-07-22,10,Wednesday,1,7,2026-2027,P
3358,STU000029,2023010029,SUB0054,Natural Language Processing,FAC009,2026-07-22,10,Wednesday,1,7,2026-2027,P
3359,STU000030,2023010030,SUB0051,Human Computer Interaction,FAC006,2026-07-22,10,Wednesday,1,7,2026-2027,P
3360,STU000030,2023010030,SUB0054,Natural Language Processing,FAC009,2026-07-22,10,Wednesday,1,7,2026-2027,P
3361,STU000031,2023010031,SUB0051,Human Computer Interaction,FAC006,2026-07-22,10,Wednesday,1,7,2026-2027,P
3362,STU000031,2023010031,SUB0054,Natural Language Processing,FAC009,2026-07-22,10,Wednesday,1,7,2026-2027,P
3363,STU000032,2023010032,SUB0051,Human Computer Interaction,FAC006,2026-07-22,10,Wednesday,1,7,2026-2027,A
3364,STU000032,2023010032,SUB0054,Natural Language Processing,FAC009,2026-07-22,10,Wednesday,1,7,2026-2027,A
3365,STU000033,2023010033,SUB0051,Human Computer Interaction,FAC006,2026-07-22,10,Wednesday,1,7,2026-2027,P
3366,STU000033,2023010033,SUB0054,Natural Language Processing,FAC009,2026-07-22,10,Wednesday,1,7,2026-2027,P
3367,STU000034,2023010034,SUB0051,Human Computer Interaction,FAC006,2026-07-22,10,Wednesday,1,7,2026-2027,P
3368,STU000034,2023010034,SUB0054,Natural Language Processing,FAC009,2026-07-22,10,Wednesday,1,7,2026-2027,P
3369,STU000035,2023010035,SUB0051,Human Computer Interaction,FAC006,2026-07-22,10,Wednesday,1,7,2026-2027,P
3370,STU000035,2023010035,SUB0054,Natural Language Processing,FAC009,2026-07-22,10,Wednesday,1,7,2026-2027,A
3371,STU000036,2023010036,SUB0051,Human Computer Interaction,FAC006,2026-07-22,10,Wednesday,1,7,2026-2027,P
3372,STU000036,2023010036,SUB0054,Natural Language Processing,FAC009,2026-07-22,10,Wednesday,1,7,2026-2027,P
3373,STU000037,2023010037,SUB0051,Human Computer Interaction,FAC006,2026-07-22,10,Wednesday,1,7,2026-2027,P
3374,STU000037,2023010037,SUB0054,Natural Language Processing,FAC009,2026-07-22,10,Wednesday,1,7,2026-2027,P
3375,STU000038,2023010038,SUB0051,Human Computer Interaction,FAC006,2026-07-22,10,Wednesday,1,7,2026-2027,P
3376,STU000038,2023010038,SUB0054,Natural Language Processing,FAC009,2026-07-22,10,Wednesday,1,7,2026-2027,P
3377,STU000039,2023010039,SUB0051,Human Computer Interaction,FAC006,2026-07-22,10,Wednesday,1,7,2026-2027,A
3378,STU000039,2023010039,SUB0054,Natural Language Processing,FAC009,2026-07-22,10,Wednesday,1,7,2026-2027,P
3379,STU000040,2023010040,SUB0051,Human Computer Interaction,FAC006,2026-07-22,10,Wednesday,1,7,2026-2027,P
3380,STU000040,2023010040,SUB0054,Natural Language Processing,FAC009,2026-07-22,10,Wednesday,1,7,2026-2027,P
3381,STU000041,2023010041,SUB0051,Human Computer Interaction,FAC006,2026-07-22,10,Wednesday,1,7,2026-2027,A
3382,STU000041,2023010041,SUB0054,Natural Language Processing,FAC009,2026-07-22,10,Wednesday,1,7,2026-2027,A
3383,STU000042,2023010042,SUB0051,Human Computer Interaction,FAC006,2026-07-22,10,Wednesday,1,7,2026-2027,P
3384,STU000042,2023010042,SUB0054,Natural Language Processing,FAC009,2026-07-22,10,Wednesday,1,7,2026-2027,P
3385,STU000043,2023010043,SUB0051,Human Computer Interaction,FAC006,2026-07-22,10,Wednesday,1,7,2026-2027,P
3386,STU000043,2023010043,SUB0054,Natural Language Processing,FAC009,2026-07-22,10,Wednesday,1,7,2026-2027,P
3387,STU000044,2023010044,SUB0051,Human Computer Interaction,FAC006,2026-07-22,10,Wednesday,1,7,2026-2027,P
3388,STU000044,2023010044,SUB0054,Natural Language Processing,FAC009,2026-07-22,10,Wednesday,1,7,2026-2027,A
3389,STU000045,2023010045,SUB0051,Human Computer Interaction,FAC006,2026-07-22,10,Wednesday,1,7,2026-2027,P
3390,STU000045,2023010045,SUB0054,Natural Language Processing,FAC009,2026-07-22,10,Wednesday,1,7,2026-2027,P
3391,STU000046,2023010046,SUB0051,Human Computer Interaction,FAC006,2026-07-22,10,Wednesday,1,7,2026-2027,P
3392,STU000046,2023010046,SUB0054,Natural Language Processing,FAC009,2026-07-22,10,Wednesday,1,7,2026-2027,P
3393,STU000047,2023010047,SUB0051,Human Computer Interaction,FAC006,2026-07-22,10,Wednesday,1,7,2026-2027,P
3394,STU000047,2023010047,SUB0054,Natural Language Processing,FAC009,2026-07-22,10,Wednesday,1,7,2026-2027,P
3395,STU000048,2023010048,SUB0051,Human Computer Interaction,FAC006,2026-07-22,10,Wednesday,1,7,2026-2027,P
3396,STU000048,2023010048,SUB0054,Natural Language Processing,FAC009,2026-07-22,10,Wednesday,1,7,2026-2027,P
3397,STU000049,2023010049,SUB0051,Human Computer Interaction,FAC006,2026-07-22,10,Wednesday,1,7,2026-2027,A
3398,STU000049,2023010049,SUB0054,Natural Language Processing,FAC009,2026-07-22,10,Wednesday,1,7,2026-2027,P
3399,STU000050,2023010050,SUB0051,Human Computer Interaction,FAC006,2026-07-22,10,Wednesday,1,7,2026-2027,P
3400,STU000050,2023010050,SUB0054,Natural Language Processing,FAC009,2026-07-22,10,Wednesday,1,7,2026-2027,P
3401,STU000001,2023010001,SUB0050,Software Engineering,FAC005,2026-07-22,14,Wednesday,1,7,2026-2027,P
3402,STU000002,2023010002,SUB0050,Software Engineering,FAC005,2026-07-22,14,Wednesday,1,7,2026-2027,P
3403,STU000003,2023010003,SUB0050,Software Engineering,FAC005,2026-07-22,14,Wednesday,1,7,2026-2027,P
3404,STU000004,2023010004,SUB0050,Software Engineering,FAC005,2026-07-22,14,Wednesday,1,7,2026-2027,P
3405,STU000005,2023010005,SUB0050,Software Engineering,FAC005,2026-07-22,14,Wednesday,1,7,2026-2027,P
3406,STU000006,2023010006,SUB0050,Software Engineering,FAC005,2026-07-22,14,Wednesday,1,7,2026-2027,A
3407,STU000007,2023010007,SUB0050,Software Engineering,FAC005,2026-07-22,14,Wednesday,1,7,2026-2027,P
3408,STU000008,2023010008,SUB0050,Software Engineering,FAC005,2026-07-22,14,Wednesday,1,7,2026-2027,P
3409,STU000009,2023010009,SUB0050,Software Engineering,FAC005,2026-07-22,14,Wednesday,1,7,2026-2027,P
3410,STU000010,2023010010,SUB0050,Software Engineering,FAC005,2026-07-22,14,Wednesday,1,7,2026-2027,P
3411,STU000011,2023010011,SUB0050,Software Engineering,FAC005,2026-07-22,14,Wednesday,1,7,2026-2027,P
3412,STU000012,2023010012,SUB0050,Software Engineering,FAC005,2026-07-22,14,Wednesday,1,7,2026-2027,P
3413,STU000013,2023010013,SUB0050,Software Engineering,FAC005,2026-07-22,14,Wednesday,1,7,2026-2027,A
3414,STU000014,2023010014,SUB0050,Software Engineering,FAC005,2026-07-22,14,Wednesday,1,7,2026-2027,P
3415,STU000015,2023010015,SUB0050,Software Engineering,FAC005,2026-07-22,14,Wednesday,1,7,2026-2027,P
3416,STU000016,2023010016,SUB0050,Software Engineering,FAC005,2026-07-22,14,Wednesday,1,7,2026-2027,P
3417,STU000017,2023010017,SUB0050,Software Engineering,FAC005,2026-07-22,14,Wednesday,1,7,2026-2027,A
3418,STU000018,2023010018,SUB0050,Software Engineering,FAC005,2026-07-22,14,Wednesday,1,7,2026-2027,P
3419,STU000019,2023010019,SUB0050,Software Engineering,FAC005,2026-07-22,14,Wednesday,1,7,2026-2027,P
3420,STU000020,2023010020,SUB0050,Software Engineering,FAC005,2026-07-22,14,Wednesday,1,7,2026-2027,P
3421,STU000021,2023010021,SUB0050,Software Engineering,FAC005,2026-07-22,14,Wednesday,1,7,2026-2027,P
3422,STU000022,2023010022,SUB0050,Software Engineering,FAC005,2026-07-22,14,Wednesday,1,7,2026-2027,P
3423,STU000023,2023010023,SUB0050,Software Engineering,FAC005,2026-07-22,14,Wednesday,1,7,2026-2027,P
3424,STU000024,2023010024,SUB0050,Software Engineering,FAC005,2026-07-22,14,Wednesday,1,7,2026-2027,A
3425,STU000025,2023010025,SUB0050,Software Engineering,FAC005,2026-07-22,14,Wednesday,1,7,2026-2027,P
3426,STU000026,2023010026,SUB0050,Software Engineering,FAC005,2026-07-22,14,Wednesday,1,7,2026-2027,P
3427,STU000027,2023010027,SUB0050,Software Engineering,FAC005,2026-07-22,14,Wednesday,1,7,2026-2027,P
3428,STU000028,2023010028,SUB0050,Software Engineering,FAC005,2026-07-22,14,Wednesday,1,7,2026-2027,P
3429,STU000029,2023010029,SUB0050,Software Engineering,FAC005,2026-07-22,14,Wednesday,1,7,2026-2027,P
3430,STU000030,2023010030,SUB0050,Software Engineering,FAC005,2026-07-22,14,Wednesday,1,7,2026-2027,P
3431,STU000031,2023010031,SUB0050,Software Engineering,FAC005,2026-07-22,14,Wednesday,1,7,2026-2027,A
3432,STU000032,2023010032,SUB0050,Software Engineering,FAC005,2026-07-22,14,Wednesday,1,7,2026-2027,A
3433,STU000033,2023010033,SUB0050,Software Engineering,FAC005,2026-07-22,14,Wednesday,1,7,2026-2027,P
3434,STU000034,2023010034,SUB0050,Software Engineering,FAC005,2026-07-22,14,Wednesday,1,7,2026-2027,P
3435,STU000035,2023010035,SUB0050,Software Engineering,FAC005,2026-07-22,14,Wednesday,1,7,2026-2027,P
3436,STU000036,2023010036,SUB0050,Software Engineering,FAC005,2026-07-22,14,Wednesday,1,7,2026-2027,P
3437,STU000037,2023010037,SUB0050,Software Engineering,FAC005,2026-07-22,14,Wednesday,1,7,2026-2027,P
3438,STU000038,2023010038,SUB0050,Software Engineering,FAC005,2026-07-22,14,Wednesday,1,7,2026-2027,A
3439,STU000039,2023010039,SUB0050,Software Engineering,FAC005,2026-07-22,14,Wednesday,1,7,2026-2027,P
3440,STU000040,2023010040,SUB0050,Software Engineering,FAC005,2026-07-22,14,Wednesday,1,7,2026-2027,P
3441,STU000041,2023010041,SUB0050,Software Engineering,FAC005,2026-07-22,14,Wednesday,1,7,2026-2027,A
3442,STU000042,2023010042,SUB0050,Software Engineering,FAC005,2026-07-22,14,Wednesday,1,7,2026-2027,P
3443,STU000043,2023010043,SUB0050,Software Engineering,FAC005,2026-07-22,14,Wednesday,1,7,2026-2027,P
3444,STU000044,2023010044,SUB0050,Software Engineering,FAC005,2026-07-22,14,Wednesday,1,7,2026-2027,P
3445,STU000045,2023010045,SUB0050,Software Engineering,FAC005,2026-07-22,14,Wednesday,1,7,2026-2027,P
3446,STU000046,2023010046,SUB0050,Software Engineering,FAC005,2026-07-22,14,Wednesday,1,7,2026-2027,P
3447,STU000047,2023010047,SUB0050,Software Engineering,FAC005,2026-07-22,14,Wednesday,1,7,2026-2027,P
3448,STU000048,2023010048,SUB0050,Software Engineering,FAC005,2026-07-22,14,Wednesday,1,7,2026-2027,P
3449,STU000049,2023010049,SUB0050,Software Engineering,FAC005,2026-07-22,14,Wednesday,1,7,2026-2027,A
3450,STU000050,2023010050,SUB0050,Software Engineering,FAC005,2026-07-22,14,Wednesday,1,7,2026-2027,P
3451,STU000001,2023010001,SUB0055,Deep Learning Laboratory,FAC010,2026-07-23,9,Thursday,1,7,2026-2027,A
3452,STU000002,2023010002,SUB0055,Deep Learning Laboratory,FAC010,2026-07-23,9,Thursday,1,7,2026-2027,P
3453,STU000003,2023010003,SUB0055,Deep Learning Laboratory,FAC010,2026-07-23,9,Thursday,1,7,2026-2027,P
3454,STU000004,2023010004,SUB0055,Deep Learning Laboratory,FAC010,2026-07-23,9,Thursday,1,7,2026-2027,P
3455,STU000005,2023010005,SUB0055,Deep Learning Laboratory,FAC010,2026-07-23,9,Thursday,1,7,2026-2027,P
3456,STU000006,2023010006,SUB0055,Deep Learning Laboratory,FAC010,2026-07-23,9,Thursday,1,7,2026-2027,P
3457,STU000007,2023010007,SUB0055,Deep Learning Laboratory,FAC010,2026-07-23,9,Thursday,1,7,2026-2027,P
3458,STU000008,2023010008,SUB0055,Deep Learning Laboratory,FAC010,2026-07-23,9,Thursday,1,7,2026-2027,P
3459,STU000009,2023010009,SUB0055,Deep Learning Laboratory,FAC010,2026-07-23,9,Thursday,1,7,2026-2027,P
3460,STU000010,2023010010,SUB0055,Deep Learning Laboratory,FAC010,2026-07-23,9,Thursday,1,7,2026-2027,P
3461,STU000011,2023010011,SUB0055,Deep Learning Laboratory,FAC010,2026-07-23,9,Thursday,1,7,2026-2027,P
3462,STU000012,2023010012,SUB0055,Deep Learning Laboratory,FAC010,2026-07-23,9,Thursday,1,7,2026-2027,P
3463,STU000013,2023010013,SUB0055,Deep Learning Laboratory,FAC010,2026-07-23,9,Thursday,1,7,2026-2027,P
3464,STU000014,2023010014,SUB0055,Deep Learning Laboratory,FAC010,2026-07-23,9,Thursday,1,7,2026-2027,P
3465,STU000015,2023010015,SUB0055,Deep Learning Laboratory,FAC010,2026-07-23,9,Thursday,1,7,2026-2027,P
3466,STU000016,2023010016,SUB0055,Deep Learning Laboratory,FAC010,2026-07-23,9,Thursday,1,7,2026-2027,P
3467,STU000017,2023010017,SUB0055,Deep Learning Laboratory,FAC010,2026-07-23,9,Thursday,1,7,2026-2027,A
3468,STU000018,2023010018,SUB0055,Deep Learning Laboratory,FAC010,2026-07-23,9,Thursday,1,7,2026-2027,P
3469,STU000019,2023010019,SUB0055,Deep Learning Laboratory,FAC010,2026-07-23,9,Thursday,1,7,2026-2027,P
3470,STU000020,2023010020,SUB0055,Deep Learning Laboratory,FAC010,2026-07-23,9,Thursday,1,7,2026-2027,P
3471,STU000021,2023010021,SUB0055,Deep Learning Laboratory,FAC010,2026-07-23,9,Thursday,1,7,2026-2027,P
3472,STU000022,2023010022,SUB0055,Deep Learning Laboratory,FAC010,2026-07-23,9,Thursday,1,7,2026-2027,P
3473,STU000023,2023010023,SUB0055,Deep Learning Laboratory,FAC010,2026-07-23,9,Thursday,1,7,2026-2027,P
3474,STU000024,2023010024,SUB0055,Deep Learning Laboratory,FAC010,2026-07-23,9,Thursday,1,7,2026-2027,P
3475,STU000025,2023010025,SUB0055,Deep Learning Laboratory,FAC010,2026-07-23,9,Thursday,1,7,2026-2027,P
3476,STU000026,2023010026,SUB0055,Deep Learning Laboratory,FAC010,2026-07-23,9,Thursday,1,7,2026-2027,A
3477,STU000027,2023010027,SUB0055,Deep Learning Laboratory,FAC010,2026-07-23,9,Thursday,1,7,2026-2027,P
3478,STU000028,2023010028,SUB0055,Deep Learning Laboratory,FAC010,2026-07-23,9,Thursday,1,7,2026-2027,P
3479,STU000029,2023010029,SUB0055,Deep Learning Laboratory,FAC010,2026-07-23,9,Thursday,1,7,2026-2027,P
3480,STU000030,2023010030,SUB0055,Deep Learning Laboratory,FAC010,2026-07-23,9,Thursday,1,7,2026-2027,P
3481,STU000031,2023010031,SUB0055,Deep Learning Laboratory,FAC010,2026-07-23,9,Thursday,1,7,2026-2027,P
3482,STU000032,2023010032,SUB0055,Deep Learning Laboratory,FAC010,2026-07-23,9,Thursday,1,7,2026-2027,A
3483,STU000033,2023010033,SUB0055,Deep Learning Laboratory,FAC010,2026-07-23,9,Thursday,1,7,2026-2027,A
3484,STU000034,2023010034,SUB0055,Deep Learning Laboratory,FAC010,2026-07-23,9,Thursday,1,7,2026-2027,P
3485,STU000035,2023010035,SUB0055,Deep Learning Laboratory,FAC010,2026-07-23,9,Thursday,1,7,2026-2027,P
3486,STU000036,2023010036,SUB0055,Deep Learning Laboratory,FAC010,2026-07-23,9,Thursday,1,7,2026-2027,P
3487,STU000037,2023010037,SUB0055,Deep Learning Laboratory,FAC010,2026-07-23,9,Thursday,1,7,2026-2027,P
3488,STU000038,2023010038,SUB0055,Deep Learning Laboratory,FAC010,2026-07-23,9,Thursday,1,7,2026-2027,P
3489,STU000039,2023010039,SUB0055,Deep Learning Laboratory,FAC010,2026-07-23,9,Thursday,1,7,2026-2027,P
3490,STU000040,2023010040,SUB0055,Deep Learning Laboratory,FAC010,2026-07-23,9,Thursday,1,7,2026-2027,P
3491,STU000041,2023010041,SUB0055,Deep Learning Laboratory,FAC010,2026-07-23,9,Thursday,1,7,2026-2027,A
3492,STU000042,2023010042,SUB0055,Deep Learning Laboratory,FAC010,2026-07-23,9,Thursday,1,7,2026-2027,P
3493,STU000043,2023010043,SUB0055,Deep Learning Laboratory,FAC010,2026-07-23,9,Thursday,1,7,2026-2027,P
3494,STU000044,2023010044,SUB0055,Deep Learning Laboratory,FAC010,2026-07-23,9,Thursday,1,7,2026-2027,P
3495,STU000045,2023010045,SUB0055,Deep Learning Laboratory,FAC010,2026-07-23,9,Thursday,1,7,2026-2027,P
3496,STU000046,2023010046,SUB0055,Deep Learning Laboratory,FAC010,2026-07-23,9,Thursday,1,7,2026-2027,P
3497,STU000047,2023010047,SUB0055,Deep Learning Laboratory,FAC010,2026-07-23,9,Thursday,1,7,2026-2027,P
3498,STU000048,2023010048,SUB0055,Deep Learning Laboratory,FAC010,2026-07-23,9,Thursday,1,7,2026-2027,P
3499,STU000049,2023010049,SUB0055,Deep Learning Laboratory,FAC010,2026-07-23,9,Thursday,1,7,2026-2027,A
3500,STU000050,2023010050,SUB0055,Deep Learning Laboratory,FAC010,2026-07-23,9,Thursday,1,7,2026-2027,P
3501,STU000001,2023010001,SUB0055,Deep Learning Laboratory,FAC010,2026-07-23,10,Thursday,1,7,2026-2027,P
3502,STU000002,2023010002,SUB0055,Deep Learning Laboratory,FAC010,2026-07-23,10,Thursday,1,7,2026-2027,A
3503,STU000003,2023010003,SUB0055,Deep Learning Laboratory,FAC010,2026-07-23,10,Thursday,1,7,2026-2027,P
3504,STU000004,2023010004,SUB0055,Deep Learning Laboratory,FAC010,2026-07-23,10,Thursday,1,7,2026-2027,P
3505,STU000005,2023010005,SUB0055,Deep Learning Laboratory,FAC010,2026-07-23,10,Thursday,1,7,2026-2027,P
3506,STU000006,2023010006,SUB0055,Deep Learning Laboratory,FAC010,2026-07-23,10,Thursday,1,7,2026-2027,P
3507,STU000007,2023010007,SUB0055,Deep Learning Laboratory,FAC010,2026-07-23,10,Thursday,1,7,2026-2027,P
3508,STU000008,2023010008,SUB0055,Deep Learning Laboratory,FAC010,2026-07-23,10,Thursday,1,7,2026-2027,P
3509,STU000009,2023010009,SUB0055,Deep Learning Laboratory,FAC010,2026-07-23,10,Thursday,1,7,2026-2027,P
3510,STU000010,2023010010,SUB0055,Deep Learning Laboratory,FAC010,2026-07-23,10,Thursday,1,7,2026-2027,P
3511,STU000011,2023010011,SUB0055,Deep Learning Laboratory,FAC010,2026-07-23,10,Thursday,1,7,2026-2027,A
3512,STU000012,2023010012,SUB0055,Deep Learning Laboratory,FAC010,2026-07-23,10,Thursday,1,7,2026-2027,P
3513,STU000013,2023010013,SUB0055,Deep Learning Laboratory,FAC010,2026-07-23,10,Thursday,1,7,2026-2027,P
3514,STU000014,2023010014,SUB0055,Deep Learning Laboratory,FAC010,2026-07-23,10,Thursday,1,7,2026-2027,P
3515,STU000015,2023010015,SUB0055,Deep Learning Laboratory,FAC010,2026-07-23,10,Thursday,1,7,2026-2027,P
3516,STU000016,2023010016,SUB0055,Deep Learning Laboratory,FAC010,2026-07-23,10,Thursday,1,7,2026-2027,P
3517,STU000017,2023010017,SUB0055,Deep Learning Laboratory,FAC010,2026-07-23,10,Thursday,1,7,2026-2027,P
3518,STU000018,2023010018,SUB0055,Deep Learning Laboratory,FAC010,2026-07-23,10,Thursday,1,7,2026-2027,A
3519,STU000019,2023010019,SUB0055,Deep Learning Laboratory,FAC010,2026-07-23,10,Thursday,1,7,2026-2027,P
3520,STU000020,2023010020,SUB0055,Deep Learning Laboratory,FAC010,2026-07-23,10,Thursday,1,7,2026-2027,P
3521,STU000021,2023010021,SUB0055,Deep Learning Laboratory,FAC010,2026-07-23,10,Thursday,1,7,2026-2027,P
3522,STU000022,2023010022,SUB0055,Deep Learning Laboratory,FAC010,2026-07-23,10,Thursday,1,7,2026-2027,P
3523,STU000023,2023010023,SUB0055,Deep Learning Laboratory,FAC010,2026-07-23,10,Thursday,1,7,2026-2027,P
3524,STU000024,2023010024,SUB0055,Deep Learning Laboratory,FAC010,2026-07-23,10,Thursday,1,7,2026-2027,P
3525,STU000025,2023010025,SUB0055,Deep Learning Laboratory,FAC010,2026-07-23,10,Thursday,1,7,2026-2027,P
3526,STU000026,2023010026,SUB0055,Deep Learning Laboratory,FAC010,2026-07-23,10,Thursday,1,7,2026-2027,P
3527,STU000027,2023010027,SUB0055,Deep Learning Laboratory,FAC010,2026-07-23,10,Thursday,1,7,2026-2027,A
3528,STU000028,2023010028,SUB0055,Deep Learning Laboratory,FAC010,2026-07-23,10,Thursday,1,7,2026-2027,P
3529,STU000029,2023010029,SUB0055,Deep Learning Laboratory,FAC010,2026-07-23,10,Thursday,1,7,2026-2027,P
3530,STU000030,2023010030,SUB0055,Deep Learning Laboratory,FAC010,2026-07-23,10,Thursday,1,7,2026-2027,P
3531,STU000031,2023010031,SUB0055,Deep Learning Laboratory,FAC010,2026-07-23,10,Thursday,1,7,2026-2027,P
3532,STU000032,2023010032,SUB0055,Deep Learning Laboratory,FAC010,2026-07-23,10,Thursday,1,7,2026-2027,A
3533,STU000033,2023010033,SUB0055,Deep Learning Laboratory,FAC010,2026-07-23,10,Thursday,1,7,2026-2027,P
3534,STU000034,2023010034,SUB0055,Deep Learning Laboratory,FAC010,2026-07-23,10,Thursday,1,7,2026-2027,A
3535,STU000035,2023010035,SUB0055,Deep Learning Laboratory,FAC010,2026-07-23,10,Thursday,1,7,2026-2027,P
3536,STU000036,2023010036,SUB0055,Deep Learning Laboratory,FAC010,2026-07-23,10,Thursday,1,7,2026-2027,P
3537,STU000037,2023010037,SUB0055,Deep Learning Laboratory,FAC010,2026-07-23,10,Thursday,1,7,2026-2027,P
3538,STU000038,2023010038,SUB0055,Deep Learning Laboratory,FAC010,2026-07-23,10,Thursday,1,7,2026-2027,P
3539,STU000039,2023010039,SUB0055,Deep Learning Laboratory,FAC010,2026-07-23,10,Thursday,1,7,2026-2027,P
3540,STU000040,2023010040,SUB0055,Deep Learning Laboratory,FAC010,2026-07-23,10,Thursday,1,7,2026-2027,P
3541,STU000041,2023010041,SUB0055,Deep Learning Laboratory,FAC010,2026-07-23,10,Thursday,1,7,2026-2027,A
3542,STU000042,2023010042,SUB0055,Deep Learning Laboratory,FAC010,2026-07-23,10,Thursday,1,7,2026-2027,P
3543,STU000043,2023010043,SUB0055,Deep Learning Laboratory,FAC010,2026-07-23,10,Thursday,1,7,2026-2027,A
3544,STU000044,2023010044,SUB0055,Deep Learning Laboratory,FAC010,2026-07-23,10,Thursday,1,7,2026-2027,P
3545,STU000045,2023010045,SUB0055,Deep Learning Laboratory,FAC010,2026-07-23,10,Thursday,1,7,2026-2027,P
3546,STU000046,2023010046,SUB0055,Deep Learning Laboratory,FAC010,2026-07-23,10,Thursday,1,7,2026-2027,P
3547,STU000047,2023010047,SUB0055,Deep Learning Laboratory,FAC010,2026-07-23,10,Thursday,1,7,2026-2027,P
3548,STU000048,2023010048,SUB0055,Deep Learning Laboratory,FAC010,2026-07-23,10,Thursday,1,7,2026-2027,P
3549,STU000049,2023010049,SUB0055,Deep Learning Laboratory,FAC010,2026-07-23,10,Thursday,1,7,2026-2027,P
3550,STU000050,2023010050,SUB0055,Deep Learning Laboratory,FAC010,2026-07-23,10,Thursday,1,7,2026-2027,A
3551,STU000001,2023010001,SUB0053,Deep Learning,FAC008,2026-07-23,15,Thursday,1,7,2026-2027,P
3552,STU000002,2023010002,SUB0053,Deep Learning,FAC008,2026-07-23,15,Thursday,1,7,2026-2027,P
3553,STU000003,2023010003,SUB0053,Deep Learning,FAC008,2026-07-23,15,Thursday,1,7,2026-2027,P
3554,STU000004,2023010004,SUB0053,Deep Learning,FAC008,2026-07-23,15,Thursday,1,7,2026-2027,A
3555,STU000005,2023010005,SUB0053,Deep Learning,FAC008,2026-07-23,15,Thursday,1,7,2026-2027,P
3556,STU000006,2023010006,SUB0053,Deep Learning,FAC008,2026-07-23,15,Thursday,1,7,2026-2027,P
3557,STU000007,2023010007,SUB0053,Deep Learning,FAC008,2026-07-23,15,Thursday,1,7,2026-2027,P
3558,STU000008,2023010008,SUB0053,Deep Learning,FAC008,2026-07-23,15,Thursday,1,7,2026-2027,P
3559,STU000009,2023010009,SUB0053,Deep Learning,FAC008,2026-07-23,15,Thursday,1,7,2026-2027,P
3560,STU000010,2023010010,SUB0053,Deep Learning,FAC008,2026-07-23,15,Thursday,1,7,2026-2027,P
3561,STU000011,2023010011,SUB0053,Deep Learning,FAC008,2026-07-23,15,Thursday,1,7,2026-2027,A
3562,STU000012,2023010012,SUB0053,Deep Learning,FAC008,2026-07-23,15,Thursday,1,7,2026-2027,P
3563,STU000013,2023010013,SUB0053,Deep Learning,FAC008,2026-07-23,15,Thursday,1,7,2026-2027,P
3564,STU000014,2023010014,SUB0053,Deep Learning,FAC008,2026-07-23,15,Thursday,1,7,2026-2027,P
3565,STU000015,2023010015,SUB0053,Deep Learning,FAC008,2026-07-23,15,Thursday,1,7,2026-2027,A
3566,STU000016,2023010016,SUB0053,Deep Learning,FAC008,2026-07-23,15,Thursday,1,7,2026-2027,P
3567,STU000017,2023010017,SUB0053,Deep Learning,FAC008,2026-07-23,15,Thursday,1,7,2026-2027,P
3568,STU000018,2023010018,SUB0053,Deep Learning,FAC008,2026-07-23,15,Thursday,1,7,2026-2027,P
3569,STU000019,2023010019,SUB0053,Deep Learning,FAC008,2026-07-23,15,Thursday,1,7,2026-2027,P
3570,STU000020,2023010020,SUB0053,Deep Learning,FAC008,2026-07-23,15,Thursday,1,7,2026-2027,P
3571,STU000021,2023010021,SUB0053,Deep Learning,FAC008,2026-07-23,15,Thursday,1,7,2026-2027,P
3572,STU000022,2023010022,SUB0053,Deep Learning,FAC008,2026-07-23,15,Thursday,1,7,2026-2027,A
3573,STU000023,2023010023,SUB0053,Deep Learning,FAC008,2026-07-23,15,Thursday,1,7,2026-2027,P
3574,STU000024,2023010024,SUB0053,Deep Learning,FAC008,2026-07-23,15,Thursday,1,7,2026-2027,P
3575,STU000025,2023010025,SUB0053,Deep Learning,FAC008,2026-07-23,15,Thursday,1,7,2026-2027,P
3576,STU000026,2023010026,SUB0053,Deep Learning,FAC008,2026-07-23,15,Thursday,1,7,2026-2027,P
3577,STU000027,2023010027,SUB0053,Deep Learning,FAC008,2026-07-23,15,Thursday,1,7,2026-2027,P
3578,STU000028,2023010028,SUB0053,Deep Learning,FAC008,2026-07-23,15,Thursday,1,7,2026-2027,P
3579,STU000029,2023010029,SUB0053,Deep Learning,FAC008,2026-07-23,15,Thursday,1,7,2026-2027,A
3580,STU000030,2023010030,SUB0053,Deep Learning,FAC008,2026-07-23,15,Thursday,1,7,2026-2027,P
3581,STU000031,2023010031,SUB0053,Deep Learning,FAC008,2026-07-23,15,Thursday,1,7,2026-2027,P
3582,STU000032,2023010032,SUB0053,Deep Learning,FAC008,2026-07-23,15,Thursday,1,7,2026-2027,A
3583,STU000033,2023010033,SUB0053,Deep Learning,FAC008,2026-07-23,15,Thursday,1,7,2026-2027,P
3584,STU000034,2023010034,SUB0053,Deep Learning,FAC008,2026-07-23,15,Thursday,1,7,2026-2027,P
3585,STU000035,2023010035,SUB0053,Deep Learning,FAC008,2026-07-23,15,Thursday,1,7,2026-2027,P
3586,STU000036,2023010036,SUB0053,Deep Learning,FAC008,2026-07-23,15,Thursday,1,7,2026-2027,A
3587,STU000037,2023010037,SUB0053,Deep Learning,FAC008,2026-07-23,15,Thursday,1,7,2026-2027,P
3588,STU000038,2023010038,SUB0053,Deep Learning,FAC008,2026-07-23,15,Thursday,1,7,2026-2027,P
3589,STU000039,2023010039,SUB0053,Deep Learning,FAC008,2026-07-23,15,Thursday,1,7,2026-2027,P
3590,STU000040,2023010040,SUB0053,Deep Learning,FAC008,2026-07-23,15,Thursday,1,7,2026-2027,P
3591,STU000041,2023010041,SUB0053,Deep Learning,FAC008,2026-07-23,15,Thursday,1,7,2026-2027,A
3592,STU000042,2023010042,SUB0053,Deep Learning,FAC008,2026-07-23,15,Thursday,1,7,2026-2027,P
3593,STU000043,2023010043,SUB0053,Deep Learning,FAC008,2026-07-23,15,Thursday,1,7,2026-2027,P
3594,STU000044,2023010044,SUB0053,Deep Learning,FAC008,2026-07-23,15,Thursday,1,7,2026-2027,P
3595,STU000045,2023010045,SUB0053,Deep Learning,FAC008,2026-07-23,15,Thursday,1,7,2026-2027,P
3596,STU000046,2023010046,SUB0053,Deep Learning,FAC008,2026-07-23,15,Thursday,1,7,2026-2027,P
3597,STU000047,2023010047,SUB0053,Deep Learning,FAC008,2026-07-23,15,Thursday,1,7,2026-2027,A
3598,STU000048,2023010048,SUB0053,Deep Learning,FAC008,2026-07-23,15,Thursday,1,7,2026-2027,P
3599,STU000049,2023010049,SUB0053,Deep Learning,FAC008,2026-07-23,15,Thursday,1,7,2026-2027,P
3600,STU000050,2023010050,SUB0053,Deep Learning,FAC008,2026-07-23,15,Thursday,1,7,2026-2027,P
3601,STU000001,2023010001,SUB0056,Natural Language Processing Laboratory,FAC011,2026-07-24,9,Friday,1,7,2026-2027,P
3602,STU000002,2023010002,SUB0056,Natural Language Processing Laboratory,FAC011,2026-07-24,9,Friday,1,7,2026-2027,P
3603,STU000003,2023010003,SUB0056,Natural Language Processing Laboratory,FAC011,2026-07-24,9,Friday,1,7,2026-2027,P
3604,STU000004,2023010004,SUB0056,Natural Language Processing Laboratory,FAC011,2026-07-24,9,Friday,1,7,2026-2027,P
3605,STU000005,2023010005,SUB0056,Natural Language Processing Laboratory,FAC011,2026-07-24,9,Friday,1,7,2026-2027,P
3606,STU000006,2023010006,SUB0056,Natural Language Processing Laboratory,FAC011,2026-07-24,9,Friday,1,7,2026-2027,P
3607,STU000007,2023010007,SUB0056,Natural Language Processing Laboratory,FAC011,2026-07-24,9,Friday,1,7,2026-2027,P
3608,STU000008,2023010008,SUB0056,Natural Language Processing Laboratory,FAC011,2026-07-24,9,Friday,1,7,2026-2027,P
3609,STU000009,2023010009,SUB0056,Natural Language Processing Laboratory,FAC011,2026-07-24,9,Friday,1,7,2026-2027,P
3610,STU000010,2023010010,SUB0056,Natural Language Processing Laboratory,FAC011,2026-07-24,9,Friday,1,7,2026-2027,P
3611,STU000011,2023010011,SUB0056,Natural Language Processing Laboratory,FAC011,2026-07-24,9,Friday,1,7,2026-2027,P
3612,STU000012,2023010012,SUB0056,Natural Language Processing Laboratory,FAC011,2026-07-24,9,Friday,1,7,2026-2027,P
3613,STU000013,2023010013,SUB0056,Natural Language Processing Laboratory,FAC011,2026-07-24,9,Friday,1,7,2026-2027,P
3614,STU000014,2023010014,SUB0056,Natural Language Processing Laboratory,FAC011,2026-07-24,9,Friday,1,7,2026-2027,P
3615,STU000015,2023010015,SUB0056,Natural Language Processing Laboratory,FAC011,2026-07-24,9,Friday,1,7,2026-2027,P
3616,STU000016,2023010016,SUB0056,Natural Language Processing Laboratory,FAC011,2026-07-24,9,Friday,1,7,2026-2027,A
3617,STU000017,2023010017,SUB0056,Natural Language Processing Laboratory,FAC011,2026-07-24,9,Friday,1,7,2026-2027,P
3618,STU000018,2023010018,SUB0056,Natural Language Processing Laboratory,FAC011,2026-07-24,9,Friday,1,7,2026-2027,P
3619,STU000019,2023010019,SUB0056,Natural Language Processing Laboratory,FAC011,2026-07-24,9,Friday,1,7,2026-2027,P
3620,STU000020,2023010020,SUB0056,Natural Language Processing Laboratory,FAC011,2026-07-24,9,Friday,1,7,2026-2027,P
3621,STU000021,2023010021,SUB0056,Natural Language Processing Laboratory,FAC011,2026-07-24,9,Friday,1,7,2026-2027,P
3622,STU000022,2023010022,SUB0056,Natural Language Processing Laboratory,FAC011,2026-07-24,9,Friday,1,7,2026-2027,P
3623,STU000023,2023010023,SUB0056,Natural Language Processing Laboratory,FAC011,2026-07-24,9,Friday,1,7,2026-2027,P
3624,STU000024,2023010024,SUB0056,Natural Language Processing Laboratory,FAC011,2026-07-24,9,Friday,1,7,2026-2027,P
3625,STU000025,2023010025,SUB0056,Natural Language Processing Laboratory,FAC011,2026-07-24,9,Friday,1,7,2026-2027,A
3626,STU000026,2023010026,SUB0056,Natural Language Processing Laboratory,FAC011,2026-07-24,9,Friday,1,7,2026-2027,P
3627,STU000027,2023010027,SUB0056,Natural Language Processing Laboratory,FAC011,2026-07-24,9,Friday,1,7,2026-2027,P
3628,STU000028,2023010028,SUB0056,Natural Language Processing Laboratory,FAC011,2026-07-24,9,Friday,1,7,2026-2027,P
3629,STU000029,2023010029,SUB0056,Natural Language Processing Laboratory,FAC011,2026-07-24,9,Friday,1,7,2026-2027,P
3630,STU000030,2023010030,SUB0056,Natural Language Processing Laboratory,FAC011,2026-07-24,9,Friday,1,7,2026-2027,P
3631,STU000031,2023010031,SUB0056,Natural Language Processing Laboratory,FAC011,2026-07-24,9,Friday,1,7,2026-2027,P
3632,STU000032,2023010032,SUB0056,Natural Language Processing Laboratory,FAC011,2026-07-24,9,Friday,1,7,2026-2027,A
3633,STU000033,2023010033,SUB0056,Natural Language Processing Laboratory,FAC011,2026-07-24,9,Friday,1,7,2026-2027,P
3634,STU000034,2023010034,SUB0056,Natural Language Processing Laboratory,FAC011,2026-07-24,9,Friday,1,7,2026-2027,P
3635,STU000035,2023010035,SUB0056,Natural Language Processing Laboratory,FAC011,2026-07-24,9,Friday,1,7,2026-2027,P
3636,STU000036,2023010036,SUB0056,Natural Language Processing Laboratory,FAC011,2026-07-24,9,Friday,1,7,2026-2027,P
3637,STU000037,2023010037,SUB0056,Natural Language Processing Laboratory,FAC011,2026-07-24,9,Friday,1,7,2026-2027,P
3638,STU000038,2023010038,SUB0056,Natural Language Processing Laboratory,FAC011,2026-07-24,9,Friday,1,7,2026-2027,P
3639,STU000039,2023010039,SUB0056,Natural Language Processing Laboratory,FAC011,2026-07-24,9,Friday,1,7,2026-2027,P
3640,STU000040,2023010040,SUB0056,Natural Language Processing Laboratory,FAC011,2026-07-24,9,Friday,1,7,2026-2027,P
3641,STU000041,2023010041,SUB0056,Natural Language Processing Laboratory,FAC011,2026-07-24,9,Friday,1,7,2026-2027,A
3642,STU000042,2023010042,SUB0056,Natural Language Processing Laboratory,FAC011,2026-07-24,9,Friday,1,7,2026-2027,P
3643,STU000043,2023010043,SUB0056,Natural Language Processing Laboratory,FAC011,2026-07-24,9,Friday,1,7,2026-2027,P
3644,STU000044,2023010044,SUB0056,Natural Language Processing Laboratory,FAC011,2026-07-24,9,Friday,1,7,2026-2027,P
3645,STU000045,2023010045,SUB0056,Natural Language Processing Laboratory,FAC011,2026-07-24,9,Friday,1,7,2026-2027,P
3646,STU000046,2023010046,SUB0056,Natural Language Processing Laboratory,FAC011,2026-07-24,9,Friday,1,7,2026-2027,P
3647,STU000047,2023010047,SUB0056,Natural Language Processing Laboratory,FAC011,2026-07-24,9,Friday,1,7,2026-2027,P
3648,STU000048,2023010048,SUB0056,Natural Language Processing Laboratory,FAC011,2026-07-24,9,Friday,1,7,2026-2027,A
3649,STU000049,2023010049,SUB0056,Natural Language Processing Laboratory,FAC011,2026-07-24,9,Friday,1,7,2026-2027,P
3650,STU000050,2023010050,SUB0056,Natural Language Processing Laboratory,FAC011,2026-07-24,9,Friday,1,7,2026-2027,P
3651,STU000001,2023010001,SUB0056,Natural Language Processing Laboratory,FAC011,2026-07-24,10,Friday,1,7,2026-2027,A
3652,STU000002,2023010002,SUB0056,Natural Language Processing Laboratory,FAC011,2026-07-24,10,Friday,1,7,2026-2027,P
3653,STU000003,2023010003,SUB0056,Natural Language Processing Laboratory,FAC011,2026-07-24,10,Friday,1,7,2026-2027,P
3654,STU000004,2023010004,SUB0056,Natural Language Processing Laboratory,FAC011,2026-07-24,10,Friday,1,7,2026-2027,P
3655,STU000005,2023010005,SUB0056,Natural Language Processing Laboratory,FAC011,2026-07-24,10,Friday,1,7,2026-2027,P
3656,STU000006,2023010006,SUB0056,Natural Language Processing Laboratory,FAC011,2026-07-24,10,Friday,1,7,2026-2027,P
3657,STU000007,2023010007,SUB0056,Natural Language Processing Laboratory,FAC011,2026-07-24,10,Friday,1,7,2026-2027,P
3658,STU000008,2023010008,SUB0056,Natural Language Processing Laboratory,FAC011,2026-07-24,10,Friday,1,7,2026-2027,P
3659,STU000009,2023010009,SUB0056,Natural Language Processing Laboratory,FAC011,2026-07-24,10,Friday,1,7,2026-2027,P
3660,STU000010,2023010010,SUB0056,Natural Language Processing Laboratory,FAC011,2026-07-24,10,Friday,1,7,2026-2027,P
3661,STU000011,2023010011,SUB0056,Natural Language Processing Laboratory,FAC011,2026-07-24,10,Friday,1,7,2026-2027,P
3662,STU000012,2023010012,SUB0056,Natural Language Processing Laboratory,FAC011,2026-07-24,10,Friday,1,7,2026-2027,P
3663,STU000013,2023010013,SUB0056,Natural Language Processing Laboratory,FAC011,2026-07-24,10,Friday,1,7,2026-2027,P
3664,STU000014,2023010014,SUB0056,Natural Language Processing Laboratory,FAC011,2026-07-24,10,Friday,1,7,2026-2027,P
3665,STU000015,2023010015,SUB0056,Natural Language Processing Laboratory,FAC011,2026-07-24,10,Friday,1,7,2026-2027,P
3666,STU000016,2023010016,SUB0056,Natural Language Processing Laboratory,FAC011,2026-07-24,10,Friday,1,7,2026-2027,P
3667,STU000017,2023010017,SUB0056,Natural Language Processing Laboratory,FAC011,2026-07-24,10,Friday,1,7,2026-2027,A
3668,STU000018,2023010018,SUB0056,Natural Language Processing Laboratory,FAC011,2026-07-24,10,Friday,1,7,2026-2027,P
3669,STU000019,2023010019,SUB0056,Natural Language Processing Laboratory,FAC011,2026-07-24,10,Friday,1,7,2026-2027,P
3670,STU000020,2023010020,SUB0056,Natural Language Processing Laboratory,FAC011,2026-07-24,10,Friday,1,7,2026-2027,P
3671,STU000021,2023010021,SUB0056,Natural Language Processing Laboratory,FAC011,2026-07-24,10,Friday,1,7,2026-2027,P
3672,STU000022,2023010022,SUB0056,Natural Language Processing Laboratory,FAC011,2026-07-24,10,Friday,1,7,2026-2027,P
3673,STU000023,2023010023,SUB0056,Natural Language Processing Laboratory,FAC011,2026-07-24,10,Friday,1,7,2026-2027,P
3674,STU000024,2023010024,SUB0056,Natural Language Processing Laboratory,FAC011,2026-07-24,10,Friday,1,7,2026-2027,P
3675,STU000025,2023010025,SUB0056,Natural Language Processing Laboratory,FAC011,2026-07-24,10,Friday,1,7,2026-2027,P
3676,STU000026,2023010026,SUB0056,Natural Language Processing Laboratory,FAC011,2026-07-24,10,Friday,1,7,2026-2027,A
3677,STU000027,2023010027,SUB0056,Natural Language Processing Laboratory,FAC011,2026-07-24,10,Friday,1,7,2026-2027,P
3678,STU000028,2023010028,SUB0056,Natural Language Processing Laboratory,FAC011,2026-07-24,10,Friday,1,7,2026-2027,P
3679,STU000029,2023010029,SUB0056,Natural Language Processing Laboratory,FAC011,2026-07-24,10,Friday,1,7,2026-2027,P
3680,STU000030,2023010030,SUB0056,Natural Language Processing Laboratory,FAC011,2026-07-24,10,Friday,1,7,2026-2027,P
3681,STU000031,2023010031,SUB0056,Natural Language Processing Laboratory,FAC011,2026-07-24,10,Friday,1,7,2026-2027,P
3682,STU000032,2023010032,SUB0056,Natural Language Processing Laboratory,FAC011,2026-07-24,10,Friday,1,7,2026-2027,A
3683,STU000033,2023010033,SUB0056,Natural Language Processing Laboratory,FAC011,2026-07-24,10,Friday,1,7,2026-2027,A
3684,STU000034,2023010034,SUB0056,Natural Language Processing Laboratory,FAC011,2026-07-24,10,Friday,1,7,2026-2027,P
3685,STU000035,2023010035,SUB0056,Natural Language Processing Laboratory,FAC011,2026-07-24,10,Friday,1,7,2026-2027,P
3686,STU000036,2023010036,SUB0056,Natural Language Processing Laboratory,FAC011,2026-07-24,10,Friday,1,7,2026-2027,P
3687,STU000037,2023010037,SUB0056,Natural Language Processing Laboratory,FAC011,2026-07-24,10,Friday,1,7,2026-2027,P
3688,STU000038,2023010038,SUB0056,Natural Language Processing Laboratory,FAC011,2026-07-24,10,Friday,1,7,2026-2027,P
3689,STU000039,2023010039,SUB0056,Natural Language Processing Laboratory,FAC011,2026-07-24,10,Friday,1,7,2026-2027,P
3690,STU000040,2023010040,SUB0056,Natural Language Processing Laboratory,FAC011,2026-07-24,10,Friday,1,7,2026-2027,P
3691,STU000041,2023010041,SUB0056,Natural Language Processing Laboratory,FAC011,2026-07-24,10,Friday,1,7,2026-2027,A
3692,STU000042,2023010042,SUB0056,Natural Language Processing Laboratory,FAC011,2026-07-24,10,Friday,1,7,2026-2027,P
3693,STU000043,2023010043,SUB0056,Natural Language Processing Laboratory,FAC011,2026-07-24,10,Friday,1,7,2026-2027,P
3694,STU000044,2023010044,SUB0056,Natural Language Processing Laboratory,FAC011,2026-07-24,10,Friday,1,7,2026-2027,P
3695,STU000045,2023010045,SUB0056,Natural Language Processing Laboratory,FAC011,2026-07-24,10,Friday,1,7,2026-2027,P
3696,STU000046,2023010046,SUB0056,Natural Language Processing Laboratory,FAC011,2026-07-24,10,Friday,1,7,2026-2027,P
3697,STU000047,2023010047,SUB0056,Natural Language Processing Laboratory,FAC011,2026-07-24,10,Friday,1,7,2026-2027,P
3698,STU000048,2023010048,SUB0056,Natural Language Processing Laboratory,FAC011,2026-07-24,10,Friday,1,7,2026-2027,P
3699,STU000049,2023010049,SUB0056,Natural Language Processing Laboratory,FAC011,2026-07-24,10,Friday,1,7,2026-2027,A
3700,STU000050,2023010050,SUB0056,Natural Language Processing Laboratory,FAC011,2026-07-24,10,Friday,1,7,2026-2027,P
3701,STU000001,2023010001,SUB0050,Software Engineering,FAC005,2026-07-24,15,Friday,1,7,2026-2027,P
3702,STU000002,2023010002,SUB0050,Software Engineering,FAC005,2026-07-24,15,Friday,1,7,2026-2027,P
3703,STU000003,2023010003,SUB0050,Software Engineering,FAC005,2026-07-24,15,Friday,1,7,2026-2027,P
3704,STU000004,2023010004,SUB0050,Software Engineering,FAC005,2026-07-24,15,Friday,1,7,2026-2027,P
3705,STU000005,2023010005,SUB0050,Software Engineering,FAC005,2026-07-24,15,Friday,1,7,2026-2027,P
3706,STU000006,2023010006,SUB0050,Software Engineering,FAC005,2026-07-24,15,Friday,1,7,2026-2027,P
3707,STU000007,2023010007,SUB0050,Software Engineering,FAC005,2026-07-24,15,Friday,1,7,2026-2027,A
3708,STU000008,2023010008,SUB0050,Software Engineering,FAC005,2026-07-24,15,Friday,1,7,2026-2027,P
3709,STU000009,2023010009,SUB0050,Software Engineering,FAC005,2026-07-24,15,Friday,1,7,2026-2027,P
3710,STU000010,2023010010,SUB0050,Software Engineering,FAC005,2026-07-24,15,Friday,1,7,2026-2027,P
3711,STU000011,2023010011,SUB0050,Software Engineering,FAC005,2026-07-24,15,Friday,1,7,2026-2027,P
3712,STU000012,2023010012,SUB0050,Software Engineering,FAC005,2026-07-24,15,Friday,1,7,2026-2027,P
3713,STU000013,2023010013,SUB0050,Software Engineering,FAC005,2026-07-24,15,Friday,1,7,2026-2027,P
3714,STU000014,2023010014,SUB0050,Software Engineering,FAC005,2026-07-24,15,Friday,1,7,2026-2027,A
3715,STU000015,2023010015,SUB0050,Software Engineering,FAC005,2026-07-24,15,Friday,1,7,2026-2027,P
3716,STU000016,2023010016,SUB0050,Software Engineering,FAC005,2026-07-24,15,Friday,1,7,2026-2027,P
3717,STU000017,2023010017,SUB0050,Software Engineering,FAC005,2026-07-24,15,Friday,1,7,2026-2027,P
3718,STU000018,2023010018,SUB0050,Software Engineering,FAC005,2026-07-24,15,Friday,1,7,2026-2027,P
3719,STU000019,2023010019,SUB0050,Software Engineering,FAC005,2026-07-24,15,Friday,1,7,2026-2027,P
3720,STU000020,2023010020,SUB0050,Software Engineering,FAC005,2026-07-24,15,Friday,1,7,2026-2027,P
3721,STU000021,2023010021,SUB0050,Software Engineering,FAC005,2026-07-24,15,Friday,1,7,2026-2027,P
3722,STU000022,2023010022,SUB0050,Software Engineering,FAC005,2026-07-24,15,Friday,1,7,2026-2027,P
3723,STU000023,2023010023,SUB0050,Software Engineering,FAC005,2026-07-24,15,Friday,1,7,2026-2027,P
3724,STU000024,2023010024,SUB0050,Software Engineering,FAC005,2026-07-24,15,Friday,1,7,2026-2027,P
3725,STU000025,2023010025,SUB0050,Software Engineering,FAC005,2026-07-24,15,Friday,1,7,2026-2027,A
3726,STU000026,2023010026,SUB0050,Software Engineering,FAC005,2026-07-24,15,Friday,1,7,2026-2027,P
3727,STU000027,2023010027,SUB0050,Software Engineering,FAC005,2026-07-24,15,Friday,1,7,2026-2027,P
3728,STU000028,2023010028,SUB0050,Software Engineering,FAC005,2026-07-24,15,Friday,1,7,2026-2027,P
3729,STU000029,2023010029,SUB0050,Software Engineering,FAC005,2026-07-24,15,Friday,1,7,2026-2027,P
3730,STU000030,2023010030,SUB0050,Software Engineering,FAC005,2026-07-24,15,Friday,1,7,2026-2027,P
3731,STU000031,2023010031,SUB0050,Software Engineering,FAC005,2026-07-24,15,Friday,1,7,2026-2027,P
3732,STU000032,2023010032,SUB0050,Software Engineering,FAC005,2026-07-24,15,Friday,1,7,2026-2027,A
3733,STU000033,2023010033,SUB0050,Software Engineering,FAC005,2026-07-24,15,Friday,1,7,2026-2027,P
3734,STU000034,2023010034,SUB0050,Software Engineering,FAC005,2026-07-24,15,Friday,1,7,2026-2027,P
3735,STU000035,2023010035,SUB0050,Software Engineering,FAC005,2026-07-24,15,Friday,1,7,2026-2027,P
3736,STU000036,2023010036,SUB0050,Software Engineering,FAC005,2026-07-24,15,Friday,1,7,2026-2027,P
3737,STU000037,2023010037,SUB0050,Software Engineering,FAC005,2026-07-24,15,Friday,1,7,2026-2027,P
3738,STU000038,2023010038,SUB0050,Software Engineering,FAC005,2026-07-24,15,Friday,1,7,2026-2027,P
3739,STU000039,2023010039,SUB0050,Software Engineering,FAC005,2026-07-24,15,Friday,1,7,2026-2027,A
3740,STU000040,2023010040,SUB0050,Software Engineering,FAC005,2026-07-24,15,Friday,1,7,2026-2027,P
3741,STU000041,2023010041,SUB0050,Software Engineering,FAC005,2026-07-24,15,Friday,1,7,2026-2027,P
3742,STU000042,2023010042,SUB0050,Software Engineering,FAC005,2026-07-24,15,Friday,1,7,2026-2027,P
3743,STU000043,2023010043,SUB0050,Software Engineering,FAC005,2026-07-24,15,Friday,1,7,2026-2027,P
3744,STU000044,2023010044,SUB0050,Software Engineering,FAC005,2026-07-24,15,Friday,1,7,2026-2027,P
3745,STU000045,2023010045,SUB0050,Software Engineering,FAC005,2026-07-24,15,Friday,1,7,2026-2027,P
3746,STU000046,2023010046,SUB0050,Software Engineering,FAC005,2026-07-24,15,Friday,1,7,2026-2027,P
3747,STU000047,2023010047,SUB0050,Software Engineering,FAC005,2026-07-24,15,Friday,1,7,2026-2027,P
3748,STU000048,2023010048,SUB0050,Software Engineering,FAC005,2026-07-24,15,Friday,1,7,2026-2027,P
3749,STU000049,2023010049,SUB0050,Software Engineering,FAC005,2026-07-24,15,Friday,1,7,2026-2027,P
3750,STU000050,2023010050,SUB0050,Software Engineering,FAC005,2026-07-24,15,Friday,1,7,2026-2027,A
3751,STU000001,2023010001,SUB0051,Human Computer Interaction,FAC006,2026-07-27,11,Monday,1,7,2026-2027,P
3752,STU000002,2023010002,SUB0051,Human Computer Interaction,FAC006,2026-07-27,11,Monday,1,7,2026-2027,P
3753,STU000003,2023010003,SUB0051,Human Computer Interaction,FAC006,2026-07-27,11,Monday,1,7,2026-2027,P
3754,STU000004,2023010004,SUB0051,Human Computer Interaction,FAC006,2026-07-27,11,Monday,1,7,2026-2027,P
3755,STU000005,2023010005,SUB0051,Human Computer Interaction,FAC006,2026-07-27,11,Monday,1,7,2026-2027,P
3756,STU000006,2023010006,SUB0051,Human Computer Interaction,FAC006,2026-07-27,11,Monday,1,7,2026-2027,A
3757,STU000007,2023010007,SUB0051,Human Computer Interaction,FAC006,2026-07-27,11,Monday,1,7,2026-2027,P
3758,STU000008,2023010008,SUB0051,Human Computer Interaction,FAC006,2026-07-27,11,Monday,1,7,2026-2027,P
3759,STU000009,2023010009,SUB0051,Human Computer Interaction,FAC006,2026-07-27,11,Monday,1,7,2026-2027,P
3760,STU000010,2023010010,SUB0051,Human Computer Interaction,FAC006,2026-07-27,11,Monday,1,7,2026-2027,P
3761,STU000011,2023010011,SUB0051,Human Computer Interaction,FAC006,2026-07-27,11,Monday,1,7,2026-2027,P
3762,STU000012,2023010012,SUB0051,Human Computer Interaction,FAC006,2026-07-27,11,Monday,1,7,2026-2027,P
3763,STU000013,2023010013,SUB0051,Human Computer Interaction,FAC006,2026-07-27,11,Monday,1,7,2026-2027,P
3764,STU000014,2023010014,SUB0051,Human Computer Interaction,FAC006,2026-07-27,11,Monday,1,7,2026-2027,P
3765,STU000015,2023010015,SUB0051,Human Computer Interaction,FAC006,2026-07-27,11,Monday,1,7,2026-2027,P
3766,STU000016,2023010016,SUB0051,Human Computer Interaction,FAC006,2026-07-27,11,Monday,1,7,2026-2027,A
3767,STU000017,2023010017,SUB0051,Human Computer Interaction,FAC006,2026-07-27,11,Monday,1,7,2026-2027,P
3768,STU000018,2023010018,SUB0051,Human Computer Interaction,FAC006,2026-07-27,11,Monday,1,7,2026-2027,P
3769,STU000019,2023010019,SUB0051,Human Computer Interaction,FAC006,2026-07-27,11,Monday,1,7,2026-2027,P
3770,STU000020,2023010020,SUB0051,Human Computer Interaction,FAC006,2026-07-27,11,Monday,1,7,2026-2027,P
3771,STU000021,2023010021,SUB0051,Human Computer Interaction,FAC006,2026-07-27,11,Monday,1,7,2026-2027,P
3772,STU000022,2023010022,SUB0051,Human Computer Interaction,FAC006,2026-07-27,11,Monday,1,7,2026-2027,P
3773,STU000023,2023010023,SUB0051,Human Computer Interaction,FAC006,2026-07-27,11,Monday,1,7,2026-2027,A
3774,STU000024,2023010024,SUB0051,Human Computer Interaction,FAC006,2026-07-27,11,Monday,1,7,2026-2027,P
3775,STU000025,2023010025,SUB0051,Human Computer Interaction,FAC006,2026-07-27,11,Monday,1,7,2026-2027,P
3776,STU000026,2023010026,SUB0051,Human Computer Interaction,FAC006,2026-07-27,11,Monday,1,7,2026-2027,P
3777,STU000027,2023010027,SUB0051,Human Computer Interaction,FAC006,2026-07-27,11,Monday,1,7,2026-2027,P
3778,STU000028,2023010028,SUB0051,Human Computer Interaction,FAC006,2026-07-27,11,Monday,1,7,2026-2027,P
3779,STU000029,2023010029,SUB0051,Human Computer Interaction,FAC006,2026-07-27,11,Monday,1,7,2026-2027,P
3780,STU000030,2023010030,SUB0051,Human Computer Interaction,FAC006,2026-07-27,11,Monday,1,7,2026-2027,P
3781,STU000031,2023010031,SUB0051,Human Computer Interaction,FAC006,2026-07-27,11,Monday,1,7,2026-2027,P
3782,STU000032,2023010032,SUB0051,Human Computer Interaction,FAC006,2026-07-27,11,Monday,1,7,2026-2027,A
3783,STU000033,2023010033,SUB0051,Human Computer Interaction,FAC006,2026-07-27,11,Monday,1,7,2026-2027,P
3784,STU000034,2023010034,SUB0051,Human Computer Interaction,FAC006,2026-07-27,11,Monday,1,7,2026-2027,P
3785,STU000035,2023010035,SUB0051,Human Computer Interaction,FAC006,2026-07-27,11,Monday,1,7,2026-2027,P
3786,STU000036,2023010036,SUB0051,Human Computer Interaction,FAC006,2026-07-27,11,Monday,1,7,2026-2027,P
3787,STU000037,2023010037,SUB0051,Human Computer Interaction,FAC006,2026-07-27,11,Monday,1,7,2026-2027,P
3788,STU000038,2023010038,SUB0051,Human Computer Interaction,FAC006,2026-07-27,11,Monday,1,7,2026-2027,P
3789,STU000039,2023010039,SUB0051,Human Computer Interaction,FAC006,2026-07-27,11,Monday,1,7,2026-2027,P
3790,STU000040,2023010040,SUB0051,Human Computer Interaction,FAC006,2026-07-27,11,Monday,1,7,2026-2027,A
3791,STU000041,2023010041,SUB0051,Human Computer Interaction,FAC006,2026-07-27,11,Monday,1,7,2026-2027,P
3792,STU000042,2023010042,SUB0051,Human Computer Interaction,FAC006,2026-07-27,11,Monday,1,7,2026-2027,P
3793,STU000043,2023010043,SUB0051,Human Computer Interaction,FAC006,2026-07-27,11,Monday,1,7,2026-2027,P
3794,STU000044,2023010044,SUB0051,Human Computer Interaction,FAC006,2026-07-27,11,Monday,1,7,2026-2027,P
3795,STU000045,2023010045,SUB0051,Human Computer Interaction,FAC006,2026-07-27,11,Monday,1,7,2026-2027,P
3796,STU000046,2023010046,SUB0051,Human Computer Interaction,FAC006,2026-07-27,11,Monday,1,7,2026-2027,P
3797,STU000047,2023010047,SUB0051,Human Computer Interaction,FAC006,2026-07-27,11,Monday,1,7,2026-2027,P
3798,STU000048,2023010048,SUB0051,Human Computer Interaction,FAC006,2026-07-27,11,Monday,1,7,2026-2027,P
3799,STU000049,2023010049,SUB0051,Human Computer Interaction,FAC006,2026-07-27,11,Monday,1,7,2026-2027,P
3800,STU000050,2023010050,SUB0051,Human Computer Interaction,FAC006,2026-07-27,11,Monday,1,7,2026-2027,A
3801,STU000001,2023010001,SUB0050,Software Engineering,FAC005,2026-07-27,16,Monday,1,7,2026-2027,A
3802,STU000001,2023010001,SUB0053,Deep Learning,FAC008,2026-07-27,16,Monday,1,7,2026-2027,P
3803,STU000002,2023010002,SUB0050,Software Engineering,FAC005,2026-07-27,16,Monday,1,7,2026-2027,P
3804,STU000002,2023010002,SUB0053,Deep Learning,FAC008,2026-07-27,16,Monday,1,7,2026-2027,P
3805,STU000003,2023010003,SUB0050,Software Engineering,FAC005,2026-07-27,16,Monday,1,7,2026-2027,P
3806,STU000003,2023010003,SUB0053,Deep Learning,FAC008,2026-07-27,16,Monday,1,7,2026-2027,P
3807,STU000004,2023010004,SUB0050,Software Engineering,FAC005,2026-07-27,16,Monday,1,7,2026-2027,P
3808,STU000004,2023010004,SUB0053,Deep Learning,FAC008,2026-07-27,16,Monday,1,7,2026-2027,P
3809,STU000005,2023010005,SUB0050,Software Engineering,FAC005,2026-07-27,16,Monday,1,7,2026-2027,P
3810,STU000005,2023010005,SUB0053,Deep Learning,FAC008,2026-07-27,16,Monday,1,7,2026-2027,A
3811,STU000006,2023010006,SUB0050,Software Engineering,FAC005,2026-07-27,16,Monday,1,7,2026-2027,P
3812,STU000006,2023010006,SUB0053,Deep Learning,FAC008,2026-07-27,16,Monday,1,7,2026-2027,P
3813,STU000007,2023010007,SUB0050,Software Engineering,FAC005,2026-07-27,16,Monday,1,7,2026-2027,P
3814,STU000007,2023010007,SUB0053,Deep Learning,FAC008,2026-07-27,16,Monday,1,7,2026-2027,P
3815,STU000008,2023010008,SUB0050,Software Engineering,FAC005,2026-07-27,16,Monday,1,7,2026-2027,A
3816,STU000008,2023010008,SUB0053,Deep Learning,FAC008,2026-07-27,16,Monday,1,7,2026-2027,P
3817,STU000009,2023010009,SUB0050,Software Engineering,FAC005,2026-07-27,16,Monday,1,7,2026-2027,P
3818,STU000009,2023010009,SUB0053,Deep Learning,FAC008,2026-07-27,16,Monday,1,7,2026-2027,P
3819,STU000010,2023010010,SUB0050,Software Engineering,FAC005,2026-07-27,16,Monday,1,7,2026-2027,P
3820,STU000010,2023010010,SUB0053,Deep Learning,FAC008,2026-07-27,16,Monday,1,7,2026-2027,P
3821,STU000011,2023010011,SUB0050,Software Engineering,FAC005,2026-07-27,16,Monday,1,7,2026-2027,P
3822,STU000011,2023010011,SUB0053,Deep Learning,FAC008,2026-07-27,16,Monday,1,7,2026-2027,P
3823,STU000012,2023010012,SUB0050,Software Engineering,FAC005,2026-07-27,16,Monday,1,7,2026-2027,P
3824,STU000012,2023010012,SUB0053,Deep Learning,FAC008,2026-07-27,16,Monday,1,7,2026-2027,A
3825,STU000013,2023010013,SUB0050,Software Engineering,FAC005,2026-07-27,16,Monday,1,7,2026-2027,P
3826,STU000013,2023010013,SUB0053,Deep Learning,FAC008,2026-07-27,16,Monday,1,7,2026-2027,P
3827,STU000014,2023010014,SUB0050,Software Engineering,FAC005,2026-07-27,16,Monday,1,7,2026-2027,P
3828,STU000014,2023010014,SUB0053,Deep Learning,FAC008,2026-07-27,16,Monday,1,7,2026-2027,P
3829,STU000015,2023010015,SUB0050,Software Engineering,FAC005,2026-07-27,16,Monday,1,7,2026-2027,A
3830,STU000015,2023010015,SUB0053,Deep Learning,FAC008,2026-07-27,16,Monday,1,7,2026-2027,P
3831,STU000016,2023010016,SUB0050,Software Engineering,FAC005,2026-07-27,16,Monday,1,7,2026-2027,P
3832,STU000016,2023010016,SUB0053,Deep Learning,FAC008,2026-07-27,16,Monday,1,7,2026-2027,P
3833,STU000017,2023010017,SUB0050,Software Engineering,FAC005,2026-07-27,16,Monday,1,7,2026-2027,P
3834,STU000017,2023010017,SUB0053,Deep Learning,FAC008,2026-07-27,16,Monday,1,7,2026-2027,P
3835,STU000018,2023010018,SUB0050,Software Engineering,FAC005,2026-07-27,16,Monday,1,7,2026-2027,P
3836,STU000018,2023010018,SUB0053,Deep Learning,FAC008,2026-07-27,16,Monday,1,7,2026-2027,P
3837,STU000019,2023010019,SUB0050,Software Engineering,FAC005,2026-07-27,16,Monday,1,7,2026-2027,P
3838,STU000019,2023010019,SUB0053,Deep Learning,FAC008,2026-07-27,16,Monday,1,7,2026-2027,P
3839,STU000020,2023010020,SUB0050,Software Engineering,FAC005,2026-07-27,16,Monday,1,7,2026-2027,P
3840,STU000020,2023010020,SUB0053,Deep Learning,FAC008,2026-07-27,16,Monday,1,7,2026-2027,P
3841,STU000021,2023010021,SUB0050,Software Engineering,FAC005,2026-07-27,16,Monday,1,7,2026-2027,P
3842,STU000021,2023010021,SUB0053,Deep Learning,FAC008,2026-07-27,16,Monday,1,7,2026-2027,P
3843,STU000022,2023010022,SUB0050,Software Engineering,FAC005,2026-07-27,16,Monday,1,7,2026-2027,P
3844,STU000022,2023010022,SUB0053,Deep Learning,FAC008,2026-07-27,16,Monday,1,7,2026-2027,P
3845,STU000023,2023010023,SUB0050,Software Engineering,FAC005,2026-07-27,16,Monday,1,7,2026-2027,P
3846,STU000023,2023010023,SUB0053,Deep Learning,FAC008,2026-07-27,16,Monday,1,7,2026-2027,P
3847,STU000024,2023010024,SUB0050,Software Engineering,FAC005,2026-07-27,16,Monday,1,7,2026-2027,P
3848,STU000024,2023010024,SUB0053,Deep Learning,FAC008,2026-07-27,16,Monday,1,7,2026-2027,P
3849,STU000025,2023010025,SUB0050,Software Engineering,FAC005,2026-07-27,16,Monday,1,7,2026-2027,P
3850,STU000025,2023010025,SUB0053,Deep Learning,FAC008,2026-07-27,16,Monday,1,7,2026-2027,P
3851,STU000026,2023010026,SUB0050,Software Engineering,FAC005,2026-07-27,16,Monday,1,7,2026-2027,A
3852,STU000026,2023010026,SUB0053,Deep Learning,FAC008,2026-07-27,16,Monday,1,7,2026-2027,P
3853,STU000027,2023010027,SUB0050,Software Engineering,FAC005,2026-07-27,16,Monday,1,7,2026-2027,P
3854,STU000027,2023010027,SUB0053,Deep Learning,FAC008,2026-07-27,16,Monday,1,7,2026-2027,P
3855,STU000028,2023010028,SUB0050,Software Engineering,FAC005,2026-07-27,16,Monday,1,7,2026-2027,P
3856,STU000028,2023010028,SUB0053,Deep Learning,FAC008,2026-07-27,16,Monday,1,7,2026-2027,P
3857,STU000029,2023010029,SUB0050,Software Engineering,FAC005,2026-07-27,16,Monday,1,7,2026-2027,P
3858,STU000029,2023010029,SUB0053,Deep Learning,FAC008,2026-07-27,16,Monday,1,7,2026-2027,P
3859,STU000030,2023010030,SUB0050,Software Engineering,FAC005,2026-07-27,16,Monday,1,7,2026-2027,P
3860,STU000030,2023010030,SUB0053,Deep Learning,FAC008,2026-07-27,16,Monday,1,7,2026-2027,A
3861,STU000031,2023010031,SUB0050,Software Engineering,FAC005,2026-07-27,16,Monday,1,7,2026-2027,P
3862,STU000031,2023010031,SUB0053,Deep Learning,FAC008,2026-07-27,16,Monday,1,7,2026-2027,P
3863,STU000032,2023010032,SUB0050,Software Engineering,FAC005,2026-07-27,16,Monday,1,7,2026-2027,A
3864,STU000032,2023010032,SUB0053,Deep Learning,FAC008,2026-07-27,16,Monday,1,7,2026-2027,P
3865,STU000033,2023010033,SUB0050,Software Engineering,FAC005,2026-07-27,16,Monday,1,7,2026-2027,P
3866,STU000033,2023010033,SUB0053,Deep Learning,FAC008,2026-07-27,16,Monday,1,7,2026-2027,P
3867,STU000034,2023010034,SUB0050,Software Engineering,FAC005,2026-07-27,16,Monday,1,7,2026-2027,P
3868,STU000034,2023010034,SUB0053,Deep Learning,FAC008,2026-07-27,16,Monday,1,7,2026-2027,P
3869,STU000035,2023010035,SUB0050,Software Engineering,FAC005,2026-07-27,16,Monday,1,7,2026-2027,P
3870,STU000035,2023010035,SUB0053,Deep Learning,FAC008,2026-07-27,16,Monday,1,7,2026-2027,P
3871,STU000036,2023010036,SUB0050,Software Engineering,FAC005,2026-07-27,16,Monday,1,7,2026-2027,P
3872,STU000036,2023010036,SUB0053,Deep Learning,FAC008,2026-07-27,16,Monday,1,7,2026-2027,P
3873,STU000037,2023010037,SUB0050,Software Engineering,FAC005,2026-07-27,16,Monday,1,7,2026-2027,P
3874,STU000037,2023010037,SUB0053,Deep Learning,FAC008,2026-07-27,16,Monday,1,7,2026-2027,A
3875,STU000038,2023010038,SUB0050,Software Engineering,FAC005,2026-07-27,16,Monday,1,7,2026-2027,P
3876,STU000038,2023010038,SUB0053,Deep Learning,FAC008,2026-07-27,16,Monday,1,7,2026-2027,P
3877,STU000039,2023010039,SUB0050,Software Engineering,FAC005,2026-07-27,16,Monday,1,7,2026-2027,P
3878,STU000039,2023010039,SUB0053,Deep Learning,FAC008,2026-07-27,16,Monday,1,7,2026-2027,P
3879,STU000040,2023010040,SUB0050,Software Engineering,FAC005,2026-07-27,16,Monday,1,7,2026-2027,A
3880,STU000040,2023010040,SUB0053,Deep Learning,FAC008,2026-07-27,16,Monday,1,7,2026-2027,P
3881,STU000041,2023010041,SUB0050,Software Engineering,FAC005,2026-07-27,16,Monday,1,7,2026-2027,A
3882,STU000041,2023010041,SUB0053,Deep Learning,FAC008,2026-07-27,16,Monday,1,7,2026-2027,A
3883,STU000042,2023010042,SUB0050,Software Engineering,FAC005,2026-07-27,16,Monday,1,7,2026-2027,P
3884,STU000042,2023010042,SUB0053,Deep Learning,FAC008,2026-07-27,16,Monday,1,7,2026-2027,P
3885,STU000043,2023010043,SUB0050,Software Engineering,FAC005,2026-07-27,16,Monday,1,7,2026-2027,P
3886,STU000043,2023010043,SUB0053,Deep Learning,FAC008,2026-07-27,16,Monday,1,7,2026-2027,P
3887,STU000044,2023010044,SUB0050,Software Engineering,FAC005,2026-07-27,16,Monday,1,7,2026-2027,P
3888,STU000044,2023010044,SUB0053,Deep Learning,FAC008,2026-07-27,16,Monday,1,7,2026-2027,P
3889,STU000045,2023010045,SUB0050,Software Engineering,FAC005,2026-07-27,16,Monday,1,7,2026-2027,P
3890,STU000045,2023010045,SUB0053,Deep Learning,FAC008,2026-07-27,16,Monday,1,7,2026-2027,P
3891,STU000046,2023010046,SUB0050,Software Engineering,FAC005,2026-07-27,16,Monday,1,7,2026-2027,P
3892,STU000046,2023010046,SUB0053,Deep Learning,FAC008,2026-07-27,16,Monday,1,7,2026-2027,P
3893,STU000047,2023010047,SUB0050,Software Engineering,FAC005,2026-07-27,16,Monday,1,7,2026-2027,P
3894,STU000047,2023010047,SUB0053,Deep Learning,FAC008,2026-07-27,16,Monday,1,7,2026-2027,P
3895,STU000048,2023010048,SUB0050,Software Engineering,FAC005,2026-07-27,16,Monday,1,7,2026-2027,P
3896,STU000048,2023010048,SUB0053,Deep Learning,FAC008,2026-07-27,16,Monday,1,7,2026-2027,A
3897,STU000049,2023010049,SUB0050,Software Engineering,FAC005,2026-07-27,16,Monday,1,7,2026-2027,P
3898,STU000049,2023010049,SUB0053,Deep Learning,FAC008,2026-07-27,16,Monday,1,7,2026-2027,P
3899,STU000050,2023010050,SUB0050,Software Engineering,FAC005,2026-07-27,16,Monday,1,7,2026-2027,P
3900,STU000050,2023010050,SUB0053,Deep Learning,FAC008,2026-07-27,16,Monday,1,7,2026-2027,P
3901,STU000001,2023010001,SUB0052,"Innovation, Start-up & Entrepreneurship",FAC007,2026-07-28,6,Tuesday,1,7,2026-2027,A
3902,STU000002,2023010002,SUB0052,"Innovation, Start-up & Entrepreneurship",FAC007,2026-07-28,6,Tuesday,1,7,2026-2027,P
3903,STU000003,2023010003,SUB0052,"Innovation, Start-up & Entrepreneurship",FAC007,2026-07-28,6,Tuesday,1,7,2026-2027,P
3904,STU000004,2023010004,SUB0052,"Innovation, Start-up & Entrepreneurship",FAC007,2026-07-28,6,Tuesday,1,7,2026-2027,P
3905,STU000005,2023010005,SUB0052,"Innovation, Start-up & Entrepreneurship",FAC007,2026-07-28,6,Tuesday,1,7,2026-2027,P
3906,STU000006,2023010006,SUB0052,"Innovation, Start-up & Entrepreneurship",FAC007,2026-07-28,6,Tuesday,1,7,2026-2027,P
3907,STU000007,2023010007,SUB0052,"Innovation, Start-up & Entrepreneurship",FAC007,2026-07-28,6,Tuesday,1,7,2026-2027,P
3908,STU000008,2023010008,SUB0052,"Innovation, Start-up & Entrepreneurship",FAC007,2026-07-28,6,Tuesday,1,7,2026-2027,P
3909,STU000009,2023010009,SUB0052,"Innovation, Start-up & Entrepreneurship",FAC007,2026-07-28,6,Tuesday,1,7,2026-2027,P
3910,STU000010,2023010010,SUB0052,"Innovation, Start-up & Entrepreneurship",FAC007,2026-07-28,6,Tuesday,1,7,2026-2027,P
3911,STU000011,2023010011,SUB0052,"Innovation, Start-up & Entrepreneurship",FAC007,2026-07-28,6,Tuesday,1,7,2026-2027,P
3912,STU000012,2023010012,SUB0052,"Innovation, Start-up & Entrepreneurship",FAC007,2026-07-28,6,Tuesday,1,7,2026-2027,P
3913,STU000013,2023010013,SUB0052,"Innovation, Start-up & Entrepreneurship",FAC007,2026-07-28,6,Tuesday,1,7,2026-2027,P
3914,STU000014,2023010014,SUB0052,"Innovation, Start-up & Entrepreneurship",FAC007,2026-07-28,6,Tuesday,1,7,2026-2027,P
3915,STU000015,2023010015,SUB0052,"Innovation, Start-up & Entrepreneurship",FAC007,2026-07-28,6,Tuesday,1,7,2026-2027,P
3916,STU000016,2023010016,SUB0052,"Innovation, Start-up & Entrepreneurship",FAC007,2026-07-28,6,Tuesday,1,7,2026-2027,P
3917,STU000017,2023010017,SUB0052,"Innovation, Start-up & Entrepreneurship",FAC007,2026-07-28,6,Tuesday,1,7,2026-2027,A
3918,STU000018,2023010018,SUB0052,"Innovation, Start-up & Entrepreneurship",FAC007,2026-07-28,6,Tuesday,1,7,2026-2027,P
3919,STU000019,2023010019,SUB0052,"Innovation, Start-up & Entrepreneurship",FAC007,2026-07-28,6,Tuesday,1,7,2026-2027,P
3920,STU000020,2023010020,SUB0052,"Innovation, Start-up & Entrepreneurship",FAC007,2026-07-28,6,Tuesday,1,7,2026-2027,P
3921,STU000021,2023010021,SUB0052,"Innovation, Start-up & Entrepreneurship",FAC007,2026-07-28,6,Tuesday,1,7,2026-2027,P
3922,STU000022,2023010022,SUB0052,"Innovation, Start-up & Entrepreneurship",FAC007,2026-07-28,6,Tuesday,1,7,2026-2027,P
3923,STU000023,2023010023,SUB0052,"Innovation, Start-up & Entrepreneurship",FAC007,2026-07-28,6,Tuesday,1,7,2026-2027,P
3924,STU000024,2023010024,SUB0052,"Innovation, Start-up & Entrepreneurship",FAC007,2026-07-28,6,Tuesday,1,7,2026-2027,P
3925,STU000025,2023010025,SUB0052,"Innovation, Start-up & Entrepreneurship",FAC007,2026-07-28,6,Tuesday,1,7,2026-2027,A
3926,STU000026,2023010026,SUB0052,"Innovation, Start-up & Entrepreneurship",FAC007,2026-07-28,6,Tuesday,1,7,2026-2027,P
3927,STU000027,2023010027,SUB0052,"Innovation, Start-up & Entrepreneurship",FAC007,2026-07-28,6,Tuesday,1,7,2026-2027,P
3928,STU000028,2023010028,SUB0052,"Innovation, Start-up & Entrepreneurship",FAC007,2026-07-28,6,Tuesday,1,7,2026-2027,P
3929,STU000029,2023010029,SUB0052,"Innovation, Start-up & Entrepreneurship",FAC007,2026-07-28,6,Tuesday,1,7,2026-2027,P
3930,STU000030,2023010030,SUB0052,"Innovation, Start-up & Entrepreneurship",FAC007,2026-07-28,6,Tuesday,1,7,2026-2027,P
3931,STU000031,2023010031,SUB0052,"Innovation, Start-up & Entrepreneurship",FAC007,2026-07-28,6,Tuesday,1,7,2026-2027,P
3932,STU000032,2023010032,SUB0052,"Innovation, Start-up & Entrepreneurship",FAC007,2026-07-28,6,Tuesday,1,7,2026-2027,P
3933,STU000033,2023010033,SUB0052,"Innovation, Start-up & Entrepreneurship",FAC007,2026-07-28,6,Tuesday,1,7,2026-2027,P
3934,STU000034,2023010034,SUB0052,"Innovation, Start-up & Entrepreneurship",FAC007,2026-07-28,6,Tuesday,1,7,2026-2027,P
3935,STU000035,2023010035,SUB0052,"Innovation, Start-up & Entrepreneurship",FAC007,2026-07-28,6,Tuesday,1,7,2026-2027,P
3936,STU000036,2023010036,SUB0052,"Innovation, Start-up & Entrepreneurship",FAC007,2026-07-28,6,Tuesday,1,7,2026-2027,P
3937,STU000037,2023010037,SUB0052,"Innovation, Start-up & Entrepreneurship",FAC007,2026-07-28,6,Tuesday,1,7,2026-2027,P
3938,STU000038,2023010038,SUB0052,"Innovation, Start-up & Entrepreneurship",FAC007,2026-07-28,6,Tuesday,1,7,2026-2027,P
3939,STU000039,2023010039,SUB0052,"Innovation, Start-up & Entrepreneurship",FAC007,2026-07-28,6,Tuesday,1,7,2026-2027,P
3940,STU000040,2023010040,SUB0052,"Innovation, Start-up & Entrepreneurship",FAC007,2026-07-28,6,Tuesday,1,7,2026-2027,P
3941,STU000041,2023010041,SUB0052,"Innovation, Start-up & Entrepreneurship",FAC007,2026-07-28,6,Tuesday,1,7,2026-2027,P
3942,STU000042,2023010042,SUB0052,"Innovation, Start-up & Entrepreneurship",FAC007,2026-07-28,6,Tuesday,1,7,2026-2027,P
3943,STU000043,2023010043,SUB0052,"Innovation, Start-up & Entrepreneurship",FAC007,2026-07-28,6,Tuesday,1,7,2026-2027,P
3944,STU000044,2023010044,SUB0052,"Innovation, Start-up & Entrepreneurship",FAC007,2026-07-28,6,Tuesday,1,7,2026-2027,P
3945,STU000045,2023010045,SUB0052,"Innovation, Start-up & Entrepreneurship",FAC007,2026-07-28,6,Tuesday,1,7,2026-2027,P
3946,STU000046,2023010046,SUB0052,"Innovation, Start-up & Entrepreneurship",FAC007,2026-07-28,6,Tuesday,1,7,2026-2027,P
3947,STU000047,2023010047,SUB0052,"Innovation, Start-up & Entrepreneurship",FAC007,2026-07-28,6,Tuesday,1,7,2026-2027,P
3948,STU000048,2023010048,SUB0052,"Innovation, Start-up & Entrepreneurship",FAC007,2026-07-28,6,Tuesday,1,7,2026-2027,P
3949,STU000049,2023010049,SUB0052,"Innovation, Start-up & Entrepreneurship",FAC007,2026-07-28,6,Tuesday,1,7,2026-2027,A
3950,STU000050,2023010050,SUB0052,"Innovation, Start-up & Entrepreneurship",FAC007,2026-07-28,6,Tuesday,1,7,2026-2027,P
3951,STU000001,2023010001,SUB0054,Natural Language Processing,FAC009,2026-07-28,11,Tuesday,1,7,2026-2027,P
3952,STU000002,2023010002,SUB0054,Natural Language Processing,FAC009,2026-07-28,11,Tuesday,1,7,2026-2027,P
3953,STU000003,2023010003,SUB0054,Natural Language Processing,FAC009,2026-07-28,11,Tuesday,1,7,2026-2027,P
3954,STU000004,2023010004,SUB0054,Natural Language Processing,FAC009,2026-07-28,11,Tuesday,1,7,2026-2027,A
3955,STU000005,2023010005,SUB0054,Natural Language Processing,FAC009,2026-07-28,11,Tuesday,1,7,2026-2027,P
3956,STU000006,2023010006,SUB0054,Natural Language Processing,FAC009,2026-07-28,11,Tuesday,1,7,2026-2027,P
3957,STU000007,2023010007,SUB0054,Natural Language Processing,FAC009,2026-07-28,11,Tuesday,1,7,2026-2027,P
3958,STU000008,2023010008,SUB0054,Natural Language Processing,FAC009,2026-07-28,11,Tuesday,1,7,2026-2027,P
3959,STU000009,2023010009,SUB0054,Natural Language Processing,FAC009,2026-07-28,11,Tuesday,1,7,2026-2027,P
3960,STU000010,2023010010,SUB0054,Natural Language Processing,FAC009,2026-07-28,11,Tuesday,1,7,2026-2027,P
3961,STU000011,2023010011,SUB0054,Natural Language Processing,FAC009,2026-07-28,11,Tuesday,1,7,2026-2027,P
3962,STU000012,2023010012,SUB0054,Natural Language Processing,FAC009,2026-07-28,11,Tuesday,1,7,2026-2027,P
3963,STU000013,2023010013,SUB0054,Natural Language Processing,FAC009,2026-07-28,11,Tuesday,1,7,2026-2027,A
3964,STU000014,2023010014,SUB0054,Natural Language Processing,FAC009,2026-07-28,11,Tuesday,1,7,2026-2027,P
3965,STU000015,2023010015,SUB0054,Natural Language Processing,FAC009,2026-07-28,11,Tuesday,1,7,2026-2027,P
3966,STU000016,2023010016,SUB0054,Natural Language Processing,FAC009,2026-07-28,11,Tuesday,1,7,2026-2027,P
3967,STU000017,2023010017,SUB0054,Natural Language Processing,FAC009,2026-07-28,11,Tuesday,1,7,2026-2027,P
3968,STU000018,2023010018,SUB0054,Natural Language Processing,FAC009,2026-07-28,11,Tuesday,1,7,2026-2027,P
3969,STU000019,2023010019,SUB0054,Natural Language Processing,FAC009,2026-07-28,11,Tuesday,1,7,2026-2027,P
3970,STU000020,2023010020,SUB0054,Natural Language Processing,FAC009,2026-07-28,11,Tuesday,1,7,2026-2027,A
3971,STU000021,2023010021,SUB0054,Natural Language Processing,FAC009,2026-07-28,11,Tuesday,1,7,2026-2027,P
3972,STU000022,2023010022,SUB0054,Natural Language Processing,FAC009,2026-07-28,11,Tuesday,1,7,2026-2027,P
3973,STU000023,2023010023,SUB0054,Natural Language Processing,FAC009,2026-07-28,11,Tuesday,1,7,2026-2027,P
3974,STU000024,2023010024,SUB0054,Natural Language Processing,FAC009,2026-07-28,11,Tuesday,1,7,2026-2027,P
3975,STU000025,2023010025,SUB0054,Natural Language Processing,FAC009,2026-07-28,11,Tuesday,1,7,2026-2027,P
3976,STU000026,2023010026,SUB0054,Natural Language Processing,FAC009,2026-07-28,11,Tuesday,1,7,2026-2027,P
3977,STU000027,2023010027,SUB0054,Natural Language Processing,FAC009,2026-07-28,11,Tuesday,1,7,2026-2027,P
3978,STU000028,2023010028,SUB0054,Natural Language Processing,FAC009,2026-07-28,11,Tuesday,1,7,2026-2027,P
3979,STU000029,2023010029,SUB0054,Natural Language Processing,FAC009,2026-07-28,11,Tuesday,1,7,2026-2027,A
3980,STU000030,2023010030,SUB0054,Natural Language Processing,FAC009,2026-07-28,11,Tuesday,1,7,2026-2027,P
3981,STU000031,2023010031,SUB0054,Natural Language Processing,FAC009,2026-07-28,11,Tuesday,1,7,2026-2027,P
3982,STU000032,2023010032,SUB0054,Natural Language Processing,FAC009,2026-07-28,11,Tuesday,1,7,2026-2027,A
3983,STU000033,2023010033,SUB0054,Natural Language Processing,FAC009,2026-07-28,11,Tuesday,1,7,2026-2027,P
3984,STU000034,2023010034,SUB0054,Natural Language Processing,FAC009,2026-07-28,11,Tuesday,1,7,2026-2027,P
3985,STU000035,2023010035,SUB0054,Natural Language Processing,FAC009,2026-07-28,11,Tuesday,1,7,2026-2027,P
3986,STU000036,2023010036,SUB0054,Natural Language Processing,FAC009,2026-07-28,11,Tuesday,1,7,2026-2027,A
3987,STU000037,2023010037,SUB0054,Natural Language Processing,FAC009,2026-07-28,11,Tuesday,1,7,2026-2027,P
3988,STU000038,2023010038,SUB0054,Natural Language Processing,FAC009,2026-07-28,11,Tuesday,1,7,2026-2027,P
3989,STU000039,2023010039,SUB0054,Natural Language Processing,FAC009,2026-07-28,11,Tuesday,1,7,2026-2027,P
3990,STU000040,2023010040,SUB0054,Natural Language Processing,FAC009,2026-07-28,11,Tuesday,1,7,2026-2027,P
3991,STU000041,2023010041,SUB0054,Natural Language Processing,FAC009,2026-07-28,11,Tuesday,1,7,2026-2027,P
3992,STU000042,2023010042,SUB0054,Natural Language Processing,FAC009,2026-07-28,11,Tuesday,1,7,2026-2027,P
3993,STU000043,2023010043,SUB0054,Natural Language Processing,FAC009,2026-07-28,11,Tuesday,1,7,2026-2027,P
3994,STU000044,2023010044,SUB0054,Natural Language Processing,FAC009,2026-07-28,11,Tuesday,1,7,2026-2027,P
3995,STU000045,2023010045,SUB0054,Natural Language Processing,FAC009,2026-07-28,11,Tuesday,1,7,2026-2027,P
3996,STU000046,2023010046,SUB0054,Natural Language Processing,FAC009,2026-07-28,11,Tuesday,1,7,2026-2027,P
3997,STU000047,2023010047,SUB0054,Natural Language Processing,FAC009,2026-07-28,11,Tuesday,1,7,2026-2027,A
3998,STU000048,2023010048,SUB0054,Natural Language Processing,FAC009,2026-07-28,11,Tuesday,1,7,2026-2027,P
3999,STU000049,2023010049,SUB0054,Natural Language Processing,FAC009,2026-07-28,11,Tuesday,1,7,2026-2027,P
4000,STU000050,2023010050,SUB0054,Natural Language Processing,FAC009,2026-07-28,11,Tuesday,1,7,2026-2027,P
4001,STU000001,2023010001,SUB0053,Deep Learning,FAC008,2026-07-28,17,Tuesday,1,7,2026-2027,P
4002,STU000002,2023010002,SUB0053,Deep Learning,FAC008,2026-07-28,17,Tuesday,1,7,2026-2027,P
4003,STU000003,2023010003,SUB0053,Deep Learning,FAC008,2026-07-28,17,Tuesday,1,7,2026-2027,P
4004,STU000004,2023010004,SUB0053,Deep Learning,FAC008,2026-07-28,17,Tuesday,1,7,2026-2027,P
4005,STU000005,2023010005,SUB0053,Deep Learning,FAC008,2026-07-28,17,Tuesday,1,7,2026-2027,P
4006,STU000006,2023010006,SUB0053,Deep Learning,FAC008,2026-07-28,17,Tuesday,1,7,2026-2027,A
4007,STU000007,2023010007,SUB0053,Deep Learning,FAC008,2026-07-28,17,Tuesday,1,7,2026-2027,P
4008,STU000008,2023010008,SUB0053,Deep Learning,FAC008,2026-07-28,17,Tuesday,1,7,2026-2027,P
4009,STU000009,2023010009,SUB0053,Deep Learning,FAC008,2026-07-28,17,Tuesday,1,7,2026-2027,P
4010,STU000010,2023010010,SUB0053,Deep Learning,FAC008,2026-07-28,17,Tuesday,1,7,2026-2027,P
4011,STU000011,2023010011,SUB0053,Deep Learning,FAC008,2026-07-28,17,Tuesday,1,7,2026-2027,P
4012,STU000012,2023010012,SUB0053,Deep Learning,FAC008,2026-07-28,17,Tuesday,1,7,2026-2027,P
4013,STU000013,2023010013,SUB0053,Deep Learning,FAC008,2026-07-28,17,Tuesday,1,7,2026-2027,A
4014,STU000014,2023010014,SUB0053,Deep Learning,FAC008,2026-07-28,17,Tuesday,1,7,2026-2027,P
4015,STU000015,2023010015,SUB0053,Deep Learning,FAC008,2026-07-28,17,Tuesday,1,7,2026-2027,P
4016,STU000016,2023010016,SUB0053,Deep Learning,FAC008,2026-07-28,17,Tuesday,1,7,2026-2027,P
4017,STU000017,2023010017,SUB0053,Deep Learning,FAC008,2026-07-28,17,Tuesday,1,7,2026-2027,A
4018,STU000018,2023010018,SUB0053,Deep Learning,FAC008,2026-07-28,17,Tuesday,1,7,2026-2027,P
4019,STU000019,2023010019,SUB0053,Deep Learning,FAC008,2026-07-28,17,Tuesday,1,7,2026-2027,P
4020,STU000020,2023010020,SUB0053,Deep Learning,FAC008,2026-07-28,17,Tuesday,1,7,2026-2027,P
4021,STU000021,2023010021,SUB0053,Deep Learning,FAC008,2026-07-28,17,Tuesday,1,7,2026-2027,P
4022,STU000022,2023010022,SUB0053,Deep Learning,FAC008,2026-07-28,17,Tuesday,1,7,2026-2027,P
4023,STU000023,2023010023,SUB0053,Deep Learning,FAC008,2026-07-28,17,Tuesday,1,7,2026-2027,P
4024,STU000024,2023010024,SUB0053,Deep Learning,FAC008,2026-07-28,17,Tuesday,1,7,2026-2027,A
4025,STU000025,2023010025,SUB0053,Deep Learning,FAC008,2026-07-28,17,Tuesday,1,7,2026-2027,P
4026,STU000026,2023010026,SUB0053,Deep Learning,FAC008,2026-07-28,17,Tuesday,1,7,2026-2027,P
4027,STU000027,2023010027,SUB0053,Deep Learning,FAC008,2026-07-28,17,Tuesday,1,7,2026-2027,P
4028,STU000028,2023010028,SUB0053,Deep Learning,FAC008,2026-07-28,17,Tuesday,1,7,2026-2027,P
4029,STU000029,2023010029,SUB0053,Deep Learning,FAC008,2026-07-28,17,Tuesday,1,7,2026-2027,P
4030,STU000030,2023010030,SUB0053,Deep Learning,FAC008,2026-07-28,17,Tuesday,1,7,2026-2027,P
4031,STU000031,2023010031,SUB0053,Deep Learning,FAC008,2026-07-28,17,Tuesday,1,7,2026-2027,A
4032,STU000032,2023010032,SUB0053,Deep Learning,FAC008,2026-07-28,17,Tuesday,1,7,2026-2027,P
4033,STU000033,2023010033,SUB0053,Deep Learning,FAC008,2026-07-28,17,Tuesday,1,7,2026-2027,P
4034,STU000034,2023010034,SUB0053,Deep Learning,FAC008,2026-07-28,17,Tuesday,1,7,2026-2027,P
4035,STU000035,2023010035,SUB0053,Deep Learning,FAC008,2026-07-28,17,Tuesday,1,7,2026-2027,P
4036,STU000036,2023010036,SUB0053,Deep Learning,FAC008,2026-07-28,17,Tuesday,1,7,2026-2027,P
4037,STU000037,2023010037,SUB0053,Deep Learning,FAC008,2026-07-28,17,Tuesday,1,7,2026-2027,P
4038,STU000038,2023010038,SUB0053,Deep Learning,FAC008,2026-07-28,17,Tuesday,1,7,2026-2027,A
4039,STU000039,2023010039,SUB0053,Deep Learning,FAC008,2026-07-28,17,Tuesday,1,7,2026-2027,P
4040,STU000040,2023010040,SUB0053,Deep Learning,FAC008,2026-07-28,17,Tuesday,1,7,2026-2027,P
4041,STU000041,2023010041,SUB0053,Deep Learning,FAC008,2026-07-28,17,Tuesday,1,7,2026-2027,P
4042,STU000042,2023010042,SUB0053,Deep Learning,FAC008,2026-07-28,17,Tuesday,1,7,2026-2027,P
4043,STU000043,2023010043,SUB0053,Deep Learning,FAC008,2026-07-28,17,Tuesday,1,7,2026-2027,P
4044,STU000044,2023010044,SUB0053,Deep Learning,FAC008,2026-07-28,17,Tuesday,1,7,2026-2027,P
4045,STU000045,2023010045,SUB0053,Deep Learning,FAC008,2026-07-28,17,Tuesday,1,7,2026-2027,P
4046,STU000046,2023010046,SUB0053,Deep Learning,FAC008,2026-07-28,17,Tuesday,1,7,2026-2027,P
4047,STU000047,2023010047,SUB0053,Deep Learning,FAC008,2026-07-28,17,Tuesday,1,7,2026-2027,P
4048,STU000048,2023010048,SUB0053,Deep Learning,FAC008,2026-07-28,17,Tuesday,1,7,2026-2027,P
4049,STU000049,2023010049,SUB0053,Deep Learning,FAC008,2026-07-28,17,Tuesday,1,7,2026-2027,A
4050,STU000050,2023010050,SUB0053,Deep Learning,FAC008,2026-07-28,17,Tuesday,1,7,2026-2027,P
4051,STU000001,2023010001,SUB0051,Human Computer Interaction,FAC006,2026-07-29,12,Wednesday,1,7,2026-2027,P
4052,STU000001,2023010001,SUB0054,Natural Language Processing,FAC009,2026-07-29,12,Wednesday,1,7,2026-2027,P
4053,STU000002,2023010002,SUB0051,Human Computer Interaction,FAC006,2026-07-29,12,Wednesday,1,7,2026-2027,P
4054,STU000002,2023010002,SUB0054,Natural Language Processing,FAC009,2026-07-29,12,Wednesday,1,7,2026-2027,P
4055,STU000003,2023010003,SUB0051,Human Computer Interaction,FAC006,2026-07-29,12,Wednesday,1,7,2026-2027,P
4056,STU000003,2023010003,SUB0054,Natural Language Processing,FAC009,2026-07-29,12,Wednesday,1,7,2026-2027,P
4057,STU000004,2023010004,SUB0051,Human Computer Interaction,FAC006,2026-07-29,12,Wednesday,1,7,2026-2027,P
4058,STU000004,2023010004,SUB0054,Natural Language Processing,FAC009,2026-07-29,12,Wednesday,1,7,2026-2027,P
4059,STU000005,2023010005,SUB0051,Human Computer Interaction,FAC006,2026-07-29,12,Wednesday,1,7,2026-2027,P
4060,STU000005,2023010005,SUB0054,Natural Language Processing,FAC009,2026-07-29,12,Wednesday,1,7,2026-2027,A
4061,STU000006,2023010006,SUB0051,Human Computer Interaction,FAC006,2026-07-29,12,Wednesday,1,7,2026-2027,P
4062,STU000006,2023010006,SUB0054,Natural Language Processing,FAC009,2026-07-29,12,Wednesday,1,7,2026-2027,P
4063,STU000007,2023010007,SUB0051,Human Computer Interaction,FAC006,2026-07-29,12,Wednesday,1,7,2026-2027,A
4064,STU000007,2023010007,SUB0054,Natural Language Processing,FAC009,2026-07-29,12,Wednesday,1,7,2026-2027,P
4065,STU000008,2023010008,SUB0051,Human Computer Interaction,FAC006,2026-07-29,12,Wednesday,1,7,2026-2027,P
4066,STU000008,2023010008,SUB0054,Natural Language Processing,FAC009,2026-07-29,12,Wednesday,1,7,2026-2027,P
4067,STU000009,2023010009,SUB0051,Human Computer Interaction,FAC006,2026-07-29,12,Wednesday,1,7,2026-2027,P
4068,STU000009,2023010009,SUB0054,Natural Language Processing,FAC009,2026-07-29,12,Wednesday,1,7,2026-2027,P
4069,STU000010,2023010010,SUB0051,Human Computer Interaction,FAC006,2026-07-29,12,Wednesday,1,7,2026-2027,P
4070,STU000010,2023010010,SUB0054,Natural Language Processing,FAC009,2026-07-29,12,Wednesday,1,7,2026-2027,P
4071,STU000011,2023010011,SUB0051,Human Computer Interaction,FAC006,2026-07-29,12,Wednesday,1,7,2026-2027,P
4072,STU000011,2023010011,SUB0054,Natural Language Processing,FAC009,2026-07-29,12,Wednesday,1,7,2026-2027,P
4073,STU000012,2023010012,SUB0051,Human Computer Interaction,FAC006,2026-07-29,12,Wednesday,1,7,2026-2027,P
4074,STU000012,2023010012,SUB0054,Natural Language Processing,FAC009,2026-07-29,12,Wednesday,1,7,2026-2027,P
4075,STU000013,2023010013,SUB0051,Human Computer Interaction,FAC006,2026-07-29,12,Wednesday,1,7,2026-2027,P
4076,STU000013,2023010013,SUB0054,Natural Language Processing,FAC009,2026-07-29,12,Wednesday,1,7,2026-2027,P
4077,STU000014,2023010014,SUB0051,Human Computer Interaction,FAC006,2026-07-29,12,Wednesday,1,7,2026-2027,P
4078,STU000014,2023010014,SUB0054,Natural Language Processing,FAC009,2026-07-29,12,Wednesday,1,7,2026-2027,A
4079,STU000015,2023010015,SUB0051,Human Computer Interaction,FAC006,2026-07-29,12,Wednesday,1,7,2026-2027,P
4080,STU000015,2023010015,SUB0054,Natural Language Processing,FAC009,2026-07-29,12,Wednesday,1,7,2026-2027,P
4081,STU000016,2023010016,SUB0051,Human Computer Interaction,FAC006,2026-07-29,12,Wednesday,1,7,2026-2027,P
4082,STU000016,2023010016,SUB0054,Natural Language Processing,FAC009,2026-07-29,12,Wednesday,1,7,2026-2027,P
4083,STU000017,2023010017,SUB0051,Human Computer Interaction,FAC006,2026-07-29,12,Wednesday,1,7,2026-2027,A
4084,STU000017,2023010017,SUB0054,Natural Language Processing,FAC009,2026-07-29,12,Wednesday,1,7,2026-2027,P
4085,STU000018,2023010018,SUB0051,Human Computer Interaction,FAC006,2026-07-29,12,Wednesday,1,7,2026-2027,P
4086,STU000018,2023010018,SUB0054,Natural Language Processing,FAC009,2026-07-29,12,Wednesday,1,7,2026-2027,P
4087,STU000019,2023010019,SUB0051,Human Computer Interaction,FAC006,2026-07-29,12,Wednesday,1,7,2026-2027,P
4088,STU000019,2023010019,SUB0054,Natural Language Processing,FAC009,2026-07-29,12,Wednesday,1,7,2026-2027,P
4089,STU000020,2023010020,SUB0051,Human Computer Interaction,FAC006,2026-07-29,12,Wednesday,1,7,2026-2027,P
4090,STU000020,2023010020,SUB0054,Natural Language Processing,FAC009,2026-07-29,12,Wednesday,1,7,2026-2027,P
4091,STU000021,2023010021,SUB0051,Human Computer Interaction,FAC006,2026-07-29,12,Wednesday,1,7,2026-2027,P
4092,STU000021,2023010021,SUB0054,Natural Language Processing,FAC009,2026-07-29,12,Wednesday,1,7,2026-2027,A
4093,STU000022,2023010022,SUB0051,Human Computer Interaction,FAC006,2026-07-29,12,Wednesday,1,7,2026-2027,P
4094,STU000022,2023010022,SUB0054,Natural Language Processing,FAC009,2026-07-29,12,Wednesday,1,7,2026-2027,P
4095,STU000023,2023010023,SUB0051,Human Computer Interaction,FAC006,2026-07-29,12,Wednesday,1,7,2026-2027,P
4096,STU000023,2023010023,SUB0054,Natural Language Processing,FAC009,2026-07-29,12,Wednesday,1,7,2026-2027,P
4097,STU000024,2023010024,SUB0051,Human Computer Interaction,FAC006,2026-07-29,12,Wednesday,1,7,2026-2027,A
4098,STU000024,2023010024,SUB0054,Natural Language Processing,FAC009,2026-07-29,12,Wednesday,1,7,2026-2027,P
4099,STU000025,2023010025,SUB0051,Human Computer Interaction,FAC006,2026-07-29,12,Wednesday,1,7,2026-2027,P
4100,STU000025,2023010025,SUB0054,Natural Language Processing,FAC009,2026-07-29,12,Wednesday,1,7,2026-2027,P
4101,STU000026,2023010026,SUB0051,Human Computer Interaction,FAC006,2026-07-29,12,Wednesday,1,7,2026-2027,P
4102,STU000026,2023010026,SUB0054,Natural Language Processing,FAC009,2026-07-29,12,Wednesday,1,7,2026-2027,P
4103,STU000027,2023010027,SUB0051,Human Computer Interaction,FAC006,2026-07-29,12,Wednesday,1,7,2026-2027,P
4104,STU000027,2023010027,SUB0054,Natural Language Processing,FAC009,2026-07-29,12,Wednesday,1,7,2026-2027,P
4105,STU000028,2023010028,SUB0051,Human Computer Interaction,FAC006,2026-07-29,12,Wednesday,1,7,2026-2027,P
4106,STU000028,2023010028,SUB0054,Natural Language Processing,FAC009,2026-07-29,12,Wednesday,1,7,2026-2027,P
4107,STU000029,2023010029,SUB0051,Human Computer Interaction,FAC006,2026-07-29,12,Wednesday,1,7,2026-2027,P
4108,STU000029,2023010029,SUB0054,Natural Language Processing,FAC009,2026-07-29,12,Wednesday,1,7,2026-2027,P
4109,STU000030,2023010030,SUB0051,Human Computer Interaction,FAC006,2026-07-29,12,Wednesday,1,7,2026-2027,P
4110,STU000030,2023010030,SUB0054,Natural Language Processing,FAC009,2026-07-29,12,Wednesday,1,7,2026-2027,A
4111,STU000031,2023010031,SUB0051,Human Computer Interaction,FAC006,2026-07-29,12,Wednesday,1,7,2026-2027,P
4112,STU000031,2023010031,SUB0054,Natural Language Processing,FAC009,2026-07-29,12,Wednesday,1,7,2026-2027,P
4113,STU000032,2023010032,SUB0051,Human Computer Interaction,FAC006,2026-07-29,12,Wednesday,1,7,2026-2027,P
4114,STU000032,2023010032,SUB0054,Natural Language Processing,FAC009,2026-07-29,12,Wednesday,1,7,2026-2027,P
4115,STU000033,2023010033,SUB0051,Human Computer Interaction,FAC006,2026-07-29,12,Wednesday,1,7,2026-2027,P
4116,STU000033,2023010033,SUB0054,Natural Language Processing,FAC009,2026-07-29,12,Wednesday,1,7,2026-2027,P
4117,STU000034,2023010034,SUB0051,Human Computer Interaction,FAC006,2026-07-29,12,Wednesday,1,7,2026-2027,A
4118,STU000034,2023010034,SUB0054,Natural Language Processing,FAC009,2026-07-29,12,Wednesday,1,7,2026-2027,P
4119,STU000035,2023010035,SUB0051,Human Computer Interaction,FAC006,2026-07-29,12,Wednesday,1,7,2026-2027,P
4120,STU000035,2023010035,SUB0054,Natural Language Processing,FAC009,2026-07-29,12,Wednesday,1,7,2026-2027,P
4121,STU000036,2023010036,SUB0051,Human Computer Interaction,FAC006,2026-07-29,12,Wednesday,1,7,2026-2027,P
4122,STU000036,2023010036,SUB0054,Natural Language Processing,FAC009,2026-07-29,12,Wednesday,1,7,2026-2027,P
4123,STU000037,2023010037,SUB0051,Human Computer Interaction,FAC006,2026-07-29,12,Wednesday,1,7,2026-2027,P
4124,STU000037,2023010037,SUB0054,Natural Language Processing,FAC009,2026-07-29,12,Wednesday,1,7,2026-2027,A
4125,STU000038,2023010038,SUB0051,Human Computer Interaction,FAC006,2026-07-29,12,Wednesday,1,7,2026-2027,P
4126,STU000038,2023010038,SUB0054,Natural Language Processing,FAC009,2026-07-29,12,Wednesday,1,7,2026-2027,P
4127,STU000039,2023010039,SUB0051,Human Computer Interaction,FAC006,2026-07-29,12,Wednesday,1,7,2026-2027,P
4128,STU000039,2023010039,SUB0054,Natural Language Processing,FAC009,2026-07-29,12,Wednesday,1,7,2026-2027,P
4129,STU000040,2023010040,SUB0051,Human Computer Interaction,FAC006,2026-07-29,12,Wednesday,1,7,2026-2027,P
4130,STU000040,2023010040,SUB0054,Natural Language Processing,FAC009,2026-07-29,12,Wednesday,1,7,2026-2027,P
4131,STU000041,2023010041,SUB0051,Human Computer Interaction,FAC006,2026-07-29,12,Wednesday,1,7,2026-2027,P
4132,STU000041,2023010041,SUB0054,Natural Language Processing,FAC009,2026-07-29,12,Wednesday,1,7,2026-2027,P
4133,STU000042,2023010042,SUB0051,Human Computer Interaction,FAC006,2026-07-29,12,Wednesday,1,7,2026-2027,P
4134,STU000042,2023010042,SUB0054,Natural Language Processing,FAC009,2026-07-29,12,Wednesday,1,7,2026-2027,P
4135,STU000043,2023010043,SUB0051,Human Computer Interaction,FAC006,2026-07-29,12,Wednesday,1,7,2026-2027,P
4136,STU000043,2023010043,SUB0054,Natural Language Processing,FAC009,2026-07-29,12,Wednesday,1,7,2026-2027,P
4137,STU000044,2023010044,SUB0051,Human Computer Interaction,FAC006,2026-07-29,12,Wednesday,1,7,2026-2027,P
4138,STU000044,2023010044,SUB0054,Natural Language Processing,FAC009,2026-07-29,12,Wednesday,1,7,2026-2027,P
4139,STU000045,2023010045,SUB0051,Human Computer Interaction,FAC006,2026-07-29,12,Wednesday,1,7,2026-2027,P
4140,STU000045,2023010045,SUB0054,Natural Language Processing,FAC009,2026-07-29,12,Wednesday,1,7,2026-2027,P
4141,STU000046,2023010046,SUB0051,Human Computer Interaction,FAC006,2026-07-29,12,Wednesday,1,7,2026-2027,P
4142,STU000046,2023010046,SUB0054,Natural Language Processing,FAC009,2026-07-29,12,Wednesday,1,7,2026-2027,A
4143,STU000047,2023010047,SUB0051,Human Computer Interaction,FAC006,2026-07-29,12,Wednesday,1,7,2026-2027,P
4144,STU000047,2023010047,SUB0054,Natural Language Processing,FAC009,2026-07-29,12,Wednesday,1,7,2026-2027,P
4145,STU000048,2023010048,SUB0051,Human Computer Interaction,FAC006,2026-07-29,12,Wednesday,1,7,2026-2027,P
4146,STU000048,2023010048,SUB0054,Natural Language Processing,FAC009,2026-07-29,12,Wednesday,1,7,2026-2027,P
4147,STU000049,2023010049,SUB0051,Human Computer Interaction,FAC006,2026-07-29,12,Wednesday,1,7,2026-2027,P
4148,STU000049,2023010049,SUB0054,Natural Language Processing,FAC009,2026-07-29,12,Wednesday,1,7,2026-2027,P
4149,STU000050,2023010050,SUB0051,Human Computer Interaction,FAC006,2026-07-29,12,Wednesday,1,7,2026-2027,P
4150,STU000050,2023010050,SUB0054,Natural Language Processing,FAC009,2026-07-29,12,Wednesday,1,7,2026-2027,P
4151,STU000001,2023010001,SUB0050,Software Engineering,FAC005,2026-07-29,17,Wednesday,1,7,2026-2027,P
4152,STU000002,2023010002,SUB0050,Software Engineering,FAC005,2026-07-29,17,Wednesday,1,7,2026-2027,P
4153,STU000003,2023010003,SUB0050,Software Engineering,FAC005,2026-07-29,17,Wednesday,1,7,2026-2027,P
4154,STU000004,2023010004,SUB0050,Software Engineering,FAC005,2026-07-29,17,Wednesday,1,7,2026-2027,P
4155,STU000005,2023010005,SUB0050,Software Engineering,FAC005,2026-07-29,17,Wednesday,1,7,2026-2027,P
4156,STU000006,2023010006,SUB0050,Software Engineering,FAC005,2026-07-29,17,Wednesday,1,7,2026-2027,P
4157,STU000007,2023010007,SUB0050,Software Engineering,FAC005,2026-07-29,17,Wednesday,1,7,2026-2027,P
4158,STU000008,2023010008,SUB0050,Software Engineering,FAC005,2026-07-29,17,Wednesday,1,7,2026-2027,P
4159,STU000009,2023010009,SUB0050,Software Engineering,FAC005,2026-07-29,17,Wednesday,1,7,2026-2027,A
4160,STU000010,2023010010,SUB0050,Software Engineering,FAC005,2026-07-29,17,Wednesday,1,7,2026-2027,P
4161,STU000011,2023010011,SUB0050,Software Engineering,FAC005,2026-07-29,17,Wednesday,1,7,2026-2027,P
4162,STU000012,2023010012,SUB0050,Software Engineering,FAC005,2026-07-29,17,Wednesday,1,7,2026-2027,P
4163,STU000013,2023010013,SUB0050,Software Engineering,FAC005,2026-07-29,17,Wednesday,1,7,2026-2027,A
4164,STU000014,2023010014,SUB0050,Software Engineering,FAC005,2026-07-29,17,Wednesday,1,7,2026-2027,P
4165,STU000015,2023010015,SUB0050,Software Engineering,FAC005,2026-07-29,17,Wednesday,1,7,2026-2027,P
4166,STU000016,2023010016,SUB0050,Software Engineering,FAC005,2026-07-29,17,Wednesday,1,7,2026-2027,A
4167,STU000017,2023010017,SUB0050,Software Engineering,FAC005,2026-07-29,17,Wednesday,1,7,2026-2027,P
4168,STU000018,2023010018,SUB0050,Software Engineering,FAC005,2026-07-29,17,Wednesday,1,7,2026-2027,P
4169,STU000019,2023010019,SUB0050,Software Engineering,FAC005,2026-07-29,17,Wednesday,1,7,2026-2027,P
4170,STU000020,2023010020,SUB0050,Software Engineering,FAC005,2026-07-29,17,Wednesday,1,7,2026-2027,P
4171,STU000021,2023010021,SUB0050,Software Engineering,FAC005,2026-07-29,17,Wednesday,1,7,2026-2027,P
4172,STU000022,2023010022,SUB0050,Software Engineering,FAC005,2026-07-29,17,Wednesday,1,7,2026-2027,P
4173,STU000023,2023010023,SUB0050,Software Engineering,FAC005,2026-07-29,17,Wednesday,1,7,2026-2027,P
4174,STU000024,2023010024,SUB0050,Software Engineering,FAC005,2026-07-29,17,Wednesday,1,7,2026-2027,P
4175,STU000025,2023010025,SUB0050,Software Engineering,FAC005,2026-07-29,17,Wednesday,1,7,2026-2027,P
4176,STU000026,2023010026,SUB0050,Software Engineering,FAC005,2026-07-29,17,Wednesday,1,7,2026-2027,P
4177,STU000027,2023010027,SUB0050,Software Engineering,FAC005,2026-07-29,17,Wednesday,1,7,2026-2027,A
4178,STU000028,2023010028,SUB0050,Software Engineering,FAC005,2026-07-29,17,Wednesday,1,7,2026-2027,P
4179,STU000029,2023010029,SUB0050,Software Engineering,FAC005,2026-07-29,17,Wednesday,1,7,2026-2027,P
4180,STU000030,2023010030,SUB0050,Software Engineering,FAC005,2026-07-29,17,Wednesday,1,7,2026-2027,P
4181,STU000031,2023010031,SUB0050,Software Engineering,FAC005,2026-07-29,17,Wednesday,1,7,2026-2027,P
4182,STU000032,2023010032,SUB0050,Software Engineering,FAC005,2026-07-29,17,Wednesday,1,7,2026-2027,A
4183,STU000033,2023010033,SUB0050,Software Engineering,FAC005,2026-07-29,17,Wednesday,1,7,2026-2027,P
4184,STU000034,2023010034,SUB0050,Software Engineering,FAC005,2026-07-29,17,Wednesday,1,7,2026-2027,A
4185,STU000035,2023010035,SUB0050,Software Engineering,FAC005,2026-07-29,17,Wednesday,1,7,2026-2027,P
4186,STU000036,2023010036,SUB0050,Software Engineering,FAC005,2026-07-29,17,Wednesday,1,7,2026-2027,P
4187,STU000037,2023010037,SUB0050,Software Engineering,FAC005,2026-07-29,17,Wednesday,1,7,2026-2027,P
4188,STU000038,2023010038,SUB0050,Software Engineering,FAC005,2026-07-29,17,Wednesday,1,7,2026-2027,P
4189,STU000039,2023010039,SUB0050,Software Engineering,FAC005,2026-07-29,17,Wednesday,1,7,2026-2027,P
4190,STU000040,2023010040,SUB0050,Software Engineering,FAC005,2026-07-29,17,Wednesday,1,7,2026-2027,P
4191,STU000041,2023010041,SUB0050,Software Engineering,FAC005,2026-07-29,17,Wednesday,1,7,2026-2027,P
4192,STU000042,2023010042,SUB0050,Software Engineering,FAC005,2026-07-29,17,Wednesday,1,7,2026-2027,P
4193,STU000043,2023010043,SUB0050,Software Engineering,FAC005,2026-07-29,17,Wednesday,1,7,2026-2027,P
4194,STU000044,2023010044,SUB0050,Software Engineering,FAC005,2026-07-29,17,Wednesday,1,7,2026-2027,P
4195,STU000045,2023010045,SUB0050,Software Engineering,FAC005,2026-07-29,17,Wednesday,1,7,2026-2027,P
4196,STU000046,2023010046,SUB0050,Software Engineering,FAC005,2026-07-29,17,Wednesday,1,7,2026-2027,P
4197,STU000047,2023010047,SUB0050,Software Engineering,FAC005,2026-07-29,17,Wednesday,1,7,2026-2027,P
4198,STU000048,2023010048,SUB0050,Software Engineering,FAC005,2026-07-29,17,Wednesday,1,7,2026-2027,P
4199,STU000049,2023010049,SUB0050,Software Engineering,FAC005,2026-07-29,17,Wednesday,1,7,2026-2027,P
4200,STU000050,2023010050,SUB0050,Software Engineering,FAC005,2026-07-29,17,Wednesday,1,7,2026-2027,P
4201,STU000001,2023010001,SUB0055,Deep Learning Laboratory,FAC010,2026-07-30,11,Thursday,1,7,2026-2027,P
4202,STU000002,2023010002,SUB0055,Deep Learning Laboratory,FAC010,2026-07-30,11,Thursday,1,7,2026-2027,P
4203,STU000003,2023010003,SUB0055,Deep Learning Laboratory,FAC010,2026-07-30,11,Thursday,1,7,2026-2027,A
4204,STU000004,2023010004,SUB0055,Deep Learning Laboratory,FAC010,2026-07-30,11,Thursday,1,7,2026-2027,P
4205,STU000005,2023010005,SUB0055,Deep Learning Laboratory,FAC010,2026-07-30,11,Thursday,1,7,2026-2027,P
4206,STU000006,2023010006,SUB0055,Deep Learning Laboratory,FAC010,2026-07-30,11,Thursday,1,7,2026-2027,P
4207,STU000007,2023010007,SUB0055,Deep Learning Laboratory,FAC010,2026-07-30,11,Thursday,1,7,2026-2027,P
4208,STU000008,2023010008,SUB0055,Deep Learning Laboratory,FAC010,2026-07-30,11,Thursday,1,7,2026-2027,P
4209,STU000009,2023010009,SUB0055,Deep Learning Laboratory,FAC010,2026-07-30,11,Thursday,1,7,2026-2027,P
4210,STU000010,2023010010,SUB0055,Deep Learning Laboratory,FAC010,2026-07-30,11,Thursday,1,7,2026-2027,P
4211,STU000011,2023010011,SUB0055,Deep Learning Laboratory,FAC010,2026-07-30,11,Thursday,1,7,2026-2027,P
4212,STU000012,2023010012,SUB0055,Deep Learning Laboratory,FAC010,2026-07-30,11,Thursday,1,7,2026-2027,A
4213,STU000013,2023010013,SUB0055,Deep Learning Laboratory,FAC010,2026-07-30,11,Thursday,1,7,2026-2027,P
4214,STU000014,2023010014,SUB0055,Deep Learning Laboratory,FAC010,2026-07-30,11,Thursday,1,7,2026-2027,P
4215,STU000015,2023010015,SUB0055,Deep Learning Laboratory,FAC010,2026-07-30,11,Thursday,1,7,2026-2027,P
4216,STU000016,2023010016,SUB0055,Deep Learning Laboratory,FAC010,2026-07-30,11,Thursday,1,7,2026-2027,P
4217,STU000017,2023010017,SUB0055,Deep Learning Laboratory,FAC010,2026-07-30,11,Thursday,1,7,2026-2027,P
4218,STU000018,2023010018,SUB0055,Deep Learning Laboratory,FAC010,2026-07-30,11,Thursday,1,7,2026-2027,P
4219,STU000019,2023010019,SUB0055,Deep Learning Laboratory,FAC010,2026-07-30,11,Thursday,1,7,2026-2027,A
4220,STU000020,2023010020,SUB0055,Deep Learning Laboratory,FAC010,2026-07-30,11,Thursday,1,7,2026-2027,P
4221,STU000021,2023010021,SUB0055,Deep Learning Laboratory,FAC010,2026-07-30,11,Thursday,1,7,2026-2027,P
4222,STU000022,2023010022,SUB0055,Deep Learning Laboratory,FAC010,2026-07-30,11,Thursday,1,7,2026-2027,P
4223,STU000023,2023010023,SUB0055,Deep Learning Laboratory,FAC010,2026-07-30,11,Thursday,1,7,2026-2027,P
4224,STU000024,2023010024,SUB0055,Deep Learning Laboratory,FAC010,2026-07-30,11,Thursday,1,7,2026-2027,P
4225,STU000025,2023010025,SUB0055,Deep Learning Laboratory,FAC010,2026-07-30,11,Thursday,1,7,2026-2027,P
4226,STU000026,2023010026,SUB0055,Deep Learning Laboratory,FAC010,2026-07-30,11,Thursday,1,7,2026-2027,P
4227,STU000027,2023010027,SUB0055,Deep Learning Laboratory,FAC010,2026-07-30,11,Thursday,1,7,2026-2027,P
4228,STU000028,2023010028,SUB0055,Deep Learning Laboratory,FAC010,2026-07-30,11,Thursday,1,7,2026-2027,A
4229,STU000029,2023010029,SUB0055,Deep Learning Laboratory,FAC010,2026-07-30,11,Thursday,1,7,2026-2027,P
4230,STU000030,2023010030,SUB0055,Deep Learning Laboratory,FAC010,2026-07-30,11,Thursday,1,7,2026-2027,P
4231,STU000031,2023010031,SUB0055,Deep Learning Laboratory,FAC010,2026-07-30,11,Thursday,1,7,2026-2027,P
4232,STU000032,2023010032,SUB0055,Deep Learning Laboratory,FAC010,2026-07-30,11,Thursday,1,7,2026-2027,A
4233,STU000033,2023010033,SUB0055,Deep Learning Laboratory,FAC010,2026-07-30,11,Thursday,1,7,2026-2027,P
4234,STU000034,2023010034,SUB0055,Deep Learning Laboratory,FAC010,2026-07-30,11,Thursday,1,7,2026-2027,P
4235,STU000035,2023010035,SUB0055,Deep Learning Laboratory,FAC010,2026-07-30,11,Thursday,1,7,2026-2027,A
4236,STU000036,2023010036,SUB0055,Deep Learning Laboratory,FAC010,2026-07-30,11,Thursday,1,7,2026-2027,P
4237,STU000037,2023010037,SUB0055,Deep Learning Laboratory,FAC010,2026-07-30,11,Thursday,1,7,2026-2027,P
4238,STU000038,2023010038,SUB0055,Deep Learning Laboratory,FAC010,2026-07-30,11,Thursday,1,7,2026-2027,P
4239,STU000039,2023010039,SUB0055,Deep Learning Laboratory,FAC010,2026-07-30,11,Thursday,1,7,2026-2027,P
4240,STU000040,2023010040,SUB0055,Deep Learning Laboratory,FAC010,2026-07-30,11,Thursday,1,7,2026-2027,P
4241,STU000041,2023010041,SUB0055,Deep Learning Laboratory,FAC010,2026-07-30,11,Thursday,1,7,2026-2027,P
4242,STU000042,2023010042,SUB0055,Deep Learning Laboratory,FAC010,2026-07-30,11,Thursday,1,7,2026-2027,P
4243,STU000043,2023010043,SUB0055,Deep Learning Laboratory,FAC010,2026-07-30,11,Thursday,1,7,2026-2027,P
4244,STU000044,2023010044,SUB0055,Deep Learning Laboratory,FAC010,2026-07-30,11,Thursday,1,7,2026-2027,A
4245,STU000045,2023010045,SUB0055,Deep Learning Laboratory,FAC010,2026-07-30,11,Thursday,1,7,2026-2027,P
4246,STU000046,2023010046,SUB0055,Deep Learning Laboratory,FAC010,2026-07-30,11,Thursday,1,7,2026-2027,A
4247,STU000047,2023010047,SUB0055,Deep Learning Laboratory,FAC010,2026-07-30,11,Thursday,1,7,2026-2027,P
4248,STU000048,2023010048,SUB0055,Deep Learning Laboratory,FAC010,2026-07-30,11,Thursday,1,7,2026-2027,P
4249,STU000049,2023010049,SUB0055,Deep Learning Laboratory,FAC010,2026-07-30,11,Thursday,1,7,2026-2027,P
4250,STU000050,2023010050,SUB0055,Deep Learning Laboratory,FAC010,2026-07-30,11,Thursday,1,7,2026-2027,P
4251,STU000001,2023010001,SUB0055,Deep Learning Laboratory,FAC010,2026-07-30,12,Thursday,1,7,2026-2027,P
4252,STU000002,2023010002,SUB0055,Deep Learning Laboratory,FAC010,2026-07-30,12,Thursday,1,7,2026-2027,P
4253,STU000003,2023010003,SUB0055,Deep Learning Laboratory,FAC010,2026-07-30,12,Thursday,1,7,2026-2027,P
4254,STU000004,2023010004,SUB0055,Deep Learning Laboratory,FAC010,2026-07-30,12,Thursday,1,7,2026-2027,A
4255,STU000005,2023010005,SUB0055,Deep Learning Laboratory,FAC010,2026-07-30,12,Thursday,1,7,2026-2027,P
4256,STU000006,2023010006,SUB0055,Deep Learning Laboratory,FAC010,2026-07-30,12,Thursday,1,7,2026-2027,P
4257,STU000007,2023010007,SUB0055,Deep Learning Laboratory,FAC010,2026-07-30,12,Thursday,1,7,2026-2027,P
4258,STU000008,2023010008,SUB0055,Deep Learning Laboratory,FAC010,2026-07-30,12,Thursday,1,7,2026-2027,P
4259,STU000009,2023010009,SUB0055,Deep Learning Laboratory,FAC010,2026-07-30,12,Thursday,1,7,2026-2027,P
4260,STU000010,2023010010,SUB0055,Deep Learning Laboratory,FAC010,2026-07-30,12,Thursday,1,7,2026-2027,P
4261,STU000011,2023010011,SUB0055,Deep Learning Laboratory,FAC010,2026-07-30,12,Thursday,1,7,2026-2027,P
4262,STU000012,2023010012,SUB0055,Deep Learning Laboratory,FAC010,2026-07-30,12,Thursday,1,7,2026-2027,P
4263,STU000013,2023010013,SUB0055,Deep Learning Laboratory,FAC010,2026-07-30,12,Thursday,1,7,2026-2027,A
4264,STU000014,2023010014,SUB0055,Deep Learning Laboratory,FAC010,2026-07-30,12,Thursday,1,7,2026-2027,P
4265,STU000015,2023010015,SUB0055,Deep Learning Laboratory,FAC010,2026-07-30,12,Thursday,1,7,2026-2027,P
4266,STU000016,2023010016,SUB0055,Deep Learning Laboratory,FAC010,2026-07-30,12,Thursday,1,7,2026-2027,P
4267,STU000017,2023010017,SUB0055,Deep Learning Laboratory,FAC010,2026-07-30,12,Thursday,1,7,2026-2027,P
4268,STU000018,2023010018,SUB0055,Deep Learning Laboratory,FAC010,2026-07-30,12,Thursday,1,7,2026-2027,P
4269,STU000019,2023010019,SUB0055,Deep Learning Laboratory,FAC010,2026-07-30,12,Thursday,1,7,2026-2027,P
4270,STU000020,2023010020,SUB0055,Deep Learning Laboratory,FAC010,2026-07-30,12,Thursday,1,7,2026-2027,A
4271,STU000021,2023010021,SUB0055,Deep Learning Laboratory,FAC010,2026-07-30,12,Thursday,1,7,2026-2027,P
4272,STU000022,2023010022,SUB0055,Deep Learning Laboratory,FAC010,2026-07-30,12,Thursday,1,7,2026-2027,P
4273,STU000023,2023010023,SUB0055,Deep Learning Laboratory,FAC010,2026-07-30,12,Thursday,1,7,2026-2027,P
4274,STU000024,2023010024,SUB0055,Deep Learning Laboratory,FAC010,2026-07-30,12,Thursday,1,7,2026-2027,P
4275,STU000025,2023010025,SUB0055,Deep Learning Laboratory,FAC010,2026-07-30,12,Thursday,1,7,2026-2027,P
4276,STU000026,2023010026,SUB0055,Deep Learning Laboratory,FAC010,2026-07-30,12,Thursday,1,7,2026-2027,P
4277,STU000027,2023010027,SUB0055,Deep Learning Laboratory,FAC010,2026-07-30,12,Thursday,1,7,2026-2027,P
4278,STU000028,2023010028,SUB0055,Deep Learning Laboratory,FAC010,2026-07-30,12,Thursday,1,7,2026-2027,P
4279,STU000029,2023010029,SUB0055,Deep Learning Laboratory,FAC010,2026-07-30,12,Thursday,1,7,2026-2027,A
4280,STU000030,2023010030,SUB0055,Deep Learning Laboratory,FAC010,2026-07-30,12,Thursday,1,7,2026-2027,P
4281,STU000031,2023010031,SUB0055,Deep Learning Laboratory,FAC010,2026-07-30,12,Thursday,1,7,2026-2027,P
4282,STU000032,2023010032,SUB0055,Deep Learning Laboratory,FAC010,2026-07-30,12,Thursday,1,7,2026-2027,P
4283,STU000033,2023010033,SUB0055,Deep Learning Laboratory,FAC010,2026-07-30,12,Thursday,1,7,2026-2027,P
4284,STU000034,2023010034,SUB0055,Deep Learning Laboratory,FAC010,2026-07-30,12,Thursday,1,7,2026-2027,P
4285,STU000035,2023010035,SUB0055,Deep Learning Laboratory,FAC010,2026-07-30,12,Thursday,1,7,2026-2027,P
4286,STU000036,2023010036,SUB0055,Deep Learning Laboratory,FAC010,2026-07-30,12,Thursday,1,7,2026-2027,A
4287,STU000037,2023010037,SUB0055,Deep Learning Laboratory,FAC010,2026-07-30,12,Thursday,1,7,2026-2027,P
4288,STU000038,2023010038,SUB0055,Deep Learning Laboratory,FAC010,2026-07-30,12,Thursday,1,7,2026-2027,P
4289,STU000039,2023010039,SUB0055,Deep Learning Laboratory,FAC010,2026-07-30,12,Thursday,1,7,2026-2027,P
4290,STU000040,2023010040,SUB0055,Deep Learning Laboratory,FAC010,2026-07-30,12,Thursday,1,7,2026-2027,P
4291,STU000041,2023010041,SUB0055,Deep Learning Laboratory,FAC010,2026-07-30,12,Thursday,1,7,2026-2027,P
4292,STU000042,2023010042,SUB0055,Deep Learning Laboratory,FAC010,2026-07-30,12,Thursday,1,7,2026-2027,P
4293,STU000043,2023010043,SUB0055,Deep Learning Laboratory,FAC010,2026-07-30,12,Thursday,1,7,2026-2027,P
4294,STU000044,2023010044,SUB0055,Deep Learning Laboratory,FAC010,2026-07-30,12,Thursday,1,7,2026-2027,P
4295,STU000045,2023010045,SUB0055,Deep Learning Laboratory,FAC010,2026-07-30,12,Thursday,1,7,2026-2027,P
4296,STU000046,2023010046,SUB0055,Deep Learning Laboratory,FAC010,2026-07-30,12,Thursday,1,7,2026-2027,P
4297,STU000047,2023010047,SUB0055,Deep Learning Laboratory,FAC010,2026-07-30,12,Thursday,1,7,2026-2027,P
4298,STU000048,2023010048,SUB0055,Deep Learning Laboratory,FAC010,2026-07-30,12,Thursday,1,7,2026-2027,P
4299,STU000049,2023010049,SUB0055,Deep Learning Laboratory,FAC010,2026-07-30,12,Thursday,1,7,2026-2027,P
4300,STU000050,2023010050,SUB0055,Deep Learning Laboratory,FAC010,2026-07-30,12,Thursday,1,7,2026-2027,P
4301,STU000001,2023010001,SUB0053,Deep Learning,FAC008,2026-07-30,18,Thursday,1,7,2026-2027,P
4302,STU000002,2023010002,SUB0053,Deep Learning,FAC008,2026-07-30,18,Thursday,1,7,2026-2027,P
4303,STU000003,2023010003,SUB0053,Deep Learning,FAC008,2026-07-30,18,Thursday,1,7,2026-2027,P
4304,STU000004,2023010004,SUB0053,Deep Learning,FAC008,2026-07-30,18,Thursday,1,7,2026-2027,P
4305,STU000005,2023010005,SUB0053,Deep Learning,FAC008,2026-07-30,18,Thursday,1,7,2026-2027,P
4306,STU000006,2023010006,SUB0053,Deep Learning,FAC008,2026-07-30,18,Thursday,1,7,2026-2027,P
4307,STU000007,2023010007,SUB0053,Deep Learning,FAC008,2026-07-30,18,Thursday,1,7,2026-2027,A
4308,STU000008,2023010008,SUB0053,Deep Learning,FAC008,2026-07-30,18,Thursday,1,7,2026-2027,P
4309,STU000009,2023010009,SUB0053,Deep Learning,FAC008,2026-07-30,18,Thursday,1,7,2026-2027,P
4310,STU000010,2023010010,SUB0053,Deep Learning,FAC008,2026-07-30,18,Thursday,1,7,2026-2027,P
4311,STU000011,2023010011,SUB0053,Deep Learning,FAC008,2026-07-30,18,Thursday,1,7,2026-2027,P
4312,STU000012,2023010012,SUB0053,Deep Learning,FAC008,2026-07-30,18,Thursday,1,7,2026-2027,P
4313,STU000013,2023010013,SUB0053,Deep Learning,FAC008,2026-07-30,18,Thursday,1,7,2026-2027,P
4314,STU000014,2023010014,SUB0053,Deep Learning,FAC008,2026-07-30,18,Thursday,1,7,2026-2027,A
4315,STU000015,2023010015,SUB0053,Deep Learning,FAC008,2026-07-30,18,Thursday,1,7,2026-2027,P
4316,STU000016,2023010016,SUB0053,Deep Learning,FAC008,2026-07-30,18,Thursday,1,7,2026-2027,P
4317,STU000017,2023010017,SUB0053,Deep Learning,FAC008,2026-07-30,18,Thursday,1,7,2026-2027,P
4318,STU000018,2023010018,SUB0053,Deep Learning,FAC008,2026-07-30,18,Thursday,1,7,2026-2027,P
4319,STU000019,2023010019,SUB0053,Deep Learning,FAC008,2026-07-30,18,Thursday,1,7,2026-2027,P
4320,STU000020,2023010020,SUB0053,Deep Learning,FAC008,2026-07-30,18,Thursday,1,7,2026-2027,P
4321,STU000021,2023010021,SUB0053,Deep Learning,FAC008,2026-07-30,18,Thursday,1,7,2026-2027,P
4322,STU000022,2023010022,SUB0053,Deep Learning,FAC008,2026-07-30,18,Thursday,1,7,2026-2027,P
4323,STU000023,2023010023,SUB0053,Deep Learning,FAC008,2026-07-30,18,Thursday,1,7,2026-2027,P
4324,STU000024,2023010024,SUB0053,Deep Learning,FAC008,2026-07-30,18,Thursday,1,7,2026-2027,P
4325,STU000025,2023010025,SUB0053,Deep Learning,FAC008,2026-07-30,18,Thursday,1,7,2026-2027,A
4326,STU000026,2023010026,SUB0053,Deep Learning,FAC008,2026-07-30,18,Thursday,1,7,2026-2027,P
4327,STU000027,2023010027,SUB0053,Deep Learning,FAC008,2026-07-30,18,Thursday,1,7,2026-2027,P
4328,STU000028,2023010028,SUB0053,Deep Learning,FAC008,2026-07-30,18,Thursday,1,7,2026-2027,P
4329,STU000029,2023010029,SUB0053,Deep Learning,FAC008,2026-07-30,18,Thursday,1,7,2026-2027,P
4330,STU000030,2023010030,SUB0053,Deep Learning,FAC008,2026-07-30,18,Thursday,1,7,2026-2027,P
4331,STU000031,2023010031,SUB0053,Deep Learning,FAC008,2026-07-30,18,Thursday,1,7,2026-2027,P
4332,STU000032,2023010032,SUB0053,Deep Learning,FAC008,2026-07-30,18,Thursday,1,7,2026-2027,P
4333,STU000033,2023010033,SUB0053,Deep Learning,FAC008,2026-07-30,18,Thursday,1,7,2026-2027,P
4334,STU000034,2023010034,SUB0053,Deep Learning,FAC008,2026-07-30,18,Thursday,1,7,2026-2027,P
4335,STU000035,2023010035,SUB0053,Deep Learning,FAC008,2026-07-30,18,Thursday,1,7,2026-2027,P
4336,STU000036,2023010036,SUB0053,Deep Learning,FAC008,2026-07-30,18,Thursday,1,7,2026-2027,P
4337,STU000037,2023010037,SUB0053,Deep Learning,FAC008,2026-07-30,18,Thursday,1,7,2026-2027,P
4338,STU000038,2023010038,SUB0053,Deep Learning,FAC008,2026-07-30,18,Thursday,1,7,2026-2027,P
4339,STU000039,2023010039,SUB0053,Deep Learning,FAC008,2026-07-30,18,Thursday,1,7,2026-2027,A
4340,STU000040,2023010040,SUB0053,Deep Learning,FAC008,2026-07-30,18,Thursday,1,7,2026-2027,P
4341,STU000041,2023010041,SUB0053,Deep Learning,FAC008,2026-07-30,18,Thursday,1,7,2026-2027,P
4342,STU000042,2023010042,SUB0053,Deep Learning,FAC008,2026-07-30,18,Thursday,1,7,2026-2027,P
4343,STU000043,2023010043,SUB0053,Deep Learning,FAC008,2026-07-30,18,Thursday,1,7,2026-2027,P
4344,STU000044,2023010044,SUB0053,Deep Learning,FAC008,2026-07-30,18,Thursday,1,7,2026-2027,P
4345,STU000045,2023010045,SUB0053,Deep Learning,FAC008,2026-07-30,18,Thursday,1,7,2026-2027,P
4346,STU000046,2023010046,SUB0053,Deep Learning,FAC008,2026-07-30,18,Thursday,1,7,2026-2027,P
4347,STU000047,2023010047,SUB0053,Deep Learning,FAC008,2026-07-30,18,Thursday,1,7,2026-2027,P
4348,STU000048,2023010048,SUB0053,Deep Learning,FAC008,2026-07-30,18,Thursday,1,7,2026-2027,P
4349,STU000049,2023010049,SUB0053,Deep Learning,FAC008,2026-07-30,18,Thursday,1,7,2026-2027,P
4350,STU000050,2023010050,SUB0053,Deep Learning,FAC008,2026-07-30,18,Thursday,1,7,2026-2027,A
4351,STU000001,2023010001,SUB0056,Natural Language Processing Laboratory,FAC011,2026-07-31,11,Friday,1,7,2026-2027,P
4352,STU000002,2023010002,SUB0056,Natural Language Processing Laboratory,FAC011,2026-07-31,11,Friday,1,7,2026-2027,A
4353,STU000003,2023010003,SUB0056,Natural Language Processing Laboratory,FAC011,2026-07-31,11,Friday,1,7,2026-2027,P
4354,STU000004,2023010004,SUB0056,Natural Language Processing Laboratory,FAC011,2026-07-31,11,Friday,1,7,2026-2027,P
4355,STU000005,2023010005,SUB0056,Natural Language Processing Laboratory,FAC011,2026-07-31,11,Friday,1,7,2026-2027,P
4356,STU000006,2023010006,SUB0056,Natural Language Processing Laboratory,FAC011,2026-07-31,11,Friday,1,7,2026-2027,P
4357,STU000007,2023010007,SUB0056,Natural Language Processing Laboratory,FAC011,2026-07-31,11,Friday,1,7,2026-2027,P
4358,STU000008,2023010008,SUB0056,Natural Language Processing Laboratory,FAC011,2026-07-31,11,Friday,1,7,2026-2027,P
4359,STU000009,2023010009,SUB0056,Natural Language Processing Laboratory,FAC011,2026-07-31,11,Friday,1,7,2026-2027,P
4360,STU000010,2023010010,SUB0056,Natural Language Processing Laboratory,FAC011,2026-07-31,11,Friday,1,7,2026-2027,P
4361,STU000011,2023010011,SUB0056,Natural Language Processing Laboratory,FAC011,2026-07-31,11,Friday,1,7,2026-2027,A
4362,STU000012,2023010012,SUB0056,Natural Language Processing Laboratory,FAC011,2026-07-31,11,Friday,1,7,2026-2027,P
4363,STU000013,2023010013,SUB0056,Natural Language Processing Laboratory,FAC011,2026-07-31,11,Friday,1,7,2026-2027,P
4364,STU000014,2023010014,SUB0056,Natural Language Processing Laboratory,FAC011,2026-07-31,11,Friday,1,7,2026-2027,P
4365,STU000015,2023010015,SUB0056,Natural Language Processing Laboratory,FAC011,2026-07-31,11,Friday,1,7,2026-2027,P
4366,STU000016,2023010016,SUB0056,Natural Language Processing Laboratory,FAC011,2026-07-31,11,Friday,1,7,2026-2027,P
4367,STU000017,2023010017,SUB0056,Natural Language Processing Laboratory,FAC011,2026-07-31,11,Friday,1,7,2026-2027,P
4368,STU000018,2023010018,SUB0056,Natural Language Processing Laboratory,FAC011,2026-07-31,11,Friday,1,7,2026-2027,A
4369,STU000019,2023010019,SUB0056,Natural Language Processing Laboratory,FAC011,2026-07-31,11,Friday,1,7,2026-2027,P
4370,STU000020,2023010020,SUB0056,Natural Language Processing Laboratory,FAC011,2026-07-31,11,Friday,1,7,2026-2027,P
4371,STU000021,2023010021,SUB0056,Natural Language Processing Laboratory,FAC011,2026-07-31,11,Friday,1,7,2026-2027,P
4372,STU000022,2023010022,SUB0056,Natural Language Processing Laboratory,FAC011,2026-07-31,11,Friday,1,7,2026-2027,P
4373,STU000023,2023010023,SUB0056,Natural Language Processing Laboratory,FAC011,2026-07-31,11,Friday,1,7,2026-2027,P
4374,STU000024,2023010024,SUB0056,Natural Language Processing Laboratory,FAC011,2026-07-31,11,Friday,1,7,2026-2027,P
4375,STU000025,2023010025,SUB0056,Natural Language Processing Laboratory,FAC011,2026-07-31,11,Friday,1,7,2026-2027,P
4376,STU000026,2023010026,SUB0056,Natural Language Processing Laboratory,FAC011,2026-07-31,11,Friday,1,7,2026-2027,P
4377,STU000027,2023010027,SUB0056,Natural Language Processing Laboratory,FAC011,2026-07-31,11,Friday,1,7,2026-2027,A
4378,STU000028,2023010028,SUB0056,Natural Language Processing Laboratory,FAC011,2026-07-31,11,Friday,1,7,2026-2027,P
4379,STU000029,2023010029,SUB0056,Natural Language Processing Laboratory,FAC011,2026-07-31,11,Friday,1,7,2026-2027,P
4380,STU000030,2023010030,SUB0056,Natural Language Processing Laboratory,FAC011,2026-07-31,11,Friday,1,7,2026-2027,P
4381,STU000031,2023010031,SUB0056,Natural Language Processing Laboratory,FAC011,2026-07-31,11,Friday,1,7,2026-2027,P
4382,STU000032,2023010032,SUB0056,Natural Language Processing Laboratory,FAC011,2026-07-31,11,Friday,1,7,2026-2027,A
4383,STU000033,2023010033,SUB0056,Natural Language Processing Laboratory,FAC011,2026-07-31,11,Friday,1,7,2026-2027,P
4384,STU000034,2023010034,SUB0056,Natural Language Processing Laboratory,FAC011,2026-07-31,11,Friday,1,7,2026-2027,A
4385,STU000035,2023010035,SUB0056,Natural Language Processing Laboratory,FAC011,2026-07-31,11,Friday,1,7,2026-2027,P
4386,STU000036,2023010036,SUB0056,Natural Language Processing Laboratory,FAC011,2026-07-31,11,Friday,1,7,2026-2027,P
4387,STU000037,2023010037,SUB0056,Natural Language Processing Laboratory,FAC011,2026-07-31,11,Friday,1,7,2026-2027,P
4388,STU000038,2023010038,SUB0056,Natural Language Processing Laboratory,FAC011,2026-07-31,11,Friday,1,7,2026-2027,P
4389,STU000039,2023010039,SUB0056,Natural Language Processing Laboratory,FAC011,2026-07-31,11,Friday,1,7,2026-2027,P
4390,STU000040,2023010040,SUB0056,Natural Language Processing Laboratory,FAC011,2026-07-31,11,Friday,1,7,2026-2027,P
4391,STU000041,2023010041,SUB0056,Natural Language Processing Laboratory,FAC011,2026-07-31,11,Friday,1,7,2026-2027,P
4392,STU000042,2023010042,SUB0056,Natural Language Processing Laboratory,FAC011,2026-07-31,11,Friday,1,7,2026-2027,P
4393,STU000043,2023010043,SUB0056,Natural Language Processing Laboratory,FAC011,2026-07-31,11,Friday,1,7,2026-2027,A
4394,STU000044,2023010044,SUB0056,Natural Language Processing Laboratory,FAC011,2026-07-31,11,Friday,1,7,2026-2027,P
4395,STU000045,2023010045,SUB0056,Natural Language Processing Laboratory,FAC011,2026-07-31,11,Friday,1,7,2026-2027,A
4396,STU000046,2023010046,SUB0056,Natural Language Processing Laboratory,FAC011,2026-07-31,11,Friday,1,7,2026-2027,P
4397,STU000047,2023010047,SUB0056,Natural Language Processing Laboratory,FAC011,2026-07-31,11,Friday,1,7,2026-2027,P
4398,STU000048,2023010048,SUB0056,Natural Language Processing Laboratory,FAC011,2026-07-31,11,Friday,1,7,2026-2027,P
4399,STU000049,2023010049,SUB0056,Natural Language Processing Laboratory,FAC011,2026-07-31,11,Friday,1,7,2026-2027,P
4400,STU000050,2023010050,SUB0056,Natural Language Processing Laboratory,FAC011,2026-07-31,11,Friday,1,7,2026-2027,A
4401,STU000001,2023010001,SUB0056,Natural Language Processing Laboratory,FAC011,2026-07-31,12,Friday,1,7,2026-2027,P
4402,STU000002,2023010002,SUB0056,Natural Language Processing Laboratory,FAC011,2026-07-31,12,Friday,1,7,2026-2027,P
4403,STU000003,2023010003,SUB0056,Natural Language Processing Laboratory,FAC011,2026-07-31,12,Friday,1,7,2026-2027,A
4404,STU000004,2023010004,SUB0056,Natural Language Processing Laboratory,FAC011,2026-07-31,12,Friday,1,7,2026-2027,P
4405,STU000005,2023010005,SUB0056,Natural Language Processing Laboratory,FAC011,2026-07-31,12,Friday,1,7,2026-2027,P
4406,STU000006,2023010006,SUB0056,Natural Language Processing Laboratory,FAC011,2026-07-31,12,Friday,1,7,2026-2027,P
4407,STU000007,2023010007,SUB0056,Natural Language Processing Laboratory,FAC011,2026-07-31,12,Friday,1,7,2026-2027,P
4408,STU000008,2023010008,SUB0056,Natural Language Processing Laboratory,FAC011,2026-07-31,12,Friday,1,7,2026-2027,P
4409,STU000009,2023010009,SUB0056,Natural Language Processing Laboratory,FAC011,2026-07-31,12,Friday,1,7,2026-2027,P
4410,STU000010,2023010010,SUB0056,Natural Language Processing Laboratory,FAC011,2026-07-31,12,Friday,1,7,2026-2027,P
4411,STU000011,2023010011,SUB0056,Natural Language Processing Laboratory,FAC011,2026-07-31,12,Friday,1,7,2026-2027,P
4412,STU000012,2023010012,SUB0056,Natural Language Processing Laboratory,FAC011,2026-07-31,12,Friday,1,7,2026-2027,A
4413,STU000013,2023010013,SUB0056,Natural Language Processing Laboratory,FAC011,2026-07-31,12,Friday,1,7,2026-2027,P
4414,STU000014,2023010014,SUB0056,Natural Language Processing Laboratory,FAC011,2026-07-31,12,Friday,1,7,2026-2027,P
4415,STU000015,2023010015,SUB0056,Natural Language Processing Laboratory,FAC011,2026-07-31,12,Friday,1,7,2026-2027,P
4416,STU000016,2023010016,SUB0056,Natural Language Processing Laboratory,FAC011,2026-07-31,12,Friday,1,7,2026-2027,P
4417,STU000017,2023010017,SUB0056,Natural Language Processing Laboratory,FAC011,2026-07-31,12,Friday,1,7,2026-2027,P
4418,STU000018,2023010018,SUB0056,Natural Language Processing Laboratory,FAC011,2026-07-31,12,Friday,1,7,2026-2027,P
4419,STU000019,2023010019,SUB0056,Natural Language Processing Laboratory,FAC011,2026-07-31,12,Friday,1,7,2026-2027,A
4420,STU000020,2023010020,SUB0056,Natural Language Processing Laboratory,FAC011,2026-07-31,12,Friday,1,7,2026-2027,P
4421,STU000021,2023010021,SUB0056,Natural Language Processing Laboratory,FAC011,2026-07-31,12,Friday,1,7,2026-2027,P
4422,STU000022,2023010022,SUB0056,Natural Language Processing Laboratory,FAC011,2026-07-31,12,Friday,1,7,2026-2027,P
4423,STU000023,2023010023,SUB0056,Natural Language Processing Laboratory,FAC011,2026-07-31,12,Friday,1,7,2026-2027,P
4424,STU000024,2023010024,SUB0056,Natural Language Processing Laboratory,FAC011,2026-07-31,12,Friday,1,7,2026-2027,P
4425,STU000025,2023010025,SUB0056,Natural Language Processing Laboratory,FAC011,2026-07-31,12,Friday,1,7,2026-2027,P
4426,STU000026,2023010026,SUB0056,Natural Language Processing Laboratory,FAC011,2026-07-31,12,Friday,1,7,2026-2027,P
4427,STU000027,2023010027,SUB0056,Natural Language Processing Laboratory,FAC011,2026-07-31,12,Friday,1,7,2026-2027,P
4428,STU000028,2023010028,SUB0056,Natural Language Processing Laboratory,FAC011,2026-07-31,12,Friday,1,7,2026-2027,A
4429,STU000029,2023010029,SUB0056,Natural Language Processing Laboratory,FAC011,2026-07-31,12,Friday,1,7,2026-2027,P
4430,STU000030,2023010030,SUB0056,Natural Language Processing Laboratory,FAC011,2026-07-31,12,Friday,1,7,2026-2027,P
4431,STU000031,2023010031,SUB0056,Natural Language Processing Laboratory,FAC011,2026-07-31,12,Friday,1,7,2026-2027,P
4432,STU000032,2023010032,SUB0056,Natural Language Processing Laboratory,FAC011,2026-07-31,12,Friday,1,7,2026-2027,P
4433,STU000033,2023010033,SUB0056,Natural Language Processing Laboratory,FAC011,2026-07-31,12,Friday,1,7,2026-2027,P
4434,STU000034,2023010034,SUB0056,Natural Language Processing Laboratory,FAC011,2026-07-31,12,Friday,1,7,2026-2027,P
4435,STU000035,2023010035,SUB0056,Natural Language Processing Laboratory,FAC011,2026-07-31,12,Friday,1,7,2026-2027,A
4436,STU000036,2023010036,SUB0056,Natural Language Processing Laboratory,FAC011,2026-07-31,12,Friday,1,7,2026-2027,P
4437,STU000037,2023010037,SUB0056,Natural Language Processing Laboratory,FAC011,2026-07-31,12,Friday,1,7,2026-2027,P
4438,STU000038,2023010038,SUB0056,Natural Language Processing Laboratory,FAC011,2026-07-31,12,Friday,1,7,2026-2027,P
4439,STU000039,2023010039,SUB0056,Natural Language Processing Laboratory,FAC011,2026-07-31,12,Friday,1,7,2026-2027,P
4440,STU000040,2023010040,SUB0056,Natural Language Processing Laboratory,FAC011,2026-07-31,12,Friday,1,7,2026-2027,P
4441,STU000041,2023010041,SUB0056,Natural Language Processing Laboratory,FAC011,2026-07-31,12,Friday,1,7,2026-2027,P
4442,STU000042,2023010042,SUB0056,Natural Language Processing Laboratory,FAC011,2026-07-31,12,Friday,1,7,2026-2027,P
4443,STU000043,2023010043,SUB0056,Natural Language Processing Laboratory,FAC011,2026-07-31,12,Friday,1,7,2026-2027,P
4444,STU000044,2023010044,SUB0056,Natural Language Processing Laboratory,FAC011,2026-07-31,12,Friday,1,7,2026-2027,A
4445,STU000045,2023010045,SUB0056,Natural Language Processing Laboratory,FAC011,2026-07-31,12,Friday,1,7,2026-2027,P
4446,STU000046,2023010046,SUB0056,Natural Language Processing Laboratory,FAC011,2026-07-31,12,Friday,1,7,2026-2027,A
4447,STU000047,2023010047,SUB0056,Natural Language Processing Laboratory,FAC011,2026-07-31,12,Friday,1,7,2026-2027,P
4448,STU000048,2023010048,SUB0056,Natural Language Processing Laboratory,FAC011,2026-07-31,12,Friday,1,7,2026-2027,P
4449,STU000049,2023010049,SUB0056,Natural Language Processing Laboratory,FAC011,2026-07-31,12,Friday,1,7,2026-2027,P
4450,STU000050,2023010050,SUB0056,Natural Language Processing Laboratory,FAC011,2026-07-31,12,Friday,1,7,2026-2027,P
4451,STU000001,2023010001,SUB0050,Software Engineering,FAC005,2026-07-31,18,Friday,1,7,2026-2027,P
4452,STU000002,2023010002,SUB0050,Software Engineering,FAC005,2026-07-31,18,Friday,1,7,2026-2027,P
4453,STU000003,2023010003,SUB0050,Software Engineering,FAC005,2026-07-31,18,Friday,1,7,2026-2027,A
4454,STU000004,2023010004,SUB0050,Software Engineering,FAC005,2026-07-31,18,Friday,1,7,2026-2027,P
4455,STU000005,2023010005,SUB0050,Software Engineering,FAC005,2026-07-31,18,Friday,1,7,2026-2027,P
4456,STU000006,2023010006,SUB0050,Software Engineering,FAC005,2026-07-31,18,Friday,1,7,2026-2027,P
4457,STU000007,2023010007,SUB0050,Software Engineering,FAC005,2026-07-31,18,Friday,1,7,2026-2027,P
4458,STU000008,2023010008,SUB0050,Software Engineering,FAC005,2026-07-31,18,Friday,1,7,2026-2027,P
4459,STU000009,2023010009,SUB0050,Software Engineering,FAC005,2026-07-31,18,Friday,1,7,2026-2027,P
4460,STU000010,2023010010,SUB0050,Software Engineering,FAC005,2026-07-31,18,Friday,1,7,2026-2027,A
4461,STU000011,2023010011,SUB0050,Software Engineering,FAC005,2026-07-31,18,Friday,1,7,2026-2027,P
4462,STU000012,2023010012,SUB0050,Software Engineering,FAC005,2026-07-31,18,Friday,1,7,2026-2027,P
4463,STU000013,2023010013,SUB0050,Software Engineering,FAC005,2026-07-31,18,Friday,1,7,2026-2027,P
4464,STU000014,2023010014,SUB0050,Software Engineering,FAC005,2026-07-31,18,Friday,1,7,2026-2027,P
4465,STU000015,2023010015,SUB0050,Software Engineering,FAC005,2026-07-31,18,Friday,1,7,2026-2027,P
4466,STU000016,2023010016,SUB0050,Software Engineering,FAC005,2026-07-31,18,Friday,1,7,2026-2027,P
4467,STU000017,2023010017,SUB0050,Software Engineering,FAC005,2026-07-31,18,Friday,1,7,2026-2027,A
4468,STU000018,2023010018,SUB0050,Software Engineering,FAC005,2026-07-31,18,Friday,1,7,2026-2027,P
4469,STU000019,2023010019,SUB0050,Software Engineering,FAC005,2026-07-31,18,Friday,1,7,2026-2027,P
4470,STU000020,2023010020,SUB0050,Software Engineering,FAC005,2026-07-31,18,Friday,1,7,2026-2027,P
4471,STU000021,2023010021,SUB0050,Software Engineering,FAC005,2026-07-31,18,Friday,1,7,2026-2027,P
4472,STU000022,2023010022,SUB0050,Software Engineering,FAC005,2026-07-31,18,Friday,1,7,2026-2027,P
4473,STU000023,2023010023,SUB0050,Software Engineering,FAC005,2026-07-31,18,Friday,1,7,2026-2027,P
4474,STU000024,2023010024,SUB0050,Software Engineering,FAC005,2026-07-31,18,Friday,1,7,2026-2027,P
4475,STU000025,2023010025,SUB0050,Software Engineering,FAC005,2026-07-31,18,Friday,1,7,2026-2027,P
4476,STU000026,2023010026,SUB0050,Software Engineering,FAC005,2026-07-31,18,Friday,1,7,2026-2027,P
4477,STU000027,2023010027,SUB0050,Software Engineering,FAC005,2026-07-31,18,Friday,1,7,2026-2027,P
4478,STU000028,2023010028,SUB0050,Software Engineering,FAC005,2026-07-31,18,Friday,1,7,2026-2027,A
4479,STU000029,2023010029,SUB0050,Software Engineering,FAC005,2026-07-31,18,Friday,1,7,2026-2027,P
4480,STU000030,2023010030,SUB0050,Software Engineering,FAC005,2026-07-31,18,Friday,1,7,2026-2027,P
4481,STU000031,2023010031,SUB0050,Software Engineering,FAC005,2026-07-31,18,Friday,1,7,2026-2027,P
4482,STU000032,2023010032,SUB0050,Software Engineering,FAC005,2026-07-31,18,Friday,1,7,2026-2027,P
4483,STU000033,2023010033,SUB0050,Software Engineering,FAC005,2026-07-31,18,Friday,1,7,2026-2027,P
4484,STU000034,2023010034,SUB0050,Software Engineering,FAC005,2026-07-31,18,Friday,1,7,2026-2027,P
4485,STU000035,2023010035,SUB0050,Software Engineering,FAC005,2026-07-31,18,Friday,1,7,2026-2027,A
4486,STU000036,2023010036,SUB0050,Software Engineering,FAC005,2026-07-31,18,Friday,1,7,2026-2027,P
4487,STU000037,2023010037,SUB0050,Software Engineering,FAC005,2026-07-31,18,Friday,1,7,2026-2027,P
4488,STU000038,2023010038,SUB0050,Software Engineering,FAC005,2026-07-31,18,Friday,1,7,2026-2027,P
4489,STU000039,2023010039,SUB0050,Software Engineering,FAC005,2026-07-31,18,Friday,1,7,2026-2027,P
4490,STU000040,2023010040,SUB0050,Software Engineering,FAC005,2026-07-31,18,Friday,1,7,2026-2027,P
4491,STU000041,2023010041,SUB0050,Software Engineering,FAC005,2026-07-31,18,Friday,1,7,2026-2027,P
4492,STU000042,2023010042,SUB0050,Software Engineering,FAC005,2026-07-31,18,Friday,1,7,2026-2027,A
4493,STU000043,2023010043,SUB0050,Software Engineering,FAC005,2026-07-31,18,Friday,1,7,2026-2027,P
4494,STU000044,2023010044,SUB0050,Software Engineering,FAC005,2026-07-31,18,Friday,1,7,2026-2027,P
4495,STU000045,2023010045,SUB0050,Software Engineering,FAC005,2026-07-31,18,Friday,1,7,2026-2027,P
4496,STU000046,2023010046,SUB0050,Software Engineering,FAC005,2026-07-31,18,Friday,1,7,2026-2027,P
4497,STU000047,2023010047,SUB0050,Software Engineering,FAC005,2026-07-31,18,Friday,1,7,2026-2027,P
4498,STU000048,2023010048,SUB0050,Software Engineering,FAC005,2026-07-31,18,Friday,1,7,2026-2027,P
4499,STU000049,2023010049,SUB0050,Software Engineering,FAC005,2026-07-31,18,Friday,1,7,2026-2027,P
4500,STU000050,2023010050,SUB0050,Software Engineering,FAC005,2026-07-31,18,Friday,1,7,2026-2027,P
4501,STU000001,2023010001,SUB0051,Human Computer Interaction,FAC006,2026-08-03,13,Monday,1,7,2026-2027,A
4502,STU000002,2023010002,SUB0051,Human Computer Interaction,FAC006,2026-08-03,13,Monday,1,7,2026-2027,P
4503,STU000003,2023010003,SUB0051,Human Computer Interaction,FAC006,2026-08-03,13,Monday,1,7,2026-2027,P
4504,STU000004,2023010004,SUB0051,Human Computer Interaction,FAC006,2026-08-03,13,Monday,1,7,2026-2027,P
4505,STU000005,2023010005,SUB0051,Human Computer Interaction,FAC006,2026-08-03,13,Monday,1,7,2026-2027,P
4506,STU000006,2023010006,SUB0051,Human Computer Interaction,FAC006,2026-08-03,13,Monday,1,7,2026-2027,P
4507,STU000007,2023010007,SUB0051,Human Computer Interaction,FAC006,2026-08-03,13,Monday,1,7,2026-2027,P
4508,STU000008,2023010008,SUB0051,Human Computer Interaction,FAC006,2026-08-03,13,Monday,1,7,2026-2027,A
4509,STU000009,2023010009,SUB0051,Human Computer Interaction,FAC006,2026-08-03,13,Monday,1,7,2026-2027,P
4510,STU000010,2023010010,SUB0051,Human Computer Interaction,FAC006,2026-08-03,13,Monday,1,7,2026-2027,P
4511,STU000011,2023010011,SUB0051,Human Computer Interaction,FAC006,2026-08-03,13,Monday,1,7,2026-2027,P
4512,STU000012,2023010012,SUB0051,Human Computer Interaction,FAC006,2026-08-03,13,Monday,1,7,2026-2027,P
4513,STU000013,2023010013,SUB0051,Human Computer Interaction,FAC006,2026-08-03,13,Monday,1,7,2026-2027,P
4514,STU000014,2023010014,SUB0051,Human Computer Interaction,FAC006,2026-08-03,13,Monday,1,7,2026-2027,P
4515,STU000015,2023010015,SUB0051,Human Computer Interaction,FAC006,2026-08-03,13,Monday,1,7,2026-2027,P
4516,STU000016,2023010016,SUB0051,Human Computer Interaction,FAC006,2026-08-03,13,Monday,1,7,2026-2027,P
4517,STU000017,2023010017,SUB0051,Human Computer Interaction,FAC006,2026-08-03,13,Monday,1,7,2026-2027,P
4518,STU000018,2023010018,SUB0051,Human Computer Interaction,FAC006,2026-08-03,13,Monday,1,7,2026-2027,A
4519,STU000019,2023010019,SUB0051,Human Computer Interaction,FAC006,2026-08-03,13,Monday,1,7,2026-2027,P
4520,STU000020,2023010020,SUB0051,Human Computer Interaction,FAC006,2026-08-03,13,Monday,1,7,2026-2027,P
4521,STU000021,2023010021,SUB0051,Human Computer Interaction,FAC006,2026-08-03,13,Monday,1,7,2026-2027,P
4522,STU000022,2023010022,SUB0051,Human Computer Interaction,FAC006,2026-08-03,13,Monday,1,7,2026-2027,P
4523,STU000023,2023010023,SUB0051,Human Computer Interaction,FAC006,2026-08-03,13,Monday,1,7,2026-2027,P
4524,STU000024,2023010024,SUB0051,Human Computer Interaction,FAC006,2026-08-03,13,Monday,1,7,2026-2027,P
4525,STU000025,2023010025,SUB0051,Human Computer Interaction,FAC006,2026-08-03,13,Monday,1,7,2026-2027,A
4526,STU000026,2023010026,SUB0051,Human Computer Interaction,FAC006,2026-08-03,13,Monday,1,7,2026-2027,P
4527,STU000027,2023010027,SUB0051,Human Computer Interaction,FAC006,2026-08-03,13,Monday,1,7,2026-2027,P
4528,STU000028,2023010028,SUB0051,Human Computer Interaction,FAC006,2026-08-03,13,Monday,1,7,2026-2027,P
4529,STU000029,2023010029,SUB0051,Human Computer Interaction,FAC006,2026-08-03,13,Monday,1,7,2026-2027,P
4530,STU000030,2023010030,SUB0051,Human Computer Interaction,FAC006,2026-08-03,13,Monday,1,7,2026-2027,P
4531,STU000031,2023010031,SUB0051,Human Computer Interaction,FAC006,2026-08-03,13,Monday,1,7,2026-2027,P
4532,STU000032,2023010032,SUB0051,Human Computer Interaction,FAC006,2026-08-03,13,Monday,1,7,2026-2027,P
4533,STU000033,2023010033,SUB0051,Human Computer Interaction,FAC006,2026-08-03,13,Monday,1,7,2026-2027,P
4534,STU000034,2023010034,SUB0051,Human Computer Interaction,FAC006,2026-08-03,13,Monday,1,7,2026-2027,P
4535,STU000035,2023010035,SUB0051,Human Computer Interaction,FAC006,2026-08-03,13,Monday,1,7,2026-2027,A
4536,STU000036,2023010036,SUB0051,Human Computer Interaction,FAC006,2026-08-03,13,Monday,1,7,2026-2027,P
4537,STU000037,2023010037,SUB0051,Human Computer Interaction,FAC006,2026-08-03,13,Monday,1,7,2026-2027,P
4538,STU000038,2023010038,SUB0051,Human Computer Interaction,FAC006,2026-08-03,13,Monday,1,7,2026-2027,P
4539,STU000039,2023010039,SUB0051,Human Computer Interaction,FAC006,2026-08-03,13,Monday,1,7,2026-2027,P
4540,STU000040,2023010040,SUB0051,Human Computer Interaction,FAC006,2026-08-03,13,Monday,1,7,2026-2027,P
4541,STU000041,2023010041,SUB0051,Human Computer Interaction,FAC006,2026-08-03,13,Monday,1,7,2026-2027,P
4542,STU000042,2023010042,SUB0051,Human Computer Interaction,FAC006,2026-08-03,13,Monday,1,7,2026-2027,A
4543,STU000043,2023010043,SUB0051,Human Computer Interaction,FAC006,2026-08-03,13,Monday,1,7,2026-2027,P
4544,STU000044,2023010044,SUB0051,Human Computer Interaction,FAC006,2026-08-03,13,Monday,1,7,2026-2027,P
4545,STU000045,2023010045,SUB0051,Human Computer Interaction,FAC006,2026-08-03,13,Monday,1,7,2026-2027,P
4546,STU000046,2023010046,SUB0051,Human Computer Interaction,FAC006,2026-08-03,13,Monday,1,7,2026-2027,P
4547,STU000047,2023010047,SUB0051,Human Computer Interaction,FAC006,2026-08-03,13,Monday,1,7,2026-2027,P
4548,STU000048,2023010048,SUB0051,Human Computer Interaction,FAC006,2026-08-03,13,Monday,1,7,2026-2027,P
4549,STU000049,2023010049,SUB0051,Human Computer Interaction,FAC006,2026-08-03,13,Monday,1,7,2026-2027,P
4550,STU000050,2023010050,SUB0051,Human Computer Interaction,FAC006,2026-08-03,13,Monday,1,7,2026-2027,P
4551,STU000001,2023010001,SUB0050,Software Engineering,FAC005,2026-08-03,19,Monday,1,7,2026-2027,P
4552,STU000001,2023010001,SUB0053,Deep Learning,FAC008,2026-08-03,19,Monday,1,7,2026-2027,A
4553,STU000002,2023010002,SUB0050,Software Engineering,FAC005,2026-08-03,19,Monday,1,7,2026-2027,P
4554,STU000002,2023010002,SUB0053,Deep Learning,FAC008,2026-08-03,19,Monday,1,7,2026-2027,P
4555,STU000003,2023010003,SUB0050,Software Engineering,FAC005,2026-08-03,19,Monday,1,7,2026-2027,P
4556,STU000003,2023010003,SUB0053,Deep Learning,FAC008,2026-08-03,19,Monday,1,7,2026-2027,P
4557,STU000004,2023010004,SUB0050,Software Engineering,FAC005,2026-08-03,19,Monday,1,7,2026-2027,A
4558,STU000004,2023010004,SUB0053,Deep Learning,FAC008,2026-08-03,19,Monday,1,7,2026-2027,P
4559,STU000005,2023010005,SUB0050,Software Engineering,FAC005,2026-08-03,19,Monday,1,7,2026-2027,P
4560,STU000005,2023010005,SUB0053,Deep Learning,FAC008,2026-08-03,19,Monday,1,7,2026-2027,P
4561,STU000006,2023010006,SUB0050,Software Engineering,FAC005,2026-08-03,19,Monday,1,7,2026-2027,P
4562,STU000006,2023010006,SUB0053,Deep Learning,FAC008,2026-08-03,19,Monday,1,7,2026-2027,P
4563,STU000007,2023010007,SUB0050,Software Engineering,FAC005,2026-08-03,19,Monday,1,7,2026-2027,P
4564,STU000007,2023010007,SUB0053,Deep Learning,FAC008,2026-08-03,19,Monday,1,7,2026-2027,P
4565,STU000008,2023010008,SUB0050,Software Engineering,FAC005,2026-08-03,19,Monday,1,7,2026-2027,P
4566,STU000008,2023010008,SUB0053,Deep Learning,FAC008,2026-08-03,19,Monday,1,7,2026-2027,A
4567,STU000009,2023010009,SUB0050,Software Engineering,FAC005,2026-08-03,19,Monday,1,7,2026-2027,P
4568,STU000009,2023010009,SUB0053,Deep Learning,FAC008,2026-08-03,19,Monday,1,7,2026-2027,P
4569,STU000010,2023010010,SUB0050,Software Engineering,FAC005,2026-08-03,19,Monday,1,7,2026-2027,P
4570,STU000010,2023010010,SUB0053,Deep Learning,FAC008,2026-08-03,19,Monday,1,7,2026-2027,P
4571,STU000011,2023010011,SUB0050,Software Engineering,FAC005,2026-08-03,19,Monday,1,7,2026-2027,A
4572,STU000011,2023010011,SUB0053,Deep Learning,FAC008,2026-08-03,19,Monday,1,7,2026-2027,P
4573,STU000012,2023010012,SUB0050,Software Engineering,FAC005,2026-08-03,19,Monday,1,7,2026-2027,P
4574,STU000012,2023010012,SUB0053,Deep Learning,FAC008,2026-08-03,19,Monday,1,7,2026-2027,P
4575,STU000013,2023010013,SUB0050,Software Engineering,FAC005,2026-08-03,19,Monday,1,7,2026-2027,P
4576,STU000013,2023010013,SUB0053,Deep Learning,FAC008,2026-08-03,19,Monday,1,7,2026-2027,P
4577,STU000014,2023010014,SUB0050,Software Engineering,FAC005,2026-08-03,19,Monday,1,7,2026-2027,P
4578,STU000014,2023010014,SUB0053,Deep Learning,FAC008,2026-08-03,19,Monday,1,7,2026-2027,P
4579,STU000015,2023010015,SUB0050,Software Engineering,FAC005,2026-08-03,19,Monday,1,7,2026-2027,A
4580,STU000015,2023010015,SUB0053,Deep Learning,FAC008,2026-08-03,19,Monday,1,7,2026-2027,A
4581,STU000016,2023010016,SUB0050,Software Engineering,FAC005,2026-08-03,19,Monday,1,7,2026-2027,P
4582,STU000016,2023010016,SUB0053,Deep Learning,FAC008,2026-08-03,19,Monday,1,7,2026-2027,P
4583,STU000017,2023010017,SUB0050,Software Engineering,FAC005,2026-08-03,19,Monday,1,7,2026-2027,P
4584,STU000017,2023010017,SUB0053,Deep Learning,FAC008,2026-08-03,19,Monday,1,7,2026-2027,P
4585,STU000018,2023010018,SUB0050,Software Engineering,FAC005,2026-08-03,19,Monday,1,7,2026-2027,A
4586,STU000018,2023010018,SUB0053,Deep Learning,FAC008,2026-08-03,19,Monday,1,7,2026-2027,P
4587,STU000019,2023010019,SUB0050,Software Engineering,FAC005,2026-08-03,19,Monday,1,7,2026-2027,P
4588,STU000019,2023010019,SUB0053,Deep Learning,FAC008,2026-08-03,19,Monday,1,7,2026-2027,P
4589,STU000020,2023010020,SUB0050,Software Engineering,FAC005,2026-08-03,19,Monday,1,7,2026-2027,P
4590,STU000020,2023010020,SUB0053,Deep Learning,FAC008,2026-08-03,19,Monday,1,7,2026-2027,P
4591,STU000021,2023010021,SUB0050,Software Engineering,FAC005,2026-08-03,19,Monday,1,7,2026-2027,P
4592,STU000021,2023010021,SUB0053,Deep Learning,FAC008,2026-08-03,19,Monday,1,7,2026-2027,P
4593,STU000022,2023010022,SUB0050,Software Engineering,FAC005,2026-08-03,19,Monday,1,7,2026-2027,P
4594,STU000022,2023010022,SUB0053,Deep Learning,FAC008,2026-08-03,19,Monday,1,7,2026-2027,P
4595,STU000023,2023010023,SUB0050,Software Engineering,FAC005,2026-08-03,19,Monday,1,7,2026-2027,P
4596,STU000023,2023010023,SUB0053,Deep Learning,FAC008,2026-08-03,19,Monday,1,7,2026-2027,P
4597,STU000024,2023010024,SUB0050,Software Engineering,FAC005,2026-08-03,19,Monday,1,7,2026-2027,P
4598,STU000024,2023010024,SUB0053,Deep Learning,FAC008,2026-08-03,19,Monday,1,7,2026-2027,P
4599,STU000025,2023010025,SUB0050,Software Engineering,FAC005,2026-08-03,19,Monday,1,7,2026-2027,P
4600,STU000025,2023010025,SUB0053,Deep Learning,FAC008,2026-08-03,19,Monday,1,7,2026-2027,P
4601,STU000026,2023010026,SUB0050,Software Engineering,FAC005,2026-08-03,19,Monday,1,7,2026-2027,P
4602,STU000026,2023010026,SUB0053,Deep Learning,FAC008,2026-08-03,19,Monday,1,7,2026-2027,A
4603,STU000027,2023010027,SUB0050,Software Engineering,FAC005,2026-08-03,19,Monday,1,7,2026-2027,P
4604,STU000027,2023010027,SUB0053,Deep Learning,FAC008,2026-08-03,19,Monday,1,7,2026-2027,P
4605,STU000028,2023010028,SUB0050,Software Engineering,FAC005,2026-08-03,19,Monday,1,7,2026-2027,P
4606,STU000028,2023010028,SUB0053,Deep Learning,FAC008,2026-08-03,19,Monday,1,7,2026-2027,P
4607,STU000029,2023010029,SUB0050,Software Engineering,FAC005,2026-08-03,19,Monday,1,7,2026-2027,A
4608,STU000029,2023010029,SUB0053,Deep Learning,FAC008,2026-08-03,19,Monday,1,7,2026-2027,P
4609,STU000030,2023010030,SUB0050,Software Engineering,FAC005,2026-08-03,19,Monday,1,7,2026-2027,P
4610,STU000030,2023010030,SUB0053,Deep Learning,FAC008,2026-08-03,19,Monday,1,7,2026-2027,P
4611,STU000031,2023010031,SUB0050,Software Engineering,FAC005,2026-08-03,19,Monday,1,7,2026-2027,P
4612,STU000031,2023010031,SUB0053,Deep Learning,FAC008,2026-08-03,19,Monday,1,7,2026-2027,P
4613,STU000032,2023010032,SUB0050,Software Engineering,FAC005,2026-08-03,19,Monday,1,7,2026-2027,P
4614,STU000032,2023010032,SUB0053,Deep Learning,FAC008,2026-08-03,19,Monday,1,7,2026-2027,P
4615,STU000033,2023010033,SUB0050,Software Engineering,FAC005,2026-08-03,19,Monday,1,7,2026-2027,P
4616,STU000033,2023010033,SUB0053,Deep Learning,FAC008,2026-08-03,19,Monday,1,7,2026-2027,P
4617,STU000034,2023010034,SUB0050,Software Engineering,FAC005,2026-08-03,19,Monday,1,7,2026-2027,P
4618,STU000034,2023010034,SUB0053,Deep Learning,FAC008,2026-08-03,19,Monday,1,7,2026-2027,P
4619,STU000035,2023010035,SUB0050,Software Engineering,FAC005,2026-08-03,19,Monday,1,7,2026-2027,P
4620,STU000035,2023010035,SUB0053,Deep Learning,FAC008,2026-08-03,19,Monday,1,7,2026-2027,P
4621,STU000036,2023010036,SUB0050,Software Engineering,FAC005,2026-08-03,19,Monday,1,7,2026-2027,A
4622,STU000036,2023010036,SUB0053,Deep Learning,FAC008,2026-08-03,19,Monday,1,7,2026-2027,P
4623,STU000037,2023010037,SUB0050,Software Engineering,FAC005,2026-08-03,19,Monday,1,7,2026-2027,P
4624,STU000037,2023010037,SUB0053,Deep Learning,FAC008,2026-08-03,19,Monday,1,7,2026-2027,P
4625,STU000038,2023010038,SUB0050,Software Engineering,FAC005,2026-08-03,19,Monday,1,7,2026-2027,P
4626,STU000038,2023010038,SUB0053,Deep Learning,FAC008,2026-08-03,19,Monday,1,7,2026-2027,P
4627,STU000039,2023010039,SUB0050,Software Engineering,FAC005,2026-08-03,19,Monday,1,7,2026-2027,P
4628,STU000039,2023010039,SUB0053,Deep Learning,FAC008,2026-08-03,19,Monday,1,7,2026-2027,P
4629,STU000040,2023010040,SUB0050,Software Engineering,FAC005,2026-08-03,19,Monday,1,7,2026-2027,P
4630,STU000040,2023010040,SUB0053,Deep Learning,FAC008,2026-08-03,19,Monday,1,7,2026-2027,A
4631,STU000041,2023010041,SUB0050,Software Engineering,FAC005,2026-08-03,19,Monday,1,7,2026-2027,P
4632,STU000041,2023010041,SUB0053,Deep Learning,FAC008,2026-08-03,19,Monday,1,7,2026-2027,P
4633,STU000042,2023010042,SUB0050,Software Engineering,FAC005,2026-08-03,19,Monday,1,7,2026-2027,P
4634,STU000042,2023010042,SUB0053,Deep Learning,FAC008,2026-08-03,19,Monday,1,7,2026-2027,P
4635,STU000043,2023010043,SUB0050,Software Engineering,FAC005,2026-08-03,19,Monday,1,7,2026-2027,A
4636,STU000043,2023010043,SUB0053,Deep Learning,FAC008,2026-08-03,19,Monday,1,7,2026-2027,P
4637,STU000044,2023010044,SUB0050,Software Engineering,FAC005,2026-08-03,19,Monday,1,7,2026-2027,P
4638,STU000044,2023010044,SUB0053,Deep Learning,FAC008,2026-08-03,19,Monday,1,7,2026-2027,P
4639,STU000045,2023010045,SUB0050,Software Engineering,FAC005,2026-08-03,19,Monday,1,7,2026-2027,P
4640,STU000045,2023010045,SUB0053,Deep Learning,FAC008,2026-08-03,19,Monday,1,7,2026-2027,P
4641,STU000046,2023010046,SUB0050,Software Engineering,FAC005,2026-08-03,19,Monday,1,7,2026-2027,P
4642,STU000046,2023010046,SUB0053,Deep Learning,FAC008,2026-08-03,19,Monday,1,7,2026-2027,P
4643,STU000047,2023010047,SUB0050,Software Engineering,FAC005,2026-08-03,19,Monday,1,7,2026-2027,P
4644,STU000047,2023010047,SUB0053,Deep Learning,FAC008,2026-08-03,19,Monday,1,7,2026-2027,P
4645,STU000048,2023010048,SUB0050,Software Engineering,FAC005,2026-08-03,19,Monday,1,7,2026-2027,P
4646,STU000048,2023010048,SUB0053,Deep Learning,FAC008,2026-08-03,19,Monday,1,7,2026-2027,A
4647,STU000049,2023010049,SUB0050,Software Engineering,FAC005,2026-08-03,19,Monday,1,7,2026-2027,P
4648,STU000049,2023010049,SUB0053,Deep Learning,FAC008,2026-08-03,19,Monday,1,7,2026-2027,P
4649,STU000050,2023010050,SUB0050,Software Engineering,FAC005,2026-08-03,19,Monday,1,7,2026-2027,P
4650,STU000050,2023010050,SUB0053,Deep Learning,FAC008,2026-08-03,19,Monday,1,7,2026-2027,P
4651,STU000001,2023010001,SUB0052,"Innovation, Start-up & Entrepreneurship",FAC007,2026-08-04,7,Tuesday,1,7,2026-2027,P
4652,STU000002,2023010002,SUB0052,"Innovation, Start-up & Entrepreneurship",FAC007,2026-08-04,7,Tuesday,1,7,2026-2027,P
4653,STU000003,2023010003,SUB0052,"Innovation, Start-up & Entrepreneurship",FAC007,2026-08-04,7,Tuesday,1,7,2026-2027,P
4654,STU000004,2023010004,SUB0052,"Innovation, Start-up & Entrepreneurship",FAC007,2026-08-04,7,Tuesday,1,7,2026-2027,P
4655,STU000005,2023010005,SUB0052,"Innovation, Start-up & Entrepreneurship",FAC007,2026-08-04,7,Tuesday,1,7,2026-2027,P
4656,STU000006,2023010006,SUB0052,"Innovation, Start-up & Entrepreneurship",FAC007,2026-08-04,7,Tuesday,1,7,2026-2027,P
4657,STU000007,2023010007,SUB0052,"Innovation, Start-up & Entrepreneurship",FAC007,2026-08-04,7,Tuesday,1,7,2026-2027,P
4658,STU000008,2023010008,SUB0052,"Innovation, Start-up & Entrepreneurship",FAC007,2026-08-04,7,Tuesday,1,7,2026-2027,P
4659,STU000009,2023010009,SUB0052,"Innovation, Start-up & Entrepreneurship",FAC007,2026-08-04,7,Tuesday,1,7,2026-2027,P
4660,STU000010,2023010010,SUB0052,"Innovation, Start-up & Entrepreneurship",FAC007,2026-08-04,7,Tuesday,1,7,2026-2027,A
4661,STU000011,2023010011,SUB0052,"Innovation, Start-up & Entrepreneurship",FAC007,2026-08-04,7,Tuesday,1,7,2026-2027,P
4662,STU000012,2023010012,SUB0052,"Innovation, Start-up & Entrepreneurship",FAC007,2026-08-04,7,Tuesday,1,7,2026-2027,P
4663,STU000013,2023010013,SUB0052,"Innovation, Start-up & Entrepreneurship",FAC007,2026-08-04,7,Tuesday,1,7,2026-2027,P
4664,STU000014,2023010014,SUB0052,"Innovation, Start-up & Entrepreneurship",FAC007,2026-08-04,7,Tuesday,1,7,2026-2027,P
4665,STU000015,2023010015,SUB0052,"Innovation, Start-up & Entrepreneurship",FAC007,2026-08-04,7,Tuesday,1,7,2026-2027,P
4666,STU000016,2023010016,SUB0052,"Innovation, Start-up & Entrepreneurship",FAC007,2026-08-04,7,Tuesday,1,7,2026-2027,P
4667,STU000017,2023010017,SUB0052,"Innovation, Start-up & Entrepreneurship",FAC007,2026-08-04,7,Tuesday,1,7,2026-2027,P
4668,STU000018,2023010018,SUB0052,"Innovation, Start-up & Entrepreneurship",FAC007,2026-08-04,7,Tuesday,1,7,2026-2027,A
4669,STU000019,2023010019,SUB0052,"Innovation, Start-up & Entrepreneurship",FAC007,2026-08-04,7,Tuesday,1,7,2026-2027,P
4670,STU000020,2023010020,SUB0052,"Innovation, Start-up & Entrepreneurship",FAC007,2026-08-04,7,Tuesday,1,7,2026-2027,P
4671,STU000021,2023010021,SUB0052,"Innovation, Start-up & Entrepreneurship",FAC007,2026-08-04,7,Tuesday,1,7,2026-2027,P
4672,STU000022,2023010022,SUB0052,"Innovation, Start-up & Entrepreneurship",FAC007,2026-08-04,7,Tuesday,1,7,2026-2027,P
4673,STU000023,2023010023,SUB0052,"Innovation, Start-up & Entrepreneurship",FAC007,2026-08-04,7,Tuesday,1,7,2026-2027,P
4674,STU000024,2023010024,SUB0052,"Innovation, Start-up & Entrepreneurship",FAC007,2026-08-04,7,Tuesday,1,7,2026-2027,P
4675,STU000025,2023010025,SUB0052,"Innovation, Start-up & Entrepreneurship",FAC007,2026-08-04,7,Tuesday,1,7,2026-2027,P
4676,STU000026,2023010026,SUB0052,"Innovation, Start-up & Entrepreneurship",FAC007,2026-08-04,7,Tuesday,1,7,2026-2027,A
4677,STU000027,2023010027,SUB0052,"Innovation, Start-up & Entrepreneurship",FAC007,2026-08-04,7,Tuesday,1,7,2026-2027,P
4678,STU000028,2023010028,SUB0052,"Innovation, Start-up & Entrepreneurship",FAC007,2026-08-04,7,Tuesday,1,7,2026-2027,P
4679,STU000029,2023010029,SUB0052,"Innovation, Start-up & Entrepreneurship",FAC007,2026-08-04,7,Tuesday,1,7,2026-2027,P
4680,STU000030,2023010030,SUB0052,"Innovation, Start-up & Entrepreneurship",FAC007,2026-08-04,7,Tuesday,1,7,2026-2027,P
4681,STU000031,2023010031,SUB0052,"Innovation, Start-up & Entrepreneurship",FAC007,2026-08-04,7,Tuesday,1,7,2026-2027,P
4682,STU000032,2023010032,SUB0052,"Innovation, Start-up & Entrepreneurship",FAC007,2026-08-04,7,Tuesday,1,7,2026-2027,P
4683,STU000033,2023010033,SUB0052,"Innovation, Start-up & Entrepreneurship",FAC007,2026-08-04,7,Tuesday,1,7,2026-2027,P
4684,STU000034,2023010034,SUB0052,"Innovation, Start-up & Entrepreneurship",FAC007,2026-08-04,7,Tuesday,1,7,2026-2027,A
4685,STU000035,2023010035,SUB0052,"Innovation, Start-up & Entrepreneurship",FAC007,2026-08-04,7,Tuesday,1,7,2026-2027,P
4686,STU000036,2023010036,SUB0052,"Innovation, Start-up & Entrepreneurship",FAC007,2026-08-04,7,Tuesday,1,7,2026-2027,P
4687,STU000037,2023010037,SUB0052,"Innovation, Start-up & Entrepreneurship",FAC007,2026-08-04,7,Tuesday,1,7,2026-2027,P
4688,STU000038,2023010038,SUB0052,"Innovation, Start-up & Entrepreneurship",FAC007,2026-08-04,7,Tuesday,1,7,2026-2027,P
4689,STU000039,2023010039,SUB0052,"Innovation, Start-up & Entrepreneurship",FAC007,2026-08-04,7,Tuesday,1,7,2026-2027,P
4690,STU000040,2023010040,SUB0052,"Innovation, Start-up & Entrepreneurship",FAC007,2026-08-04,7,Tuesday,1,7,2026-2027,P
4691,STU000041,2023010041,SUB0052,"Innovation, Start-up & Entrepreneurship",FAC007,2026-08-04,7,Tuesday,1,7,2026-2027,P
4692,STU000042,2023010042,SUB0052,"Innovation, Start-up & Entrepreneurship",FAC007,2026-08-04,7,Tuesday,1,7,2026-2027,P
4693,STU000043,2023010043,SUB0052,"Innovation, Start-up & Entrepreneurship",FAC007,2026-08-04,7,Tuesday,1,7,2026-2027,P
4694,STU000044,2023010044,SUB0052,"Innovation, Start-up & Entrepreneurship",FAC007,2026-08-04,7,Tuesday,1,7,2026-2027,P
4695,STU000045,2023010045,SUB0052,"Innovation, Start-up & Entrepreneurship",FAC007,2026-08-04,7,Tuesday,1,7,2026-2027,P
4696,STU000046,2023010046,SUB0052,"Innovation, Start-up & Entrepreneurship",FAC007,2026-08-04,7,Tuesday,1,7,2026-2027,P
4697,STU000047,2023010047,SUB0052,"Innovation, Start-up & Entrepreneurship",FAC007,2026-08-04,7,Tuesday,1,7,2026-2027,P
4698,STU000048,2023010048,SUB0052,"Innovation, Start-up & Entrepreneurship",FAC007,2026-08-04,7,Tuesday,1,7,2026-2027,P
4699,STU000049,2023010049,SUB0052,"Innovation, Start-up & Entrepreneurship",FAC007,2026-08-04,7,Tuesday,1,7,2026-2027,P
4700,STU000050,2023010050,SUB0052,"Innovation, Start-up & Entrepreneurship",FAC007,2026-08-04,7,Tuesday,1,7,2026-2027,A
4701,STU000001,2023010001,SUB0054,Natural Language Processing,FAC009,2026-08-04,13,Tuesday,1,7,2026-2027,P
4702,STU000002,2023010002,SUB0054,Natural Language Processing,FAC009,2026-08-04,13,Tuesday,1,7,2026-2027,P
4703,STU000003,2023010003,SUB0054,Natural Language Processing,FAC009,2026-08-04,13,Tuesday,1,7,2026-2027,P
4704,STU000004,2023010004,SUB0054,Natural Language Processing,FAC009,2026-08-04,13,Tuesday,1,7,2026-2027,P
4705,STU000005,2023010005,SUB0054,Natural Language Processing,FAC009,2026-08-04,13,Tuesday,1,7,2026-2027,P
4706,STU000006,2023010006,SUB0054,Natural Language Processing,FAC009,2026-08-04,13,Tuesday,1,7,2026-2027,A
4707,STU000007,2023010007,SUB0054,Natural Language Processing,FAC009,2026-08-04,13,Tuesday,1,7,2026-2027,P
4708,STU000008,2023010008,SUB0054,Natural Language Processing,FAC009,2026-08-04,13,Tuesday,1,7,2026-2027,A
4709,STU000009,2023010009,SUB0054,Natural Language Processing,FAC009,2026-08-04,13,Tuesday,1,7,2026-2027,P
4710,STU000010,2023010010,SUB0054,Natural Language Processing,FAC009,2026-08-04,13,Tuesday,1,7,2026-2027,P
4711,STU000011,2023010011,SUB0054,Natural Language Processing,FAC009,2026-08-04,13,Tuesday,1,7,2026-2027,P
4712,STU000012,2023010012,SUB0054,Natural Language Processing,FAC009,2026-08-04,13,Tuesday,1,7,2026-2027,P
4713,STU000013,2023010013,SUB0054,Natural Language Processing,FAC009,2026-08-04,13,Tuesday,1,7,2026-2027,P
4714,STU000014,2023010014,SUB0054,Natural Language Processing,FAC009,2026-08-04,13,Tuesday,1,7,2026-2027,P
4715,STU000015,2023010015,SUB0054,Natural Language Processing,FAC009,2026-08-04,13,Tuesday,1,7,2026-2027,A
4716,STU000016,2023010016,SUB0054,Natural Language Processing,FAC009,2026-08-04,13,Tuesday,1,7,2026-2027,P
4717,STU000017,2023010017,SUB0054,Natural Language Processing,FAC009,2026-08-04,13,Tuesday,1,7,2026-2027,P
4718,STU000018,2023010018,SUB0054,Natural Language Processing,FAC009,2026-08-04,13,Tuesday,1,7,2026-2027,P
4719,STU000019,2023010019,SUB0054,Natural Language Processing,FAC009,2026-08-04,13,Tuesday,1,7,2026-2027,P
4720,STU000020,2023010020,SUB0054,Natural Language Processing,FAC009,2026-08-04,13,Tuesday,1,7,2026-2027,P
4721,STU000021,2023010021,SUB0054,Natural Language Processing,FAC009,2026-08-04,13,Tuesday,1,7,2026-2027,P
4722,STU000022,2023010022,SUB0054,Natural Language Processing,FAC009,2026-08-04,13,Tuesday,1,7,2026-2027,A
4723,STU000023,2023010023,SUB0054,Natural Language Processing,FAC009,2026-08-04,13,Tuesday,1,7,2026-2027,P
4724,STU000024,2023010024,SUB0054,Natural Language Processing,FAC009,2026-08-04,13,Tuesday,1,7,2026-2027,P
4725,STU000025,2023010025,SUB0054,Natural Language Processing,FAC009,2026-08-04,13,Tuesday,1,7,2026-2027,P
4726,STU000026,2023010026,SUB0054,Natural Language Processing,FAC009,2026-08-04,13,Tuesday,1,7,2026-2027,P
4727,STU000027,2023010027,SUB0054,Natural Language Processing,FAC009,2026-08-04,13,Tuesday,1,7,2026-2027,P
4728,STU000028,2023010028,SUB0054,Natural Language Processing,FAC009,2026-08-04,13,Tuesday,1,7,2026-2027,P
4729,STU000029,2023010029,SUB0054,Natural Language Processing,FAC009,2026-08-04,13,Tuesday,1,7,2026-2027,P
4730,STU000030,2023010030,SUB0054,Natural Language Processing,FAC009,2026-08-04,13,Tuesday,1,7,2026-2027,P
4731,STU000031,2023010031,SUB0054,Natural Language Processing,FAC009,2026-08-04,13,Tuesday,1,7,2026-2027,A
4732,STU000032,2023010032,SUB0054,Natural Language Processing,FAC009,2026-08-04,13,Tuesday,1,7,2026-2027,P
4733,STU000033,2023010033,SUB0054,Natural Language Processing,FAC009,2026-08-04,13,Tuesday,1,7,2026-2027,P
4734,STU000034,2023010034,SUB0054,Natural Language Processing,FAC009,2026-08-04,13,Tuesday,1,7,2026-2027,P
4735,STU000035,2023010035,SUB0054,Natural Language Processing,FAC009,2026-08-04,13,Tuesday,1,7,2026-2027,P
4736,STU000036,2023010036,SUB0054,Natural Language Processing,FAC009,2026-08-04,13,Tuesday,1,7,2026-2027,P
4737,STU000037,2023010037,SUB0054,Natural Language Processing,FAC009,2026-08-04,13,Tuesday,1,7,2026-2027,P
4738,STU000038,2023010038,SUB0054,Natural Language Processing,FAC009,2026-08-04,13,Tuesday,1,7,2026-2027,A
4739,STU000039,2023010039,SUB0054,Natural Language Processing,FAC009,2026-08-04,13,Tuesday,1,7,2026-2027,P
4740,STU000040,2023010040,SUB0054,Natural Language Processing,FAC009,2026-08-04,13,Tuesday,1,7,2026-2027,P
4741,STU000041,2023010041,SUB0054,Natural Language Processing,FAC009,2026-08-04,13,Tuesday,1,7,2026-2027,P
4742,STU000042,2023010042,SUB0054,Natural Language Processing,FAC009,2026-08-04,13,Tuesday,1,7,2026-2027,P
4743,STU000043,2023010043,SUB0054,Natural Language Processing,FAC009,2026-08-04,13,Tuesday,1,7,2026-2027,P
4744,STU000044,2023010044,SUB0054,Natural Language Processing,FAC009,2026-08-04,13,Tuesday,1,7,2026-2027,P
4745,STU000045,2023010045,SUB0054,Natural Language Processing,FAC009,2026-08-04,13,Tuesday,1,7,2026-2027,P
4746,STU000046,2023010046,SUB0054,Natural Language Processing,FAC009,2026-08-04,13,Tuesday,1,7,2026-2027,P
4747,STU000047,2023010047,SUB0054,Natural Language Processing,FAC009,2026-08-04,13,Tuesday,1,7,2026-2027,A
4748,STU000048,2023010048,SUB0054,Natural Language Processing,FAC009,2026-08-04,13,Tuesday,1,7,2026-2027,P
4749,STU000049,2023010049,SUB0054,Natural Language Processing,FAC009,2026-08-04,13,Tuesday,1,7,2026-2027,A
4750,STU000050,2023010050,SUB0054,Natural Language Processing,FAC009,2026-08-04,13,Tuesday,1,7,2026-2027,P
4751,STU000001,2023010001,SUB0053,Deep Learning,FAC008,2026-08-04,20,Tuesday,1,7,2026-2027,P
4752,STU000002,2023010002,SUB0053,Deep Learning,FAC008,2026-08-04,20,Tuesday,1,7,2026-2027,P
4753,STU000003,2023010003,SUB0053,Deep Learning,FAC008,2026-08-04,20,Tuesday,1,7,2026-2027,P
4754,STU000004,2023010004,SUB0053,Deep Learning,FAC008,2026-08-04,20,Tuesday,1,7,2026-2027,P
4755,STU000005,2023010005,SUB0053,Deep Learning,FAC008,2026-08-04,20,Tuesday,1,7,2026-2027,P
4756,STU000006,2023010006,SUB0053,Deep Learning,FAC008,2026-08-04,20,Tuesday,1,7,2026-2027,P
4757,STU000007,2023010007,SUB0053,Deep Learning,FAC008,2026-08-04,20,Tuesday,1,7,2026-2027,P
4758,STU000008,2023010008,SUB0053,Deep Learning,FAC008,2026-08-04,20,Tuesday,1,7,2026-2027,P
4759,STU000009,2023010009,SUB0053,Deep Learning,FAC008,2026-08-04,20,Tuesday,1,7,2026-2027,P
4760,STU000010,2023010010,SUB0053,Deep Learning,FAC008,2026-08-04,20,Tuesday,1,7,2026-2027,P
4761,STU000011,2023010011,SUB0053,Deep Learning,FAC008,2026-08-04,20,Tuesday,1,7,2026-2027,P
4762,STU000012,2023010012,SUB0053,Deep Learning,FAC008,2026-08-04,20,Tuesday,1,7,2026-2027,P
4763,STU000013,2023010013,SUB0053,Deep Learning,FAC008,2026-08-04,20,Tuesday,1,7,2026-2027,P
4764,STU000014,2023010014,SUB0053,Deep Learning,FAC008,2026-08-04,20,Tuesday,1,7,2026-2027,P
4765,STU000015,2023010015,SUB0053,Deep Learning,FAC008,2026-08-04,20,Tuesday,1,7,2026-2027,P
4766,STU000016,2023010016,SUB0053,Deep Learning,FAC008,2026-08-04,20,Tuesday,1,7,2026-2027,A
4767,STU000017,2023010017,SUB0053,Deep Learning,FAC008,2026-08-04,20,Tuesday,1,7,2026-2027,P
4768,STU000018,2023010018,SUB0053,Deep Learning,FAC008,2026-08-04,20,Tuesday,1,7,2026-2027,P
4769,STU000019,2023010019,SUB0053,Deep Learning,FAC008,2026-08-04,20,Tuesday,1,7,2026-2027,P
4770,STU000020,2023010020,SUB0053,Deep Learning,FAC008,2026-08-04,20,Tuesday,1,7,2026-2027,P
4771,STU000021,2023010021,SUB0053,Deep Learning,FAC008,2026-08-04,20,Tuesday,1,7,2026-2027,P
4772,STU000022,2023010022,SUB0053,Deep Learning,FAC008,2026-08-04,20,Tuesday,1,7,2026-2027,P
4773,STU000023,2023010023,SUB0053,Deep Learning,FAC008,2026-08-04,20,Tuesday,1,7,2026-2027,P
4774,STU000024,2023010024,SUB0053,Deep Learning,FAC008,2026-08-04,20,Tuesday,1,7,2026-2027,P
4775,STU000025,2023010025,SUB0053,Deep Learning,FAC008,2026-08-04,20,Tuesday,1,7,2026-2027,P
4776,STU000026,2023010026,SUB0053,Deep Learning,FAC008,2026-08-04,20,Tuesday,1,7,2026-2027,P
4777,STU000027,2023010027,SUB0053,Deep Learning,FAC008,2026-08-04,20,Tuesday,1,7,2026-2027,A
4778,STU000028,2023010028,SUB0053,Deep Learning,FAC008,2026-08-04,20,Tuesday,1,7,2026-2027,P
4779,STU000029,2023010029,SUB0053,Deep Learning,FAC008,2026-08-04,20,Tuesday,1,7,2026-2027,P
4780,STU000030,2023010030,SUB0053,Deep Learning,FAC008,2026-08-04,20,Tuesday,1,7,2026-2027,P
4781,STU000031,2023010031,SUB0053,Deep Learning,FAC008,2026-08-04,20,Tuesday,1,7,2026-2027,P
4782,STU000032,2023010032,SUB0053,Deep Learning,FAC008,2026-08-04,20,Tuesday,1,7,2026-2027,P
4783,STU000033,2023010033,SUB0053,Deep Learning,FAC008,2026-08-04,20,Tuesday,1,7,2026-2027,P
4784,STU000034,2023010034,SUB0053,Deep Learning,FAC008,2026-08-04,20,Tuesday,1,7,2026-2027,A
4785,STU000035,2023010035,SUB0053,Deep Learning,FAC008,2026-08-04,20,Tuesday,1,7,2026-2027,P
4786,STU000036,2023010036,SUB0053,Deep Learning,FAC008,2026-08-04,20,Tuesday,1,7,2026-2027,P
4787,STU000037,2023010037,SUB0053,Deep Learning,FAC008,2026-08-04,20,Tuesday,1,7,2026-2027,P
4788,STU000038,2023010038,SUB0053,Deep Learning,FAC008,2026-08-04,20,Tuesday,1,7,2026-2027,P
4789,STU000039,2023010039,SUB0053,Deep Learning,FAC008,2026-08-04,20,Tuesday,1,7,2026-2027,P
4790,STU000040,2023010040,SUB0053,Deep Learning,FAC008,2026-08-04,20,Tuesday,1,7,2026-2027,P
4791,STU000041,2023010041,SUB0053,Deep Learning,FAC008,2026-08-04,20,Tuesday,1,7,2026-2027,P
4792,STU000042,2023010042,SUB0053,Deep Learning,FAC008,2026-08-04,20,Tuesday,1,7,2026-2027,P
4793,STU000043,2023010043,SUB0053,Deep Learning,FAC008,2026-08-04,20,Tuesday,1,7,2026-2027,P
4794,STU000044,2023010044,SUB0053,Deep Learning,FAC008,2026-08-04,20,Tuesday,1,7,2026-2027,P
4795,STU000045,2023010045,SUB0053,Deep Learning,FAC008,2026-08-04,20,Tuesday,1,7,2026-2027,P
4796,STU000046,2023010046,SUB0053,Deep Learning,FAC008,2026-08-04,20,Tuesday,1,7,2026-2027,P
4797,STU000047,2023010047,SUB0053,Deep Learning,FAC008,2026-08-04,20,Tuesday,1,7,2026-2027,P
4798,STU000048,2023010048,SUB0053,Deep Learning,FAC008,2026-08-04,20,Tuesday,1,7,2026-2027,P
4799,STU000049,2023010049,SUB0053,Deep Learning,FAC008,2026-08-04,20,Tuesday,1,7,2026-2027,A
4800,STU000050,2023010050,SUB0053,Deep Learning,FAC008,2026-08-04,20,Tuesday,1,7,2026-2027,P
4801,STU000001,2023010001,SUB0051,Human Computer Interaction,FAC006,2026-08-05,14,Wednesday,1,7,2026-2027,P
4802,STU000001,2023010001,SUB0054,Natural Language Processing,FAC009,2026-08-05,14,Wednesday,1,7,2026-2027,P
4803,STU000002,2023010002,SUB0051,Human Computer Interaction,FAC006,2026-08-05,14,Wednesday,1,7,2026-2027,P
4804,STU000002,2023010002,SUB0054,Natural Language Processing,FAC009,2026-08-05,14,Wednesday,1,7,2026-2027,P
4805,STU000003,2023010003,SUB0051,Human Computer Interaction,FAC006,2026-08-05,14,Wednesday,1,7,2026-2027,P
4806,STU000003,2023010003,SUB0054,Natural Language Processing,FAC009,2026-08-05,14,Wednesday,1,7,2026-2027,P
4807,STU000004,2023010004,SUB0051,Human Computer Interaction,FAC006,2026-08-05,14,Wednesday,1,7,2026-2027,P
4808,STU000004,2023010004,SUB0054,Natural Language Processing,FAC009,2026-08-05,14,Wednesday,1,7,2026-2027,P
4809,STU000005,2023010005,SUB0051,Human Computer Interaction,FAC006,2026-08-05,14,Wednesday,1,7,2026-2027,P
4810,STU000005,2023010005,SUB0054,Natural Language Processing,FAC009,2026-08-05,14,Wednesday,1,7,2026-2027,P
4811,STU000006,2023010006,SUB0051,Human Computer Interaction,FAC006,2026-08-05,14,Wednesday,1,7,2026-2027,P
4812,STU000006,2023010006,SUB0054,Natural Language Processing,FAC009,2026-08-05,14,Wednesday,1,7,2026-2027,P
4813,STU000007,2023010007,SUB0051,Human Computer Interaction,FAC006,2026-08-05,14,Wednesday,1,7,2026-2027,P
4814,STU000007,2023010007,SUB0054,Natural Language Processing,FAC009,2026-08-05,14,Wednesday,1,7,2026-2027,A
4815,STU000008,2023010008,SUB0051,Human Computer Interaction,FAC006,2026-08-05,14,Wednesday,1,7,2026-2027,P
4816,STU000008,2023010008,SUB0054,Natural Language Processing,FAC009,2026-08-05,14,Wednesday,1,7,2026-2027,P
4817,STU000009,2023010009,SUB0051,Human Computer Interaction,FAC006,2026-08-05,14,Wednesday,1,7,2026-2027,A
4818,STU000009,2023010009,SUB0054,Natural Language Processing,FAC009,2026-08-05,14,Wednesday,1,7,2026-2027,P
4819,STU000010,2023010010,SUB0051,Human Computer Interaction,FAC006,2026-08-05,14,Wednesday,1,7,2026-2027,P
4820,STU000010,2023010010,SUB0054,Natural Language Processing,FAC009,2026-08-05,14,Wednesday,1,7,2026-2027,P
4821,STU000011,2023010011,SUB0051,Human Computer Interaction,FAC006,2026-08-05,14,Wednesday,1,7,2026-2027,P
4822,STU000011,2023010011,SUB0054,Natural Language Processing,FAC009,2026-08-05,14,Wednesday,1,7,2026-2027,P
4823,STU000012,2023010012,SUB0051,Human Computer Interaction,FAC006,2026-08-05,14,Wednesday,1,7,2026-2027,P
4824,STU000012,2023010012,SUB0054,Natural Language Processing,FAC009,2026-08-05,14,Wednesday,1,7,2026-2027,P
4825,STU000013,2023010013,SUB0051,Human Computer Interaction,FAC006,2026-08-05,14,Wednesday,1,7,2026-2027,P
4826,STU000013,2023010013,SUB0054,Natural Language Processing,FAC009,2026-08-05,14,Wednesday,1,7,2026-2027,P
4827,STU000014,2023010014,SUB0051,Human Computer Interaction,FAC006,2026-08-05,14,Wednesday,1,7,2026-2027,P
4828,STU000014,2023010014,SUB0054,Natural Language Processing,FAC009,2026-08-05,14,Wednesday,1,7,2026-2027,P
4829,STU000015,2023010015,SUB0051,Human Computer Interaction,FAC006,2026-08-05,14,Wednesday,1,7,2026-2027,P
4830,STU000015,2023010015,SUB0054,Natural Language Processing,FAC009,2026-08-05,14,Wednesday,1,7,2026-2027,P
4831,STU000016,2023010016,SUB0051,Human Computer Interaction,FAC006,2026-08-05,14,Wednesday,1,7,2026-2027,P
4832,STU000016,2023010016,SUB0054,Natural Language Processing,FAC009,2026-08-05,14,Wednesday,1,7,2026-2027,A
4833,STU000017,2023010017,SUB0051,Human Computer Interaction,FAC006,2026-08-05,14,Wednesday,1,7,2026-2027,P
4834,STU000017,2023010017,SUB0054,Natural Language Processing,FAC009,2026-08-05,14,Wednesday,1,7,2026-2027,P
4835,STU000018,2023010018,SUB0051,Human Computer Interaction,FAC006,2026-08-05,14,Wednesday,1,7,2026-2027,P
4836,STU000018,2023010018,SUB0054,Natural Language Processing,FAC009,2026-08-05,14,Wednesday,1,7,2026-2027,P
4837,STU000019,2023010019,SUB0051,Human Computer Interaction,FAC006,2026-08-05,14,Wednesday,1,7,2026-2027,A
4838,STU000019,2023010019,SUB0054,Natural Language Processing,FAC009,2026-08-05,14,Wednesday,1,7,2026-2027,P
4839,STU000020,2023010020,SUB0051,Human Computer Interaction,FAC006,2026-08-05,14,Wednesday,1,7,2026-2027,P
4840,STU000020,2023010020,SUB0054,Natural Language Processing,FAC009,2026-08-05,14,Wednesday,1,7,2026-2027,P
4841,STU000021,2023010021,SUB0051,Human Computer Interaction,FAC006,2026-08-05,14,Wednesday,1,7,2026-2027,P
4842,STU000021,2023010021,SUB0054,Natural Language Processing,FAC009,2026-08-05,14,Wednesday,1,7,2026-2027,P
4843,STU000022,2023010022,SUB0051,Human Computer Interaction,FAC006,2026-08-05,14,Wednesday,1,7,2026-2027,P
4844,STU000022,2023010022,SUB0054,Natural Language Processing,FAC009,2026-08-05,14,Wednesday,1,7,2026-2027,P
4845,STU000023,2023010023,SUB0051,Human Computer Interaction,FAC006,2026-08-05,14,Wednesday,1,7,2026-2027,P
4846,STU000023,2023010023,SUB0054,Natural Language Processing,FAC009,2026-08-05,14,Wednesday,1,7,2026-2027,A
4847,STU000024,2023010024,SUB0051,Human Computer Interaction,FAC006,2026-08-05,14,Wednesday,1,7,2026-2027,P
4848,STU000024,2023010024,SUB0054,Natural Language Processing,FAC009,2026-08-05,14,Wednesday,1,7,2026-2027,P
4849,STU000025,2023010025,SUB0051,Human Computer Interaction,FAC006,2026-08-05,14,Wednesday,1,7,2026-2027,P
4850,STU000025,2023010025,SUB0054,Natural Language Processing,FAC009,2026-08-05,14,Wednesday,1,7,2026-2027,P
4851,STU000026,2023010026,SUB0051,Human Computer Interaction,FAC006,2026-08-05,14,Wednesday,1,7,2026-2027,A
4852,STU000026,2023010026,SUB0054,Natural Language Processing,FAC009,2026-08-05,14,Wednesday,1,7,2026-2027,P
4853,STU000027,2023010027,SUB0051,Human Computer Interaction,FAC006,2026-08-05,14,Wednesday,1,7,2026-2027,P
4854,STU000027,2023010027,SUB0054,Natural Language Processing,FAC009,2026-08-05,14,Wednesday,1,7,2026-2027,P
4855,STU000028,2023010028,SUB0051,Human Computer Interaction,FAC006,2026-08-05,14,Wednesday,1,7,2026-2027,P
4856,STU000028,2023010028,SUB0054,Natural Language Processing,FAC009,2026-08-05,14,Wednesday,1,7,2026-2027,P
4857,STU000029,2023010029,SUB0051,Human Computer Interaction,FAC006,2026-08-05,14,Wednesday,1,7,2026-2027,P
4858,STU000029,2023010029,SUB0054,Natural Language Processing,FAC009,2026-08-05,14,Wednesday,1,7,2026-2027,P
4859,STU000030,2023010030,SUB0051,Human Computer Interaction,FAC006,2026-08-05,14,Wednesday,1,7,2026-2027,P
4860,STU000030,2023010030,SUB0054,Natural Language Processing,FAC009,2026-08-05,14,Wednesday,1,7,2026-2027,P
4861,STU000031,2023010031,SUB0051,Human Computer Interaction,FAC006,2026-08-05,14,Wednesday,1,7,2026-2027,P
4862,STU000031,2023010031,SUB0054,Natural Language Processing,FAC009,2026-08-05,14,Wednesday,1,7,2026-2027,P
4863,STU000032,2023010032,SUB0051,Human Computer Interaction,FAC006,2026-08-05,14,Wednesday,1,7,2026-2027,P
4864,STU000032,2023010032,SUB0054,Natural Language Processing,FAC009,2026-08-05,14,Wednesday,1,7,2026-2027,P
4865,STU000033,2023010033,SUB0051,Human Computer Interaction,FAC006,2026-08-05,14,Wednesday,1,7,2026-2027,P
4866,STU000033,2023010033,SUB0054,Natural Language Processing,FAC009,2026-08-05,14,Wednesday,1,7,2026-2027,P
4867,STU000034,2023010034,SUB0051,Human Computer Interaction,FAC006,2026-08-05,14,Wednesday,1,7,2026-2027,P
4868,STU000034,2023010034,SUB0054,Natural Language Processing,FAC009,2026-08-05,14,Wednesday,1,7,2026-2027,P
4869,STU000035,2023010035,SUB0051,Human Computer Interaction,FAC006,2026-08-05,14,Wednesday,1,7,2026-2027,P
4870,STU000035,2023010035,SUB0054,Natural Language Processing,FAC009,2026-08-05,14,Wednesday,1,7,2026-2027,P
4871,STU000036,2023010036,SUB0051,Human Computer Interaction,FAC006,2026-08-05,14,Wednesday,1,7,2026-2027,A
4872,STU000036,2023010036,SUB0054,Natural Language Processing,FAC009,2026-08-05,14,Wednesday,1,7,2026-2027,P
4873,STU000037,2023010037,SUB0051,Human Computer Interaction,FAC006,2026-08-05,14,Wednesday,1,7,2026-2027,P
4874,STU000037,2023010037,SUB0054,Natural Language Processing,FAC009,2026-08-05,14,Wednesday,1,7,2026-2027,P
4875,STU000038,2023010038,SUB0051,Human Computer Interaction,FAC006,2026-08-05,14,Wednesday,1,7,2026-2027,P
4876,STU000038,2023010038,SUB0054,Natural Language Processing,FAC009,2026-08-05,14,Wednesday,1,7,2026-2027,P
4877,STU000039,2023010039,SUB0051,Human Computer Interaction,FAC006,2026-08-05,14,Wednesday,1,7,2026-2027,P
4878,STU000039,2023010039,SUB0054,Natural Language Processing,FAC009,2026-08-05,14,Wednesday,1,7,2026-2027,A
4879,STU000040,2023010040,SUB0051,Human Computer Interaction,FAC006,2026-08-05,14,Wednesday,1,7,2026-2027,P
4880,STU000040,2023010040,SUB0054,Natural Language Processing,FAC009,2026-08-05,14,Wednesday,1,7,2026-2027,P
4881,STU000041,2023010041,SUB0051,Human Computer Interaction,FAC006,2026-08-05,14,Wednesday,1,7,2026-2027,P
4882,STU000041,2023010041,SUB0054,Natural Language Processing,FAC009,2026-08-05,14,Wednesday,1,7,2026-2027,P
4883,STU000042,2023010042,SUB0051,Human Computer Interaction,FAC006,2026-08-05,14,Wednesday,1,7,2026-2027,P
4884,STU000042,2023010042,SUB0054,Natural Language Processing,FAC009,2026-08-05,14,Wednesday,1,7,2026-2027,P
4885,STU000043,2023010043,SUB0051,Human Computer Interaction,FAC006,2026-08-05,14,Wednesday,1,7,2026-2027,A
4886,STU000043,2023010043,SUB0054,Natural Language Processing,FAC009,2026-08-05,14,Wednesday,1,7,2026-2027,P
4887,STU000044,2023010044,SUB0051,Human Computer Interaction,FAC006,2026-08-05,14,Wednesday,1,7,2026-2027,P
4888,STU000044,2023010044,SUB0054,Natural Language Processing,FAC009,2026-08-05,14,Wednesday,1,7,2026-2027,P
4889,STU000045,2023010045,SUB0051,Human Computer Interaction,FAC006,2026-08-05,14,Wednesday,1,7,2026-2027,P
4890,STU000045,2023010045,SUB0054,Natural Language Processing,FAC009,2026-08-05,14,Wednesday,1,7,2026-2027,P
4891,STU000046,2023010046,SUB0051,Human Computer Interaction,FAC006,2026-08-05,14,Wednesday,1,7,2026-2027,P
4892,STU000046,2023010046,SUB0054,Natural Language Processing,FAC009,2026-08-05,14,Wednesday,1,7,2026-2027,P
4893,STU000047,2023010047,SUB0051,Human Computer Interaction,FAC006,2026-08-05,14,Wednesday,1,7,2026-2027,P
4894,STU000047,2023010047,SUB0054,Natural Language Processing,FAC009,2026-08-05,14,Wednesday,1,7,2026-2027,P
4895,STU000048,2023010048,SUB0051,Human Computer Interaction,FAC006,2026-08-05,14,Wednesday,1,7,2026-2027,P
4896,STU000048,2023010048,SUB0054,Natural Language Processing,FAC009,2026-08-05,14,Wednesday,1,7,2026-2027,A
4897,STU000049,2023010049,SUB0051,Human Computer Interaction,FAC006,2026-08-05,14,Wednesday,1,7,2026-2027,P
4898,STU000049,2023010049,SUB0054,Natural Language Processing,FAC009,2026-08-05,14,Wednesday,1,7,2026-2027,P
4899,STU000050,2023010050,SUB0051,Human Computer Interaction,FAC006,2026-08-05,14,Wednesday,1,7,2026-2027,P
4900,STU000050,2023010050,SUB0054,Natural Language Processing,FAC009,2026-08-05,14,Wednesday,1,7,2026-2027,A
4901,STU000001,2023010001,SUB0050,Software Engineering,FAC005,2026-08-05,20,Wednesday,1,7,2026-2027,P
4902,STU000002,2023010002,SUB0050,Software Engineering,FAC005,2026-08-05,20,Wednesday,1,7,2026-2027,P
4903,STU000003,2023010003,SUB0050,Software Engineering,FAC005,2026-08-05,20,Wednesday,1,7,2026-2027,P
4904,STU000004,2023010004,SUB0050,Software Engineering,FAC005,2026-08-05,20,Wednesday,1,7,2026-2027,P
4905,STU000005,2023010005,SUB0050,Software Engineering,FAC005,2026-08-05,20,Wednesday,1,7,2026-2027,A
4906,STU000006,2023010006,SUB0050,Software Engineering,FAC005,2026-08-05,20,Wednesday,1,7,2026-2027,P
4907,STU000007,2023010007,SUB0050,Software Engineering,FAC005,2026-08-05,20,Wednesday,1,7,2026-2027,P
4908,STU000008,2023010008,SUB0050,Software Engineering,FAC005,2026-08-05,20,Wednesday,1,7,2026-2027,P
4909,STU000009,2023010009,SUB0050,Software Engineering,FAC005,2026-08-05,20,Wednesday,1,7,2026-2027,P
4910,STU000010,2023010010,SUB0050,Software Engineering,FAC005,2026-08-05,20,Wednesday,1,7,2026-2027,P
4911,STU000011,2023010011,SUB0050,Software Engineering,FAC005,2026-08-05,20,Wednesday,1,7,2026-2027,P
4912,STU000012,2023010012,SUB0050,Software Engineering,FAC005,2026-08-05,20,Wednesday,1,7,2026-2027,A
4913,STU000013,2023010013,SUB0050,Software Engineering,FAC005,2026-08-05,20,Wednesday,1,7,2026-2027,P
4914,STU000014,2023010014,SUB0050,Software Engineering,FAC005,2026-08-05,20,Wednesday,1,7,2026-2027,P
4915,STU000015,2023010015,SUB0050,Software Engineering,FAC005,2026-08-05,20,Wednesday,1,7,2026-2027,P
4916,STU000016,2023010016,SUB0050,Software Engineering,FAC005,2026-08-05,20,Wednesday,1,7,2026-2027,P
4917,STU000017,2023010017,SUB0050,Software Engineering,FAC005,2026-08-05,20,Wednesday,1,7,2026-2027,P
4918,STU000018,2023010018,SUB0050,Software Engineering,FAC005,2026-08-05,20,Wednesday,1,7,2026-2027,P
4919,STU000019,2023010019,SUB0050,Software Engineering,FAC005,2026-08-05,20,Wednesday,1,7,2026-2027,A
4920,STU000020,2023010020,SUB0050,Software Engineering,FAC005,2026-08-05,20,Wednesday,1,7,2026-2027,P
4921,STU000021,2023010021,SUB0050,Software Engineering,FAC005,2026-08-05,20,Wednesday,1,7,2026-2027,P
4922,STU000022,2023010022,SUB0050,Software Engineering,FAC005,2026-08-05,20,Wednesday,1,7,2026-2027,P
4923,STU000023,2023010023,SUB0050,Software Engineering,FAC005,2026-08-05,20,Wednesday,1,7,2026-2027,P
4924,STU000024,2023010024,SUB0050,Software Engineering,FAC005,2026-08-05,20,Wednesday,1,7,2026-2027,P
4925,STU000025,2023010025,SUB0050,Software Engineering,FAC005,2026-08-05,20,Wednesday,1,7,2026-2027,P
4926,STU000026,2023010026,SUB0050,Software Engineering,FAC005,2026-08-05,20,Wednesday,1,7,2026-2027,P
4927,STU000027,2023010027,SUB0050,Software Engineering,FAC005,2026-08-05,20,Wednesday,1,7,2026-2027,P
4928,STU000028,2023010028,SUB0050,Software Engineering,FAC005,2026-08-05,20,Wednesday,1,7,2026-2027,P
4929,STU000029,2023010029,SUB0050,Software Engineering,FAC005,2026-08-05,20,Wednesday,1,7,2026-2027,P
4930,STU000030,2023010030,SUB0050,Software Engineering,FAC005,2026-08-05,20,Wednesday,1,7,2026-2027,A
4931,STU000031,2023010031,SUB0050,Software Engineering,FAC005,2026-08-05,20,Wednesday,1,7,2026-2027,P
4932,STU000032,2023010032,SUB0050,Software Engineering,FAC005,2026-08-05,20,Wednesday,1,7,2026-2027,P
4933,STU000033,2023010033,SUB0050,Software Engineering,FAC005,2026-08-05,20,Wednesday,1,7,2026-2027,P
4934,STU000034,2023010034,SUB0050,Software Engineering,FAC005,2026-08-05,20,Wednesday,1,7,2026-2027,P
4935,STU000035,2023010035,SUB0050,Software Engineering,FAC005,2026-08-05,20,Wednesday,1,7,2026-2027,P
4936,STU000036,2023010036,SUB0050,Software Engineering,FAC005,2026-08-05,20,Wednesday,1,7,2026-2027,P
4937,STU000037,2023010037,SUB0050,Software Engineering,FAC005,2026-08-05,20,Wednesday,1,7,2026-2027,A
4938,STU000038,2023010038,SUB0050,Software Engineering,FAC005,2026-08-05,20,Wednesday,1,7,2026-2027,P
4939,STU000039,2023010039,SUB0050,Software Engineering,FAC005,2026-08-05,20,Wednesday,1,7,2026-2027,P
4940,STU000040,2023010040,SUB0050,Software Engineering,FAC005,2026-08-05,20,Wednesday,1,7,2026-2027,P
4941,STU000041,2023010041,SUB0050,Software Engineering,FAC005,2026-08-05,20,Wednesday,1,7,2026-2027,P
4942,STU000042,2023010042,SUB0050,Software Engineering,FAC005,2026-08-05,20,Wednesday,1,7,2026-2027,P
4943,STU000043,2023010043,SUB0050,Software Engineering,FAC005,2026-08-05,20,Wednesday,1,7,2026-2027,P
4944,STU000044,2023010044,SUB0050,Software Engineering,FAC005,2026-08-05,20,Wednesday,1,7,2026-2027,A
4945,STU000045,2023010045,SUB0050,Software Engineering,FAC005,2026-08-05,20,Wednesday,1,7,2026-2027,P
4946,STU000046,2023010046,SUB0050,Software Engineering,FAC005,2026-08-05,20,Wednesday,1,7,2026-2027,P
4947,STU000047,2023010047,SUB0050,Software Engineering,FAC005,2026-08-05,20,Wednesday,1,7,2026-2027,P
4948,STU000048,2023010048,SUB0050,Software Engineering,FAC005,2026-08-05,20,Wednesday,1,7,2026-2027,P
4949,STU000049,2023010049,SUB0050,Software Engineering,FAC005,2026-08-05,20,Wednesday,1,7,2026-2027,P
4950,STU000050,2023010050,SUB0050,Software Engineering,FAC005,2026-08-05,20,Wednesday,1,7,2026-2027,P
4951,STU000001,2023010001,SUB0055,Deep Learning Laboratory,FAC010,2026-08-06,13,Thursday,1,7,2026-2027,P
4952,STU000002,2023010002,SUB0055,Deep Learning Laboratory,FAC010,2026-08-06,13,Thursday,1,7,2026-2027,P
4953,STU000003,2023010003,SUB0055,Deep Learning Laboratory,FAC010,2026-08-06,13,Thursday,1,7,2026-2027,P
4954,STU000004,2023010004,SUB0055,Deep Learning Laboratory,FAC010,2026-08-06,13,Thursday,1,7,2026-2027,P
4955,STU000005,2023010005,SUB0055,Deep Learning Laboratory,FAC010,2026-08-06,13,Thursday,1,7,2026-2027,A
4956,STU000006,2023010006,SUB0055,Deep Learning Laboratory,FAC010,2026-08-06,13,Thursday,1,7,2026-2027,P
4957,STU000007,2023010007,SUB0055,Deep Learning Laboratory,FAC010,2026-08-06,13,Thursday,1,7,2026-2027,P
4958,STU000008,2023010008,SUB0055,Deep Learning Laboratory,FAC010,2026-08-06,13,Thursday,1,7,2026-2027,P
4959,STU000009,2023010009,SUB0055,Deep Learning Laboratory,FAC010,2026-08-06,13,Thursday,1,7,2026-2027,P
4960,STU000010,2023010010,SUB0055,Deep Learning Laboratory,FAC010,2026-08-06,13,Thursday,1,7,2026-2027,P
4961,STU000011,2023010011,SUB0055,Deep Learning Laboratory,FAC010,2026-08-06,13,Thursday,1,7,2026-2027,P
4962,STU000012,2023010012,SUB0055,Deep Learning Laboratory,FAC010,2026-08-06,13,Thursday,1,7,2026-2027,P
4963,STU000013,2023010013,SUB0055,Deep Learning Laboratory,FAC010,2026-08-06,13,Thursday,1,7,2026-2027,P
4964,STU000014,2023010014,SUB0055,Deep Learning Laboratory,FAC010,2026-08-06,13,Thursday,1,7,2026-2027,A
4965,STU000015,2023010015,SUB0055,Deep Learning Laboratory,FAC010,2026-08-06,13,Thursday,1,7,2026-2027,P
4966,STU000016,2023010016,SUB0055,Deep Learning Laboratory,FAC010,2026-08-06,13,Thursday,1,7,2026-2027,P
4967,STU000017,2023010017,SUB0055,Deep Learning Laboratory,FAC010,2026-08-06,13,Thursday,1,7,2026-2027,P
4968,STU000018,2023010018,SUB0055,Deep Learning Laboratory,FAC010,2026-08-06,13,Thursday,1,7,2026-2027,P
4969,STU000019,2023010019,SUB0055,Deep Learning Laboratory,FAC010,2026-08-06,13,Thursday,1,7,2026-2027,P
4970,STU000020,2023010020,SUB0055,Deep Learning Laboratory,FAC010,2026-08-06,13,Thursday,1,7,2026-2027,P
4971,STU000021,2023010021,SUB0055,Deep Learning Laboratory,FAC010,2026-08-06,13,Thursday,1,7,2026-2027,A
4972,STU000022,2023010022,SUB0055,Deep Learning Laboratory,FAC010,2026-08-06,13,Thursday,1,7,2026-2027,P
4973,STU000023,2023010023,SUB0055,Deep Learning Laboratory,FAC010,2026-08-06,13,Thursday,1,7,2026-2027,P
4974,STU000024,2023010024,SUB0055,Deep Learning Laboratory,FAC010,2026-08-06,13,Thursday,1,7,2026-2027,P
4975,STU000025,2023010025,SUB0055,Deep Learning Laboratory,FAC010,2026-08-06,13,Thursday,1,7,2026-2027,P
4976,STU000026,2023010026,SUB0055,Deep Learning Laboratory,FAC010,2026-08-06,13,Thursday,1,7,2026-2027,P
4977,STU000027,2023010027,SUB0055,Deep Learning Laboratory,FAC010,2026-08-06,13,Thursday,1,7,2026-2027,P
4978,STU000028,2023010028,SUB0055,Deep Learning Laboratory,FAC010,2026-08-06,13,Thursday,1,7,2026-2027,P
4979,STU000029,2023010029,SUB0055,Deep Learning Laboratory,FAC010,2026-08-06,13,Thursday,1,7,2026-2027,P
4980,STU000030,2023010030,SUB0055,Deep Learning Laboratory,FAC010,2026-08-06,13,Thursday,1,7,2026-2027,A
4981,STU000031,2023010031,SUB0055,Deep Learning Laboratory,FAC010,2026-08-06,13,Thursday,1,7,2026-2027,P
4982,STU000032,2023010032,SUB0055,Deep Learning Laboratory,FAC010,2026-08-06,13,Thursday,1,7,2026-2027,P
4983,STU000033,2023010033,SUB0055,Deep Learning Laboratory,FAC010,2026-08-06,13,Thursday,1,7,2026-2027,P
4984,STU000034,2023010034,SUB0055,Deep Learning Laboratory,FAC010,2026-08-06,13,Thursday,1,7,2026-2027,P
4985,STU000035,2023010035,SUB0055,Deep Learning Laboratory,FAC010,2026-08-06,13,Thursday,1,7,2026-2027,P
4986,STU000036,2023010036,SUB0055,Deep Learning Laboratory,FAC010,2026-08-06,13,Thursday,1,7,2026-2027,P
4987,STU000037,2023010037,SUB0055,Deep Learning Laboratory,FAC010,2026-08-06,13,Thursday,1,7,2026-2027,A
4988,STU000038,2023010038,SUB0055,Deep Learning Laboratory,FAC010,2026-08-06,13,Thursday,1,7,2026-2027,P
4989,STU000039,2023010039,SUB0055,Deep Learning Laboratory,FAC010,2026-08-06,13,Thursday,1,7,2026-2027,P
4990,STU000040,2023010040,SUB0055,Deep Learning Laboratory,FAC010,2026-08-06,13,Thursday,1,7,2026-2027,P
4991,STU000041,2023010041,SUB0055,Deep Learning Laboratory,FAC010,2026-08-06,13,Thursday,1,7,2026-2027,P
4992,STU000042,2023010042,SUB0055,Deep Learning Laboratory,FAC010,2026-08-06,13,Thursday,1,7,2026-2027,P
4993,STU000043,2023010043,SUB0055,Deep Learning Laboratory,FAC010,2026-08-06,13,Thursday,1,7,2026-2027,P
4994,STU000044,2023010044,SUB0055,Deep Learning Laboratory,FAC010,2026-08-06,13,Thursday,1,7,2026-2027,P
4995,STU000045,2023010045,SUB0055,Deep Learning Laboratory,FAC010,2026-08-06,13,Thursday,1,7,2026-2027,P
4996,STU000046,2023010046,SUB0055,Deep Learning Laboratory,FAC010,2026-08-06,13,Thursday,1,7,2026-2027,A
4997,STU000047,2023010047,SUB0055,Deep Learning Laboratory,FAC010,2026-08-06,13,Thursday,1,7,2026-2027,P
4998,STU000048,2023010048,SUB0055,Deep Learning Laboratory,FAC010,2026-08-06,13,Thursday,1,7,2026-2027,P
4999,STU000049,2023010049,SUB0055,Deep Learning Laboratory,FAC010,2026-08-06,13,Thursday,1,7,2026-2027,P
5000,STU000050,2023010050,SUB0055,Deep Learning Laboratory,FAC010,2026-08-06,13,Thursday,1,7,2026-2027,P
5001,STU000001,2023010001,SUB0055,Deep Learning Laboratory,FAC010,2026-08-06,14,Thursday,1,7,2026-2027,P
5002,STU000002,2023010002,SUB0055,Deep Learning Laboratory,FAC010,2026-08-06,14,Thursday,1,7,2026-2027,P
5003,STU000003,2023010003,SUB0055,Deep Learning Laboratory,FAC010,2026-08-06,14,Thursday,1,7,2026-2027,P
5004,STU000004,2023010004,SUB0055,Deep Learning Laboratory,FAC010,2026-08-06,14,Thursday,1,7,2026-2027,P
5005,STU000005,2023010005,SUB0055,Deep Learning Laboratory,FAC010,2026-08-06,14,Thursday,1,7,2026-2027,P
5006,STU000006,2023010006,SUB0055,Deep Learning Laboratory,FAC010,2026-08-06,14,Thursday,1,7,2026-2027,A
5007,STU000007,2023010007,SUB0055,Deep Learning Laboratory,FAC010,2026-08-06,14,Thursday,1,7,2026-2027,P
5008,STU000008,2023010008,SUB0055,Deep Learning Laboratory,FAC010,2026-08-06,14,Thursday,1,7,2026-2027,A
5009,STU000009,2023010009,SUB0055,Deep Learning Laboratory,FAC010,2026-08-06,14,Thursday,1,7,2026-2027,P
5010,STU000010,2023010010,SUB0055,Deep Learning Laboratory,FAC010,2026-08-06,14,Thursday,1,7,2026-2027,P
5011,STU000011,2023010011,SUB0055,Deep Learning Laboratory,FAC010,2026-08-06,14,Thursday,1,7,2026-2027,P
5012,STU000012,2023010012,SUB0055,Deep Learning Laboratory,FAC010,2026-08-06,14,Thursday,1,7,2026-2027,P
5013,STU000013,2023010013,SUB0055,Deep Learning Laboratory,FAC010,2026-08-06,14,Thursday,1,7,2026-2027,P
5014,STU000014,2023010014,SUB0055,Deep Learning Laboratory,FAC010,2026-08-06,14,Thursday,1,7,2026-2027,P
5015,STU000015,2023010015,SUB0055,Deep Learning Laboratory,FAC010,2026-08-06,14,Thursday,1,7,2026-2027,A
5016,STU000016,2023010016,SUB0055,Deep Learning Laboratory,FAC010,2026-08-06,14,Thursday,1,7,2026-2027,P
5017,STU000017,2023010017,SUB0055,Deep Learning Laboratory,FAC010,2026-08-06,14,Thursday,1,7,2026-2027,P
5018,STU000018,2023010018,SUB0055,Deep Learning Laboratory,FAC010,2026-08-06,14,Thursday,1,7,2026-2027,P
5019,STU000019,2023010019,SUB0055,Deep Learning Laboratory,FAC010,2026-08-06,14,Thursday,1,7,2026-2027,P
5020,STU000020,2023010020,SUB0055,Deep Learning Laboratory,FAC010,2026-08-06,14,Thursday,1,7,2026-2027,P
5021,STU000021,2023010021,SUB0055,Deep Learning Laboratory,FAC010,2026-08-06,14,Thursday,1,7,2026-2027,P
5022,STU000022,2023010022,SUB0055,Deep Learning Laboratory,FAC010,2026-08-06,14,Thursday,1,7,2026-2027,A
5023,STU000023,2023010023,SUB0055,Deep Learning Laboratory,FAC010,2026-08-06,14,Thursday,1,7,2026-2027,P
5024,STU000024,2023010024,SUB0055,Deep Learning Laboratory,FAC010,2026-08-06,14,Thursday,1,7,2026-2027,P
5025,STU000025,2023010025,SUB0055,Deep Learning Laboratory,FAC010,2026-08-06,14,Thursday,1,7,2026-2027,P
5026,STU000026,2023010026,SUB0055,Deep Learning Laboratory,FAC010,2026-08-06,14,Thursday,1,7,2026-2027,P
5027,STU000027,2023010027,SUB0055,Deep Learning Laboratory,FAC010,2026-08-06,14,Thursday,1,7,2026-2027,P
5028,STU000028,2023010028,SUB0055,Deep Learning Laboratory,FAC010,2026-08-06,14,Thursday,1,7,2026-2027,P
5029,STU000029,2023010029,SUB0055,Deep Learning Laboratory,FAC010,2026-08-06,14,Thursday,1,7,2026-2027,P
5030,STU000030,2023010030,SUB0055,Deep Learning Laboratory,FAC010,2026-08-06,14,Thursday,1,7,2026-2027,P
5031,STU000031,2023010031,SUB0055,Deep Learning Laboratory,FAC010,2026-08-06,14,Thursday,1,7,2026-2027,A
5032,STU000032,2023010032,SUB0055,Deep Learning Laboratory,FAC010,2026-08-06,14,Thursday,1,7,2026-2027,P
5033,STU000033,2023010033,SUB0055,Deep Learning Laboratory,FAC010,2026-08-06,14,Thursday,1,7,2026-2027,P
5034,STU000034,2023010034,SUB0055,Deep Learning Laboratory,FAC010,2026-08-06,14,Thursday,1,7,2026-2027,P
5035,STU000035,2023010035,SUB0055,Deep Learning Laboratory,FAC010,2026-08-06,14,Thursday,1,7,2026-2027,P
5036,STU000036,2023010036,SUB0055,Deep Learning Laboratory,FAC010,2026-08-06,14,Thursday,1,7,2026-2027,P
5037,STU000037,2023010037,SUB0055,Deep Learning Laboratory,FAC010,2026-08-06,14,Thursday,1,7,2026-2027,P
5038,STU000038,2023010038,SUB0055,Deep Learning Laboratory,FAC010,2026-08-06,14,Thursday,1,7,2026-2027,A
5039,STU000039,2023010039,SUB0055,Deep Learning Laboratory,FAC010,2026-08-06,14,Thursday,1,7,2026-2027,P
5040,STU000040,2023010040,SUB0055,Deep Learning Laboratory,FAC010,2026-08-06,14,Thursday,1,7,2026-2027,P
5041,STU000041,2023010041,SUB0055,Deep Learning Laboratory,FAC010,2026-08-06,14,Thursday,1,7,2026-2027,P
5042,STU000042,2023010042,SUB0055,Deep Learning Laboratory,FAC010,2026-08-06,14,Thursday,1,7,2026-2027,P
5043,STU000043,2023010043,SUB0055,Deep Learning Laboratory,FAC010,2026-08-06,14,Thursday,1,7,2026-2027,P
5044,STU000044,2023010044,SUB0055,Deep Learning Laboratory,FAC010,2026-08-06,14,Thursday,1,7,2026-2027,P
5045,STU000045,2023010045,SUB0055,Deep Learning Laboratory,FAC010,2026-08-06,14,Thursday,1,7,2026-2027,P
5046,STU000046,2023010046,SUB0055,Deep Learning Laboratory,FAC010,2026-08-06,14,Thursday,1,7,2026-2027,P
5047,STU000047,2023010047,SUB0055,Deep Learning Laboratory,FAC010,2026-08-06,14,Thursday,1,7,2026-2027,P
5048,STU000048,2023010048,SUB0055,Deep Learning Laboratory,FAC010,2026-08-06,14,Thursday,1,7,2026-2027,P
5049,STU000049,2023010049,SUB0055,Deep Learning Laboratory,FAC010,2026-08-06,14,Thursday,1,7,2026-2027,A
5050,STU000050,2023010050,SUB0055,Deep Learning Laboratory,FAC010,2026-08-06,14,Thursday,1,7,2026-2027,P
5051,STU000001,2023010001,SUB0053,Deep Learning,FAC008,2026-08-06,21,Thursday,1,7,2026-2027,P
5052,STU000002,2023010002,SUB0053,Deep Learning,FAC008,2026-08-06,21,Thursday,1,7,2026-2027,P
5053,STU000003,2023010003,SUB0053,Deep Learning,FAC008,2026-08-06,21,Thursday,1,7,2026-2027,A
5054,STU000004,2023010004,SUB0053,Deep Learning,FAC008,2026-08-06,21,Thursday,1,7,2026-2027,P
5055,STU000005,2023010005,SUB0053,Deep Learning,FAC008,2026-08-06,21,Thursday,1,7,2026-2027,P
5056,STU000006,2023010006,SUB0053,Deep Learning,FAC008,2026-08-06,21,Thursday,1,7,2026-2027,P
5057,STU000007,2023010007,SUB0053,Deep Learning,FAC008,2026-08-06,21,Thursday,1,7,2026-2027,P
5058,STU000008,2023010008,SUB0053,Deep Learning,FAC008,2026-08-06,21,Thursday,1,7,2026-2027,P
5059,STU000009,2023010009,SUB0053,Deep Learning,FAC008,2026-08-06,21,Thursday,1,7,2026-2027,P
5060,STU000010,2023010010,SUB0053,Deep Learning,FAC008,2026-08-06,21,Thursday,1,7,2026-2027,A
5061,STU000011,2023010011,SUB0053,Deep Learning,FAC008,2026-08-06,21,Thursday,1,7,2026-2027,P
5062,STU000012,2023010012,SUB0053,Deep Learning,FAC008,2026-08-06,21,Thursday,1,7,2026-2027,P
5063,STU000013,2023010013,SUB0053,Deep Learning,FAC008,2026-08-06,21,Thursday,1,7,2026-2027,P
5064,STU000014,2023010014,SUB0053,Deep Learning,FAC008,2026-08-06,21,Thursday,1,7,2026-2027,P
5065,STU000015,2023010015,SUB0053,Deep Learning,FAC008,2026-08-06,21,Thursday,1,7,2026-2027,P
5066,STU000016,2023010016,SUB0053,Deep Learning,FAC008,2026-08-06,21,Thursday,1,7,2026-2027,P
5067,STU000017,2023010017,SUB0053,Deep Learning,FAC008,2026-08-06,21,Thursday,1,7,2026-2027,A
5068,STU000018,2023010018,SUB0053,Deep Learning,FAC008,2026-08-06,21,Thursday,1,7,2026-2027,P
5069,STU000019,2023010019,SUB0053,Deep Learning,FAC008,2026-08-06,21,Thursday,1,7,2026-2027,P
5070,STU000020,2023010020,SUB0053,Deep Learning,FAC008,2026-08-06,21,Thursday,1,7,2026-2027,P
5071,STU000021,2023010021,SUB0053,Deep Learning,FAC008,2026-08-06,21,Thursday,1,7,2026-2027,P
5072,STU000022,2023010022,SUB0053,Deep Learning,FAC008,2026-08-06,21,Thursday,1,7,2026-2027,P
5073,STU000023,2023010023,SUB0053,Deep Learning,FAC008,2026-08-06,21,Thursday,1,7,2026-2027,P
5074,STU000024,2023010024,SUB0053,Deep Learning,FAC008,2026-08-06,21,Thursday,1,7,2026-2027,P
5075,STU000025,2023010025,SUB0053,Deep Learning,FAC008,2026-08-06,21,Thursday,1,7,2026-2027,P
5076,STU000026,2023010026,SUB0053,Deep Learning,FAC008,2026-08-06,21,Thursday,1,7,2026-2027,P
5077,STU000027,2023010027,SUB0053,Deep Learning,FAC008,2026-08-06,21,Thursday,1,7,2026-2027,P
5078,STU000028,2023010028,SUB0053,Deep Learning,FAC008,2026-08-06,21,Thursday,1,7,2026-2027,P
5079,STU000029,2023010029,SUB0053,Deep Learning,FAC008,2026-08-06,21,Thursday,1,7,2026-2027,P
5080,STU000030,2023010030,SUB0053,Deep Learning,FAC008,2026-08-06,21,Thursday,1,7,2026-2027,P
5081,STU000031,2023010031,SUB0053,Deep Learning,FAC008,2026-08-06,21,Thursday,1,7,2026-2027,P
5082,STU000032,2023010032,SUB0053,Deep Learning,FAC008,2026-08-06,21,Thursday,1,7,2026-2027,P
5083,STU000033,2023010033,SUB0053,Deep Learning,FAC008,2026-08-06,21,Thursday,1,7,2026-2027,P
5084,STU000034,2023010034,SUB0053,Deep Learning,FAC008,2026-08-06,21,Thursday,1,7,2026-2027,P
5085,STU000035,2023010035,SUB0053,Deep Learning,FAC008,2026-08-06,21,Thursday,1,7,2026-2027,A
5086,STU000036,2023010036,SUB0053,Deep Learning,FAC008,2026-08-06,21,Thursday,1,7,2026-2027,P
5087,STU000037,2023010037,SUB0053,Deep Learning,FAC008,2026-08-06,21,Thursday,1,7,2026-2027,P
5088,STU000038,2023010038,SUB0053,Deep Learning,FAC008,2026-08-06,21,Thursday,1,7,2026-2027,P
5089,STU000039,2023010039,SUB0053,Deep Learning,FAC008,2026-08-06,21,Thursday,1,7,2026-2027,P
5090,STU000040,2023010040,SUB0053,Deep Learning,FAC008,2026-08-06,21,Thursday,1,7,2026-2027,P
5091,STU000041,2023010041,SUB0053,Deep Learning,FAC008,2026-08-06,21,Thursday,1,7,2026-2027,P
5092,STU000042,2023010042,SUB0053,Deep Learning,FAC008,2026-08-06,21,Thursday,1,7,2026-2027,A
5093,STU000043,2023010043,SUB0053,Deep Learning,FAC008,2026-08-06,21,Thursday,1,7,2026-2027,P
5094,STU000044,2023010044,SUB0053,Deep Learning,FAC008,2026-08-06,21,Thursday,1,7,2026-2027,P
5095,STU000045,2023010045,SUB0053,Deep Learning,FAC008,2026-08-06,21,Thursday,1,7,2026-2027,P
5096,STU000046,2023010046,SUB0053,Deep Learning,FAC008,2026-08-06,21,Thursday,1,7,2026-2027,P
5097,STU000047,2023010047,SUB0053,Deep Learning,FAC008,2026-08-06,21,Thursday,1,7,2026-2027,P
5098,STU000048,2023010048,SUB0053,Deep Learning,FAC008,2026-08-06,21,Thursday,1,7,2026-2027,P
5099,STU000049,2023010049,SUB0053,Deep Learning,FAC008,2026-08-06,21,Thursday,1,7,2026-2027,P
5100,STU000050,2023010050,SUB0053,Deep Learning,FAC008,2026-08-06,21,Thursday,1,7,2026-2027,P
5101,STU000001,2023010001,SUB0056,Natural Language Processing Laboratory,FAC011,2026-08-07,13,Friday,1,7,2026-2027,P
5102,STU000002,2023010002,SUB0056,Natural Language Processing Laboratory,FAC011,2026-08-07,13,Friday,1,7,2026-2027,P
5103,STU000003,2023010003,SUB0056,Natural Language Processing Laboratory,FAC011,2026-08-07,13,Friday,1,7,2026-2027,P
5104,STU000004,2023010004,SUB0056,Natural Language Processing Laboratory,FAC011,2026-08-07,13,Friday,1,7,2026-2027,A
5105,STU000005,2023010005,SUB0056,Natural Language Processing Laboratory,FAC011,2026-08-07,13,Friday,1,7,2026-2027,P
5106,STU000006,2023010006,SUB0056,Natural Language Processing Laboratory,FAC011,2026-08-07,13,Friday,1,7,2026-2027,P
5107,STU000007,2023010007,SUB0056,Natural Language Processing Laboratory,FAC011,2026-08-07,13,Friday,1,7,2026-2027,P
5108,STU000008,2023010008,SUB0056,Natural Language Processing Laboratory,FAC011,2026-08-07,13,Friday,1,7,2026-2027,P
5109,STU000009,2023010009,SUB0056,Natural Language Processing Laboratory,FAC011,2026-08-07,13,Friday,1,7,2026-2027,P
5110,STU000010,2023010010,SUB0056,Natural Language Processing Laboratory,FAC011,2026-08-07,13,Friday,1,7,2026-2027,P
5111,STU000011,2023010011,SUB0056,Natural Language Processing Laboratory,FAC011,2026-08-07,13,Friday,1,7,2026-2027,P
5112,STU000012,2023010012,SUB0056,Natural Language Processing Laboratory,FAC011,2026-08-07,13,Friday,1,7,2026-2027,P
5113,STU000013,2023010013,SUB0056,Natural Language Processing Laboratory,FAC011,2026-08-07,13,Friday,1,7,2026-2027,A
5114,STU000014,2023010014,SUB0056,Natural Language Processing Laboratory,FAC011,2026-08-07,13,Friday,1,7,2026-2027,P
5115,STU000015,2023010015,SUB0056,Natural Language Processing Laboratory,FAC011,2026-08-07,13,Friday,1,7,2026-2027,P
5116,STU000016,2023010016,SUB0056,Natural Language Processing Laboratory,FAC011,2026-08-07,13,Friday,1,7,2026-2027,P
5117,STU000017,2023010017,SUB0056,Natural Language Processing Laboratory,FAC011,2026-08-07,13,Friday,1,7,2026-2027,P
5118,STU000018,2023010018,SUB0056,Natural Language Processing Laboratory,FAC011,2026-08-07,13,Friday,1,7,2026-2027,P
5119,STU000019,2023010019,SUB0056,Natural Language Processing Laboratory,FAC011,2026-08-07,13,Friday,1,7,2026-2027,P
5120,STU000020,2023010020,SUB0056,Natural Language Processing Laboratory,FAC011,2026-08-07,13,Friday,1,7,2026-2027,A
5121,STU000021,2023010021,SUB0056,Natural Language Processing Laboratory,FAC011,2026-08-07,13,Friday,1,7,2026-2027,P
5122,STU000022,2023010022,SUB0056,Natural Language Processing Laboratory,FAC011,2026-08-07,13,Friday,1,7,2026-2027,P
5123,STU000023,2023010023,SUB0056,Natural Language Processing Laboratory,FAC011,2026-08-07,13,Friday,1,7,2026-2027,P
5124,STU000024,2023010024,SUB0056,Natural Language Processing Laboratory,FAC011,2026-08-07,13,Friday,1,7,2026-2027,P
5125,STU000025,2023010025,SUB0056,Natural Language Processing Laboratory,FAC011,2026-08-07,13,Friday,1,7,2026-2027,P
5126,STU000026,2023010026,SUB0056,Natural Language Processing Laboratory,FAC011,2026-08-07,13,Friday,1,7,2026-2027,P
5127,STU000027,2023010027,SUB0056,Natural Language Processing Laboratory,FAC011,2026-08-07,13,Friday,1,7,2026-2027,P
5128,STU000028,2023010028,SUB0056,Natural Language Processing Laboratory,FAC011,2026-08-07,13,Friday,1,7,2026-2027,P
5129,STU000029,2023010029,SUB0056,Natural Language Processing Laboratory,FAC011,2026-08-07,13,Friday,1,7,2026-2027,A
5130,STU000030,2023010030,SUB0056,Natural Language Processing Laboratory,FAC011,2026-08-07,13,Friday,1,7,2026-2027,P
5131,STU000031,2023010031,SUB0056,Natural Language Processing Laboratory,FAC011,2026-08-07,13,Friday,1,7,2026-2027,P
5132,STU000032,2023010032,SUB0056,Natural Language Processing Laboratory,FAC011,2026-08-07,13,Friday,1,7,2026-2027,P
5133,STU000033,2023010033,SUB0056,Natural Language Processing Laboratory,FAC011,2026-08-07,13,Friday,1,7,2026-2027,P
5134,STU000034,2023010034,SUB0056,Natural Language Processing Laboratory,FAC011,2026-08-07,13,Friday,1,7,2026-2027,P
5135,STU000035,2023010035,SUB0056,Natural Language Processing Laboratory,FAC011,2026-08-07,13,Friday,1,7,2026-2027,P
5136,STU000036,2023010036,SUB0056,Natural Language Processing Laboratory,FAC011,2026-08-07,13,Friday,1,7,2026-2027,A
5137,STU000037,2023010037,SUB0056,Natural Language Processing Laboratory,FAC011,2026-08-07,13,Friday,1,7,2026-2027,P
5138,STU000038,2023010038,SUB0056,Natural Language Processing Laboratory,FAC011,2026-08-07,13,Friday,1,7,2026-2027,P
5139,STU000039,2023010039,SUB0056,Natural Language Processing Laboratory,FAC011,2026-08-07,13,Friday,1,7,2026-2027,P
5140,STU000040,2023010040,SUB0056,Natural Language Processing Laboratory,FAC011,2026-08-07,13,Friday,1,7,2026-2027,P
5141,STU000041,2023010041,SUB0056,Natural Language Processing Laboratory,FAC011,2026-08-07,13,Friday,1,7,2026-2027,P
5142,STU000042,2023010042,SUB0056,Natural Language Processing Laboratory,FAC011,2026-08-07,13,Friday,1,7,2026-2027,P
5143,STU000043,2023010043,SUB0056,Natural Language Processing Laboratory,FAC011,2026-08-07,13,Friday,1,7,2026-2027,P
5144,STU000044,2023010044,SUB0056,Natural Language Processing Laboratory,FAC011,2026-08-07,13,Friday,1,7,2026-2027,P
5145,STU000045,2023010045,SUB0056,Natural Language Processing Laboratory,FAC011,2026-08-07,13,Friday,1,7,2026-2027,A
5146,STU000046,2023010046,SUB0056,Natural Language Processing Laboratory,FAC011,2026-08-07,13,Friday,1,7,2026-2027,P
5147,STU000047,2023010047,SUB0056,Natural Language Processing Laboratory,FAC011,2026-08-07,13,Friday,1,7,2026-2027,P
5148,STU000048,2023010048,SUB0056,Natural Language Processing Laboratory,FAC011,2026-08-07,13,Friday,1,7,2026-2027,P
5149,STU000049,2023010049,SUB0056,Natural Language Processing Laboratory,FAC011,2026-08-07,13,Friday,1,7,2026-2027,P
5150,STU000050,2023010050,SUB0056,Natural Language Processing Laboratory,FAC011,2026-08-07,13,Friday,1,7,2026-2027,P
5151,STU000001,2023010001,SUB0056,Natural Language Processing Laboratory,FAC011,2026-08-07,14,Friday,1,7,2026-2027,P
5152,STU000002,2023010002,SUB0056,Natural Language Processing Laboratory,FAC011,2026-08-07,14,Friday,1,7,2026-2027,P
5153,STU000003,2023010003,SUB0056,Natural Language Processing Laboratory,FAC011,2026-08-07,14,Friday,1,7,2026-2027,P
5154,STU000004,2023010004,SUB0056,Natural Language Processing Laboratory,FAC011,2026-08-07,14,Friday,1,7,2026-2027,P
5155,STU000005,2023010005,SUB0056,Natural Language Processing Laboratory,FAC011,2026-08-07,14,Friday,1,7,2026-2027,A
5156,STU000006,2023010006,SUB0056,Natural Language Processing Laboratory,FAC011,2026-08-07,14,Friday,1,7,2026-2027,P
5157,STU000007,2023010007,SUB0056,Natural Language Processing Laboratory,FAC011,2026-08-07,14,Friday,1,7,2026-2027,P
5158,STU000008,2023010008,SUB0056,Natural Language Processing Laboratory,FAC011,2026-08-07,14,Friday,1,7,2026-2027,P
5159,STU000009,2023010009,SUB0056,Natural Language Processing Laboratory,FAC011,2026-08-07,14,Friday,1,7,2026-2027,P
5160,STU000010,2023010010,SUB0056,Natural Language Processing Laboratory,FAC011,2026-08-07,14,Friday,1,7,2026-2027,P
5161,STU000011,2023010011,SUB0056,Natural Language Processing Laboratory,FAC011,2026-08-07,14,Friday,1,7,2026-2027,P
5162,STU000012,2023010012,SUB0056,Natural Language Processing Laboratory,FAC011,2026-08-07,14,Friday,1,7,2026-2027,P
5163,STU000013,2023010013,SUB0056,Natural Language Processing Laboratory,FAC011,2026-08-07,14,Friday,1,7,2026-2027,P
5164,STU000014,2023010014,SUB0056,Natural Language Processing Laboratory,FAC011,2026-08-07,14,Friday,1,7,2026-2027,A
5165,STU000015,2023010015,SUB0056,Natural Language Processing Laboratory,FAC011,2026-08-07,14,Friday,1,7,2026-2027,P
5166,STU000016,2023010016,SUB0056,Natural Language Processing Laboratory,FAC011,2026-08-07,14,Friday,1,7,2026-2027,P
5167,STU000017,2023010017,SUB0056,Natural Language Processing Laboratory,FAC011,2026-08-07,14,Friday,1,7,2026-2027,P
5168,STU000018,2023010018,SUB0056,Natural Language Processing Laboratory,FAC011,2026-08-07,14,Friday,1,7,2026-2027,P
5169,STU000019,2023010019,SUB0056,Natural Language Processing Laboratory,FAC011,2026-08-07,14,Friday,1,7,2026-2027,P
5170,STU000020,2023010020,SUB0056,Natural Language Processing Laboratory,FAC011,2026-08-07,14,Friday,1,7,2026-2027,P
5171,STU000021,2023010021,SUB0056,Natural Language Processing Laboratory,FAC011,2026-08-07,14,Friday,1,7,2026-2027,A
5172,STU000022,2023010022,SUB0056,Natural Language Processing Laboratory,FAC011,2026-08-07,14,Friday,1,7,2026-2027,P
5173,STU000023,2023010023,SUB0056,Natural Language Processing Laboratory,FAC011,2026-08-07,14,Friday,1,7,2026-2027,P
5174,STU000024,2023010024,SUB0056,Natural Language Processing Laboratory,FAC011,2026-08-07,14,Friday,1,7,2026-2027,P
5175,STU000025,2023010025,SUB0056,Natural Language Processing Laboratory,FAC011,2026-08-07,14,Friday,1,7,2026-2027,P
5176,STU000026,2023010026,SUB0056,Natural Language Processing Laboratory,FAC011,2026-08-07,14,Friday,1,7,2026-2027,P
5177,STU000027,2023010027,SUB0056,Natural Language Processing Laboratory,FAC011,2026-08-07,14,Friday,1,7,2026-2027,P
5178,STU000028,2023010028,SUB0056,Natural Language Processing Laboratory,FAC011,2026-08-07,14,Friday,1,7,2026-2027,P
5179,STU000029,2023010029,SUB0056,Natural Language Processing Laboratory,FAC011,2026-08-07,14,Friday,1,7,2026-2027,P
5180,STU000030,2023010030,SUB0056,Natural Language Processing Laboratory,FAC011,2026-08-07,14,Friday,1,7,2026-2027,A
5181,STU000031,2023010031,SUB0056,Natural Language Processing Laboratory,FAC011,2026-08-07,14,Friday,1,7,2026-2027,P
5182,STU000032,2023010032,SUB0056,Natural Language Processing Laboratory,FAC011,2026-08-07,14,Friday,1,7,2026-2027,P
5183,STU000033,2023010033,SUB0056,Natural Language Processing Laboratory,FAC011,2026-08-07,14,Friday,1,7,2026-2027,P
5184,STU000034,2023010034,SUB0056,Natural Language Processing Laboratory,FAC011,2026-08-07,14,Friday,1,7,2026-2027,P
5185,STU000035,2023010035,SUB0056,Natural Language Processing Laboratory,FAC011,2026-08-07,14,Friday,1,7,2026-2027,P
5186,STU000036,2023010036,SUB0056,Natural Language Processing Laboratory,FAC011,2026-08-07,14,Friday,1,7,2026-2027,P
5187,STU000037,2023010037,SUB0056,Natural Language Processing Laboratory,FAC011,2026-08-07,14,Friday,1,7,2026-2027,A
5188,STU000038,2023010038,SUB0056,Natural Language Processing Laboratory,FAC011,2026-08-07,14,Friday,1,7,2026-2027,P
5189,STU000039,2023010039,SUB0056,Natural Language Processing Laboratory,FAC011,2026-08-07,14,Friday,1,7,2026-2027,P
5190,STU000040,2023010040,SUB0056,Natural Language Processing Laboratory,FAC011,2026-08-07,14,Friday,1,7,2026-2027,P
5191,STU000041,2023010041,SUB0056,Natural Language Processing Laboratory,FAC011,2026-08-07,14,Friday,1,7,2026-2027,P
5192,STU000042,2023010042,SUB0056,Natural Language Processing Laboratory,FAC011,2026-08-07,14,Friday,1,7,2026-2027,P
5193,STU000043,2023010043,SUB0056,Natural Language Processing Laboratory,FAC011,2026-08-07,14,Friday,1,7,2026-2027,P
5194,STU000044,2023010044,SUB0056,Natural Language Processing Laboratory,FAC011,2026-08-07,14,Friday,1,7,2026-2027,P
5195,STU000045,2023010045,SUB0056,Natural Language Processing Laboratory,FAC011,2026-08-07,14,Friday,1,7,2026-2027,P
5196,STU000046,2023010046,SUB0056,Natural Language Processing Laboratory,FAC011,2026-08-07,14,Friday,1,7,2026-2027,A
5197,STU000047,2023010047,SUB0056,Natural Language Processing Laboratory,FAC011,2026-08-07,14,Friday,1,7,2026-2027,P
5198,STU000048,2023010048,SUB0056,Natural Language Processing Laboratory,FAC011,2026-08-07,14,Friday,1,7,2026-2027,P
5199,STU000049,2023010049,SUB0056,Natural Language Processing Laboratory,FAC011,2026-08-07,14,Friday,1,7,2026-2027,P
5200,STU000050,2023010050,SUB0056,Natural Language Processing Laboratory,FAC011,2026-08-07,14,Friday,1,7,2026-2027,P
5201,STU000001,2023010001,SUB0050,Software Engineering,FAC005,2026-08-07,21,Friday,1,7,2026-2027,P
5202,STU000002,2023010002,SUB0050,Software Engineering,FAC005,2026-08-07,21,Friday,1,7,2026-2027,P
5203,STU000003,2023010003,SUB0050,Software Engineering,FAC005,2026-08-07,21,Friday,1,7,2026-2027,P
5204,STU000004,2023010004,SUB0050,Software Engineering,FAC005,2026-08-07,21,Friday,1,7,2026-2027,P
5205,STU000005,2023010005,SUB0050,Software Engineering,FAC005,2026-08-07,21,Friday,1,7,2026-2027,P
5206,STU000006,2023010006,SUB0050,Software Engineering,FAC005,2026-08-07,21,Friday,1,7,2026-2027,A
5207,STU000007,2023010007,SUB0050,Software Engineering,FAC005,2026-08-07,21,Friday,1,7,2026-2027,P
5208,STU000008,2023010008,SUB0050,Software Engineering,FAC005,2026-08-07,21,Friday,1,7,2026-2027,P
5209,STU000009,2023010009,SUB0050,Software Engineering,FAC005,2026-08-07,21,Friday,1,7,2026-2027,P
5210,STU000010,2023010010,SUB0050,Software Engineering,FAC005,2026-08-07,21,Friday,1,7,2026-2027,P
5211,STU000011,2023010011,SUB0050,Software Engineering,FAC005,2026-08-07,21,Friday,1,7,2026-2027,P
5212,STU000012,2023010012,SUB0050,Software Engineering,FAC005,2026-08-07,21,Friday,1,7,2026-2027,P
5213,STU000013,2023010013,SUB0050,Software Engineering,FAC005,2026-08-07,21,Friday,1,7,2026-2027,A
5214,STU000014,2023010014,SUB0050,Software Engineering,FAC005,2026-08-07,21,Friday,1,7,2026-2027,P
5215,STU000015,2023010015,SUB0050,Software Engineering,FAC005,2026-08-07,21,Friday,1,7,2026-2027,P
5216,STU000016,2023010016,SUB0050,Software Engineering,FAC005,2026-08-07,21,Friday,1,7,2026-2027,P
5217,STU000017,2023010017,SUB0050,Software Engineering,FAC005,2026-08-07,21,Friday,1,7,2026-2027,A
5218,STU000018,2023010018,SUB0050,Software Engineering,FAC005,2026-08-07,21,Friday,1,7,2026-2027,P
5219,STU000019,2023010019,SUB0050,Software Engineering,FAC005,2026-08-07,21,Friday,1,7,2026-2027,P
5220,STU000020,2023010020,SUB0050,Software Engineering,FAC005,2026-08-07,21,Friday,1,7,2026-2027,A
5221,STU000021,2023010021,SUB0050,Software Engineering,FAC005,2026-08-07,21,Friday,1,7,2026-2027,P
5222,STU000022,2023010022,SUB0050,Software Engineering,FAC005,2026-08-07,21,Friday,1,7,2026-2027,P
5223,STU000023,2023010023,SUB0050,Software Engineering,FAC005,2026-08-07,21,Friday,1,7,2026-2027,P
5224,STU000024,2023010024,SUB0050,Software Engineering,FAC005,2026-08-07,21,Friday,1,7,2026-2027,P
5225,STU000025,2023010025,SUB0050,Software Engineering,FAC005,2026-08-07,21,Friday,1,7,2026-2027,P
5226,STU000026,2023010026,SUB0050,Software Engineering,FAC005,2026-08-07,21,Friday,1,7,2026-2027,P
5227,STU000027,2023010027,SUB0050,Software Engineering,FAC005,2026-08-07,21,Friday,1,7,2026-2027,P
5228,STU000028,2023010028,SUB0050,Software Engineering,FAC005,2026-08-07,21,Friday,1,7,2026-2027,P
5229,STU000029,2023010029,SUB0050,Software Engineering,FAC005,2026-08-07,21,Friday,1,7,2026-2027,P
5230,STU000030,2023010030,SUB0050,Software Engineering,FAC005,2026-08-07,21,Friday,1,7,2026-2027,P
5231,STU000031,2023010031,SUB0050,Software Engineering,FAC005,2026-08-07,21,Friday,1,7,2026-2027,A
5232,STU000032,2023010032,SUB0050,Software Engineering,FAC005,2026-08-07,21,Friday,1,7,2026-2027,P
5233,STU000033,2023010033,SUB0050,Software Engineering,FAC005,2026-08-07,21,Friday,1,7,2026-2027,P
5234,STU000034,2023010034,SUB0050,Software Engineering,FAC005,2026-08-07,21,Friday,1,7,2026-2027,P
5235,STU000035,2023010035,SUB0050,Software Engineering,FAC005,2026-08-07,21,Friday,1,7,2026-2027,P
5236,STU000036,2023010036,SUB0050,Software Engineering,FAC005,2026-08-07,21,Friday,1,7,2026-2027,P
5237,STU000037,2023010037,SUB0050,Software Engineering,FAC005,2026-08-07,21,Friday,1,7,2026-2027,P
5238,STU000038,2023010038,SUB0050,Software Engineering,FAC005,2026-08-07,21,Friday,1,7,2026-2027,A
5239,STU000039,2023010039,SUB0050,Software Engineering,FAC005,2026-08-07,21,Friday,1,7,2026-2027,P
5240,STU000040,2023010040,SUB0050,Software Engineering,FAC005,2026-08-07,21,Friday,1,7,2026-2027,P
5241,STU000041,2023010041,SUB0050,Software Engineering,FAC005,2026-08-07,21,Friday,1,7,2026-2027,P
5242,STU000042,2023010042,SUB0050,Software Engineering,FAC005,2026-08-07,21,Friday,1,7,2026-2027,P
5243,STU000043,2023010043,SUB0050,Software Engineering,FAC005,2026-08-07,21,Friday,1,7,2026-2027,P
5244,STU000044,2023010044,SUB0050,Software Engineering,FAC005,2026-08-07,21,Friday,1,7,2026-2027,P
5245,STU000045,2023010045,SUB0050,Software Engineering,FAC005,2026-08-07,21,Friday,1,7,2026-2027,A
5246,STU000046,2023010046,SUB0050,Software Engineering,FAC005,2026-08-07,21,Friday,1,7,2026-2027,P
5247,STU000047,2023010047,SUB0050,Software Engineering,FAC005,2026-08-07,21,Friday,1,7,2026-2027,P
5248,STU000048,2023010048,SUB0050,Software Engineering,FAC005,2026-08-07,21,Friday,1,7,2026-2027,P
5249,STU000049,2023010049,SUB0050,Software Engineering,FAC005,2026-08-07,21,Friday,1,7,2026-2027,A
5250,STU000050,2023010050,SUB0050,Software Engineering,FAC005,2026-08-07,21,Friday,1,7,2026-2027,P
5251,STU000001,2023010001,SUB0051,Human Computer Interaction,FAC006,2026-08-10,15,Monday,1,7,2026-2027,P
5252,STU000002,2023010002,SUB0051,Human Computer Interaction,FAC006,2026-08-10,15,Monday,1,7,2026-2027,P
5253,STU000003,2023010003,SUB0051,Human Computer Interaction,FAC006,2026-08-10,15,Monday,1,7,2026-2027,A
5254,STU000004,2023010004,SUB0051,Human Computer Interaction,FAC006,2026-08-10,15,Monday,1,7,2026-2027,P
5255,STU000005,2023010005,SUB0051,Human Computer Interaction,FAC006,2026-08-10,15,Monday,1,7,2026-2027,P
5256,STU000006,2023010006,SUB0051,Human Computer Interaction,FAC006,2026-08-10,15,Monday,1,7,2026-2027,P
5257,STU000007,2023010007,SUB0051,Human Computer Interaction,FAC006,2026-08-10,15,Monday,1,7,2026-2027,P
5258,STU000008,2023010008,SUB0051,Human Computer Interaction,FAC006,2026-08-10,15,Monday,1,7,2026-2027,P
5259,STU000009,2023010009,SUB0051,Human Computer Interaction,FAC006,2026-08-10,15,Monday,1,7,2026-2027,P
5260,STU000010,2023010010,SUB0051,Human Computer Interaction,FAC006,2026-08-10,15,Monday,1,7,2026-2027,A
5261,STU000011,2023010011,SUB0051,Human Computer Interaction,FAC006,2026-08-10,15,Monday,1,7,2026-2027,P
5262,STU000012,2023010012,SUB0051,Human Computer Interaction,FAC006,2026-08-10,15,Monday,1,7,2026-2027,P
5263,STU000013,2023010013,SUB0051,Human Computer Interaction,FAC006,2026-08-10,15,Monday,1,7,2026-2027,A
5264,STU000014,2023010014,SUB0051,Human Computer Interaction,FAC006,2026-08-10,15,Monday,1,7,2026-2027,P
5265,STU000015,2023010015,SUB0051,Human Computer Interaction,FAC006,2026-08-10,15,Monday,1,7,2026-2027,P
5266,STU000016,2023010016,SUB0051,Human Computer Interaction,FAC006,2026-08-10,15,Monday,1,7,2026-2027,P
5267,STU000017,2023010017,SUB0051,Human Computer Interaction,FAC006,2026-08-10,15,Monday,1,7,2026-2027,P
5268,STU000018,2023010018,SUB0051,Human Computer Interaction,FAC006,2026-08-10,15,Monday,1,7,2026-2027,P
5269,STU000019,2023010019,SUB0051,Human Computer Interaction,FAC006,2026-08-10,15,Monday,1,7,2026-2027,P
5270,STU000020,2023010020,SUB0051,Human Computer Interaction,FAC006,2026-08-10,15,Monday,1,7,2026-2027,A
5271,STU000021,2023010021,SUB0051,Human Computer Interaction,FAC006,2026-08-10,15,Monday,1,7,2026-2027,P
5272,STU000022,2023010022,SUB0051,Human Computer Interaction,FAC006,2026-08-10,15,Monday,1,7,2026-2027,P
5273,STU000023,2023010023,SUB0051,Human Computer Interaction,FAC006,2026-08-10,15,Monday,1,7,2026-2027,P
5274,STU000024,2023010024,SUB0051,Human Computer Interaction,FAC006,2026-08-10,15,Monday,1,7,2026-2027,P
5275,STU000025,2023010025,SUB0051,Human Computer Interaction,FAC006,2026-08-10,15,Monday,1,7,2026-2027,P
5276,STU000026,2023010026,SUB0051,Human Computer Interaction,FAC006,2026-08-10,15,Monday,1,7,2026-2027,P
5277,STU000027,2023010027,SUB0051,Human Computer Interaction,FAC006,2026-08-10,15,Monday,1,7,2026-2027,A
5278,STU000028,2023010028,SUB0051,Human Computer Interaction,FAC006,2026-08-10,15,Monday,1,7,2026-2027,P
5279,STU000029,2023010029,SUB0051,Human Computer Interaction,FAC006,2026-08-10,15,Monday,1,7,2026-2027,P
5280,STU000030,2023010030,SUB0051,Human Computer Interaction,FAC006,2026-08-10,15,Monday,1,7,2026-2027,P
5281,STU000031,2023010031,SUB0051,Human Computer Interaction,FAC006,2026-08-10,15,Monday,1,7,2026-2027,P
5282,STU000032,2023010032,SUB0051,Human Computer Interaction,FAC006,2026-08-10,15,Monday,1,7,2026-2027,P
5283,STU000033,2023010033,SUB0051,Human Computer Interaction,FAC006,2026-08-10,15,Monday,1,7,2026-2027,P
5284,STU000034,2023010034,SUB0051,Human Computer Interaction,FAC006,2026-08-10,15,Monday,1,7,2026-2027,P
5285,STU000035,2023010035,SUB0051,Human Computer Interaction,FAC006,2026-08-10,15,Monday,1,7,2026-2027,P
5286,STU000036,2023010036,SUB0051,Human Computer Interaction,FAC006,2026-08-10,15,Monday,1,7,2026-2027,P
5287,STU000037,2023010037,SUB0051,Human Computer Interaction,FAC006,2026-08-10,15,Monday,1,7,2026-2027,A
5288,STU000038,2023010038,SUB0051,Human Computer Interaction,FAC006,2026-08-10,15,Monday,1,7,2026-2027,P
5289,STU000039,2023010039,SUB0051,Human Computer Interaction,FAC006,2026-08-10,15,Monday,1,7,2026-2027,P
5290,STU000040,2023010040,SUB0051,Human Computer Interaction,FAC006,2026-08-10,15,Monday,1,7,2026-2027,P
5291,STU000041,2023010041,SUB0051,Human Computer Interaction,FAC006,2026-08-10,15,Monday,1,7,2026-2027,P
5292,STU000042,2023010042,SUB0051,Human Computer Interaction,FAC006,2026-08-10,15,Monday,1,7,2026-2027,P
5293,STU000043,2023010043,SUB0051,Human Computer Interaction,FAC006,2026-08-10,15,Monday,1,7,2026-2027,P
5294,STU000044,2023010044,SUB0051,Human Computer Interaction,FAC006,2026-08-10,15,Monday,1,7,2026-2027,A
5295,STU000045,2023010045,SUB0051,Human Computer Interaction,FAC006,2026-08-10,15,Monday,1,7,2026-2027,P
5296,STU000046,2023010046,SUB0051,Human Computer Interaction,FAC006,2026-08-10,15,Monday,1,7,2026-2027,P
5297,STU000047,2023010047,SUB0051,Human Computer Interaction,FAC006,2026-08-10,15,Monday,1,7,2026-2027,P
5298,STU000048,2023010048,SUB0051,Human Computer Interaction,FAC006,2026-08-10,15,Monday,1,7,2026-2027,P
5299,STU000049,2023010049,SUB0051,Human Computer Interaction,FAC006,2026-08-10,15,Monday,1,7,2026-2027,P
5300,STU000050,2023010050,SUB0051,Human Computer Interaction,FAC006,2026-08-10,15,Monday,1,7,2026-2027,P
5301,STU000001,2023010001,SUB0050,Software Engineering,FAC005,2026-08-10,22,Monday,1,7,2026-2027,P
5302,STU000001,2023010001,SUB0053,Deep Learning,FAC008,2026-08-10,22,Monday,1,7,2026-2027,P
5303,STU000002,2023010002,SUB0050,Software Engineering,FAC005,2026-08-10,22,Monday,1,7,2026-2027,P
5304,STU000002,2023010002,SUB0053,Deep Learning,FAC008,2026-08-10,22,Monday,1,7,2026-2027,P
5305,STU000003,2023010003,SUB0050,Software Engineering,FAC005,2026-08-10,22,Monday,1,7,2026-2027,P
5306,STU000003,2023010003,SUB0053,Deep Learning,FAC008,2026-08-10,22,Monday,1,7,2026-2027,P
5307,STU000004,2023010004,SUB0050,Software Engineering,FAC005,2026-08-10,22,Monday,1,7,2026-2027,P
5308,STU000004,2023010004,SUB0053,Deep Learning,FAC008,2026-08-10,22,Monday,1,7,2026-2027,A
5309,STU000005,2023010005,SUB0050,Software Engineering,FAC005,2026-08-10,22,Monday,1,7,2026-2027,P
5310,STU000005,2023010005,SUB0053,Deep Learning,FAC008,2026-08-10,22,Monday,1,7,2026-2027,P
5311,STU000006,2023010006,SUB0050,Software Engineering,FAC005,2026-08-10,22,Monday,1,7,2026-2027,P
5312,STU000006,2023010006,SUB0053,Deep Learning,FAC008,2026-08-10,22,Monday,1,7,2026-2027,P
5313,STU000007,2023010007,SUB0050,Software Engineering,FAC005,2026-08-10,22,Monday,1,7,2026-2027,P
5314,STU000007,2023010007,SUB0053,Deep Learning,FAC008,2026-08-10,22,Monday,1,7,2026-2027,P
5315,STU000008,2023010008,SUB0050,Software Engineering,FAC005,2026-08-10,22,Monday,1,7,2026-2027,P
5316,STU000008,2023010008,SUB0053,Deep Learning,FAC008,2026-08-10,22,Monday,1,7,2026-2027,P
5317,STU000009,2023010009,SUB0050,Software Engineering,FAC005,2026-08-10,22,Monday,1,7,2026-2027,P
5318,STU000009,2023010009,SUB0053,Deep Learning,FAC008,2026-08-10,22,Monday,1,7,2026-2027,P
5319,STU000010,2023010010,SUB0050,Software Engineering,FAC005,2026-08-10,22,Monday,1,7,2026-2027,P
5320,STU000010,2023010010,SUB0053,Deep Learning,FAC008,2026-08-10,22,Monday,1,7,2026-2027,P
5321,STU000011,2023010011,SUB0050,Software Engineering,FAC005,2026-08-10,22,Monday,1,7,2026-2027,P
5322,STU000011,2023010011,SUB0053,Deep Learning,FAC008,2026-08-10,22,Monday,1,7,2026-2027,A
5323,STU000012,2023010012,SUB0050,Software Engineering,FAC005,2026-08-10,22,Monday,1,7,2026-2027,P
5324,STU000012,2023010012,SUB0053,Deep Learning,FAC008,2026-08-10,22,Monday,1,7,2026-2027,P
5325,STU000013,2023010013,SUB0050,Software Engineering,FAC005,2026-08-10,22,Monday,1,7,2026-2027,P
5326,STU000013,2023010013,SUB0053,Deep Learning,FAC008,2026-08-10,22,Monday,1,7,2026-2027,P
5327,STU000014,2023010014,SUB0050,Software Engineering,FAC005,2026-08-10,22,Monday,1,7,2026-2027,A
5328,STU000014,2023010014,SUB0053,Deep Learning,FAC008,2026-08-10,22,Monday,1,7,2026-2027,P
5329,STU000015,2023010015,SUB0050,Software Engineering,FAC005,2026-08-10,22,Monday,1,7,2026-2027,P
5330,STU000015,2023010015,SUB0053,Deep Learning,FAC008,2026-08-10,22,Monday,1,7,2026-2027,P
5331,STU000016,2023010016,SUB0050,Software Engineering,FAC005,2026-08-10,22,Monday,1,7,2026-2027,P
5332,STU000016,2023010016,SUB0053,Deep Learning,FAC008,2026-08-10,22,Monday,1,7,2026-2027,P
5333,STU000017,2023010017,SUB0050,Software Engineering,FAC005,2026-08-10,22,Monday,1,7,2026-2027,P
5334,STU000017,2023010017,SUB0053,Deep Learning,FAC008,2026-08-10,22,Monday,1,7,2026-2027,P
5335,STU000018,2023010018,SUB0050,Software Engineering,FAC005,2026-08-10,22,Monday,1,7,2026-2027,P
5336,STU000018,2023010018,SUB0053,Deep Learning,FAC008,2026-08-10,22,Monday,1,7,2026-2027,A
5337,STU000019,2023010019,SUB0050,Software Engineering,FAC005,2026-08-10,22,Monday,1,7,2026-2027,P
5338,STU000019,2023010019,SUB0053,Deep Learning,FAC008,2026-08-10,22,Monday,1,7,2026-2027,P
5339,STU000020,2023010020,SUB0050,Software Engineering,FAC005,2026-08-10,22,Monday,1,7,2026-2027,P
5340,STU000020,2023010020,SUB0053,Deep Learning,FAC008,2026-08-10,22,Monday,1,7,2026-2027,P
5341,STU000021,2023010021,SUB0050,Software Engineering,FAC005,2026-08-10,22,Monday,1,7,2026-2027,A
5342,STU000021,2023010021,SUB0053,Deep Learning,FAC008,2026-08-10,22,Monday,1,7,2026-2027,P
5343,STU000022,2023010022,SUB0050,Software Engineering,FAC005,2026-08-10,22,Monday,1,7,2026-2027,P
5344,STU000022,2023010022,SUB0053,Deep Learning,FAC008,2026-08-10,22,Monday,1,7,2026-2027,P
5345,STU000023,2023010023,SUB0050,Software Engineering,FAC005,2026-08-10,22,Monday,1,7,2026-2027,P
5346,STU000023,2023010023,SUB0053,Deep Learning,FAC008,2026-08-10,22,Monday,1,7,2026-2027,P
5347,STU000024,2023010024,SUB0050,Software Engineering,FAC005,2026-08-10,22,Monday,1,7,2026-2027,P
5348,STU000024,2023010024,SUB0053,Deep Learning,FAC008,2026-08-10,22,Monday,1,7,2026-2027,P
5349,STU000025,2023010025,SUB0050,Software Engineering,FAC005,2026-08-10,22,Monday,1,7,2026-2027,P
5350,STU000025,2023010025,SUB0053,Deep Learning,FAC008,2026-08-10,22,Monday,1,7,2026-2027,P
5351,STU000026,2023010026,SUB0050,Software Engineering,FAC005,2026-08-10,22,Monday,1,7,2026-2027,P
5352,STU000026,2023010026,SUB0053,Deep Learning,FAC008,2026-08-10,22,Monday,1,7,2026-2027,P
5353,STU000027,2023010027,SUB0050,Software Engineering,FAC005,2026-08-10,22,Monday,1,7,2026-2027,P
5354,STU000027,2023010027,SUB0053,Deep Learning,FAC008,2026-08-10,22,Monday,1,7,2026-2027,P
5355,STU000028,2023010028,SUB0050,Software Engineering,FAC005,2026-08-10,22,Monday,1,7,2026-2027,P
5356,STU000028,2023010028,SUB0053,Deep Learning,FAC008,2026-08-10,22,Monday,1,7,2026-2027,P
5357,STU000029,2023010029,SUB0050,Software Engineering,FAC005,2026-08-10,22,Monday,1,7,2026-2027,P
5358,STU000029,2023010029,SUB0053,Deep Learning,FAC008,2026-08-10,22,Monday,1,7,2026-2027,A
5359,STU000030,2023010030,SUB0050,Software Engineering,FAC005,2026-08-10,22,Monday,1,7,2026-2027,P
5360,STU000030,2023010030,SUB0053,Deep Learning,FAC008,2026-08-10,22,Monday,1,7,2026-2027,P
5361,STU000031,2023010031,SUB0050,Software Engineering,FAC005,2026-08-10,22,Monday,1,7,2026-2027,P
5362,STU000031,2023010031,SUB0053,Deep Learning,FAC008,2026-08-10,22,Monday,1,7,2026-2027,P
5363,STU000032,2023010032,SUB0050,Software Engineering,FAC005,2026-08-10,22,Monday,1,7,2026-2027,P
5364,STU000032,2023010032,SUB0053,Deep Learning,FAC008,2026-08-10,22,Monday,1,7,2026-2027,P
5365,STU000033,2023010033,SUB0050,Software Engineering,FAC005,2026-08-10,22,Monday,1,7,2026-2027,P
5366,STU000033,2023010033,SUB0053,Deep Learning,FAC008,2026-08-10,22,Monday,1,7,2026-2027,P
5367,STU000034,2023010034,SUB0050,Software Engineering,FAC005,2026-08-10,22,Monday,1,7,2026-2027,P
5368,STU000034,2023010034,SUB0053,Deep Learning,FAC008,2026-08-10,22,Monday,1,7,2026-2027,P
5369,STU000035,2023010035,SUB0050,Software Engineering,FAC005,2026-08-10,22,Monday,1,7,2026-2027,P
5370,STU000035,2023010035,SUB0053,Deep Learning,FAC008,2026-08-10,22,Monday,1,7,2026-2027,P
5371,STU000036,2023010036,SUB0050,Software Engineering,FAC005,2026-08-10,22,Monday,1,7,2026-2027,P
5372,STU000036,2023010036,SUB0053,Deep Learning,FAC008,2026-08-10,22,Monday,1,7,2026-2027,A
5373,STU000037,2023010037,SUB0050,Software Engineering,FAC005,2026-08-10,22,Monday,1,7,2026-2027,P
5374,STU000037,2023010037,SUB0053,Deep Learning,FAC008,2026-08-10,22,Monday,1,7,2026-2027,P
5375,STU000038,2023010038,SUB0050,Software Engineering,FAC005,2026-08-10,22,Monday,1,7,2026-2027,P
5376,STU000038,2023010038,SUB0053,Deep Learning,FAC008,2026-08-10,22,Monday,1,7,2026-2027,P
5377,STU000039,2023010039,SUB0050,Software Engineering,FAC005,2026-08-10,22,Monday,1,7,2026-2027,A
5378,STU000039,2023010039,SUB0053,Deep Learning,FAC008,2026-08-10,22,Monday,1,7,2026-2027,P
5379,STU000040,2023010040,SUB0050,Software Engineering,FAC005,2026-08-10,22,Monday,1,7,2026-2027,P
5380,STU000040,2023010040,SUB0053,Deep Learning,FAC008,2026-08-10,22,Monday,1,7,2026-2027,P
5381,STU000041,2023010041,SUB0050,Software Engineering,FAC005,2026-08-10,22,Monday,1,7,2026-2027,P
5382,STU000041,2023010041,SUB0053,Deep Learning,FAC008,2026-08-10,22,Monday,1,7,2026-2027,P
5383,STU000042,2023010042,SUB0050,Software Engineering,FAC005,2026-08-10,22,Monday,1,7,2026-2027,P
5384,STU000042,2023010042,SUB0053,Deep Learning,FAC008,2026-08-10,22,Monday,1,7,2026-2027,P
5385,STU000043,2023010043,SUB0050,Software Engineering,FAC005,2026-08-10,22,Monday,1,7,2026-2027,P
5386,STU000043,2023010043,SUB0053,Deep Learning,FAC008,2026-08-10,22,Monday,1,7,2026-2027,A
5387,STU000044,2023010044,SUB0050,Software Engineering,FAC005,2026-08-10,22,Monday,1,7,2026-2027,P
5388,STU000044,2023010044,SUB0053,Deep Learning,FAC008,2026-08-10,22,Monday,1,7,2026-2027,P
5389,STU000045,2023010045,SUB0050,Software Engineering,FAC005,2026-08-10,22,Monday,1,7,2026-2027,P
5390,STU000045,2023010045,SUB0053,Deep Learning,FAC008,2026-08-10,22,Monday,1,7,2026-2027,P
5391,STU000046,2023010046,SUB0050,Software Engineering,FAC005,2026-08-10,22,Monday,1,7,2026-2027,A
5392,STU000046,2023010046,SUB0053,Deep Learning,FAC008,2026-08-10,22,Monday,1,7,2026-2027,P
5393,STU000047,2023010047,SUB0050,Software Engineering,FAC005,2026-08-10,22,Monday,1,7,2026-2027,P
5394,STU000047,2023010047,SUB0053,Deep Learning,FAC008,2026-08-10,22,Monday,1,7,2026-2027,A
5395,STU000048,2023010048,SUB0050,Software Engineering,FAC005,2026-08-10,22,Monday,1,7,2026-2027,P
5396,STU000048,2023010048,SUB0053,Deep Learning,FAC008,2026-08-10,22,Monday,1,7,2026-2027,P
5397,STU000049,2023010049,SUB0050,Software Engineering,FAC005,2026-08-10,22,Monday,1,7,2026-2027,P
5398,STU000049,2023010049,SUB0053,Deep Learning,FAC008,2026-08-10,22,Monday,1,7,2026-2027,P
5399,STU000050,2023010050,SUB0050,Software Engineering,FAC005,2026-08-10,22,Monday,1,7,2026-2027,P
5400,STU000050,2023010050,SUB0053,Deep Learning,FAC008,2026-08-10,22,Monday,1,7,2026-2027,P
5401,STU000001,2023010001,SUB0052,"Innovation, Start-up & Entrepreneurship",FAC007,2026-08-11,8,Tuesday,1,7,2026-2027,P
5402,STU000002,2023010002,SUB0052,"Innovation, Start-up & Entrepreneurship",FAC007,2026-08-11,8,Tuesday,1,7,2026-2027,P
5403,STU000003,2023010003,SUB0052,"Innovation, Start-up & Entrepreneurship",FAC007,2026-08-11,8,Tuesday,1,7,2026-2027,A
5404,STU000004,2023010004,SUB0052,"Innovation, Start-up & Entrepreneurship",FAC007,2026-08-11,8,Tuesday,1,7,2026-2027,P
5405,STU000005,2023010005,SUB0052,"Innovation, Start-up & Entrepreneurship",FAC007,2026-08-11,8,Tuesday,1,7,2026-2027,P
5406,STU000006,2023010006,SUB0052,"Innovation, Start-up & Entrepreneurship",FAC007,2026-08-11,8,Tuesday,1,7,2026-2027,P
5407,STU000007,2023010007,SUB0052,"Innovation, Start-up & Entrepreneurship",FAC007,2026-08-11,8,Tuesday,1,7,2026-2027,P
5408,STU000008,2023010008,SUB0052,"Innovation, Start-up & Entrepreneurship",FAC007,2026-08-11,8,Tuesday,1,7,2026-2027,P
5409,STU000009,2023010009,SUB0052,"Innovation, Start-up & Entrepreneurship",FAC007,2026-08-11,8,Tuesday,1,7,2026-2027,P
5410,STU000010,2023010010,SUB0052,"Innovation, Start-up & Entrepreneurship",FAC007,2026-08-11,8,Tuesday,1,7,2026-2027,P
5411,STU000011,2023010011,SUB0052,"Innovation, Start-up & Entrepreneurship",FAC007,2026-08-11,8,Tuesday,1,7,2026-2027,A
5412,STU000012,2023010012,SUB0052,"Innovation, Start-up & Entrepreneurship",FAC007,2026-08-11,8,Tuesday,1,7,2026-2027,P
5413,STU000013,2023010013,SUB0052,"Innovation, Start-up & Entrepreneurship",FAC007,2026-08-11,8,Tuesday,1,7,2026-2027,P
5414,STU000014,2023010014,SUB0052,"Innovation, Start-up & Entrepreneurship",FAC007,2026-08-11,8,Tuesday,1,7,2026-2027,P
5415,STU000015,2023010015,SUB0052,"Innovation, Start-up & Entrepreneurship",FAC007,2026-08-11,8,Tuesday,1,7,2026-2027,P
5416,STU000016,2023010016,SUB0052,"Innovation, Start-up & Entrepreneurship",FAC007,2026-08-11,8,Tuesday,1,7,2026-2027,P
5417,STU000017,2023010017,SUB0052,"Innovation, Start-up & Entrepreneurship",FAC007,2026-08-11,8,Tuesday,1,7,2026-2027,P
5418,STU000018,2023010018,SUB0052,"Innovation, Start-up & Entrepreneurship",FAC007,2026-08-11,8,Tuesday,1,7,2026-2027,P
5419,STU000019,2023010019,SUB0052,"Innovation, Start-up & Entrepreneurship",FAC007,2026-08-11,8,Tuesday,1,7,2026-2027,A
5420,STU000020,2023010020,SUB0052,"Innovation, Start-up & Entrepreneurship",FAC007,2026-08-11,8,Tuesday,1,7,2026-2027,P
5421,STU000021,2023010021,SUB0052,"Innovation, Start-up & Entrepreneurship",FAC007,2026-08-11,8,Tuesday,1,7,2026-2027,P
5422,STU000022,2023010022,SUB0052,"Innovation, Start-up & Entrepreneurship",FAC007,2026-08-11,8,Tuesday,1,7,2026-2027,P
5423,STU000023,2023010023,SUB0052,"Innovation, Start-up & Entrepreneurship",FAC007,2026-08-11,8,Tuesday,1,7,2026-2027,P
5424,STU000024,2023010024,SUB0052,"Innovation, Start-up & Entrepreneurship",FAC007,2026-08-11,8,Tuesday,1,7,2026-2027,P
5425,STU000025,2023010025,SUB0052,"Innovation, Start-up & Entrepreneurship",FAC007,2026-08-11,8,Tuesday,1,7,2026-2027,P
5426,STU000026,2023010026,SUB0052,"Innovation, Start-up & Entrepreneurship",FAC007,2026-08-11,8,Tuesday,1,7,2026-2027,P
5427,STU000027,2023010027,SUB0052,"Innovation, Start-up & Entrepreneurship",FAC007,2026-08-11,8,Tuesday,1,7,2026-2027,A
5428,STU000028,2023010028,SUB0052,"Innovation, Start-up & Entrepreneurship",FAC007,2026-08-11,8,Tuesday,1,7,2026-2027,P
5429,STU000029,2023010029,SUB0052,"Innovation, Start-up & Entrepreneurship",FAC007,2026-08-11,8,Tuesday,1,7,2026-2027,P
5430,STU000030,2023010030,SUB0052,"Innovation, Start-up & Entrepreneurship",FAC007,2026-08-11,8,Tuesday,1,7,2026-2027,P
5431,STU000031,2023010031,SUB0052,"Innovation, Start-up & Entrepreneurship",FAC007,2026-08-11,8,Tuesday,1,7,2026-2027,P
5432,STU000032,2023010032,SUB0052,"Innovation, Start-up & Entrepreneurship",FAC007,2026-08-11,8,Tuesday,1,7,2026-2027,P
5433,STU000033,2023010033,SUB0052,"Innovation, Start-up & Entrepreneurship",FAC007,2026-08-11,8,Tuesday,1,7,2026-2027,P
5434,STU000034,2023010034,SUB0052,"Innovation, Start-up & Entrepreneurship",FAC007,2026-08-11,8,Tuesday,1,7,2026-2027,P
5435,STU000035,2023010035,SUB0052,"Innovation, Start-up & Entrepreneurship",FAC007,2026-08-11,8,Tuesday,1,7,2026-2027,A
5436,STU000036,2023010036,SUB0052,"Innovation, Start-up & Entrepreneurship",FAC007,2026-08-11,8,Tuesday,1,7,2026-2027,P
5437,STU000037,2023010037,SUB0052,"Innovation, Start-up & Entrepreneurship",FAC007,2026-08-11,8,Tuesday,1,7,2026-2027,P
5438,STU000038,2023010038,SUB0052,"Innovation, Start-up & Entrepreneurship",FAC007,2026-08-11,8,Tuesday,1,7,2026-2027,P
5439,STU000039,2023010039,SUB0052,"Innovation, Start-up & Entrepreneurship",FAC007,2026-08-11,8,Tuesday,1,7,2026-2027,P
5440,STU000040,2023010040,SUB0052,"Innovation, Start-up & Entrepreneurship",FAC007,2026-08-11,8,Tuesday,1,7,2026-2027,P
5441,STU000041,2023010041,SUB0052,"Innovation, Start-up & Entrepreneurship",FAC007,2026-08-11,8,Tuesday,1,7,2026-2027,P
5442,STU000042,2023010042,SUB0052,"Innovation, Start-up & Entrepreneurship",FAC007,2026-08-11,8,Tuesday,1,7,2026-2027,P
5443,STU000043,2023010043,SUB0052,"Innovation, Start-up & Entrepreneurship",FAC007,2026-08-11,8,Tuesday,1,7,2026-2027,A
5444,STU000044,2023010044,SUB0052,"Innovation, Start-up & Entrepreneurship",FAC007,2026-08-11,8,Tuesday,1,7,2026-2027,P
5445,STU000045,2023010045,SUB0052,"Innovation, Start-up & Entrepreneurship",FAC007,2026-08-11,8,Tuesday,1,7,2026-2027,P
5446,STU000046,2023010046,SUB0052,"Innovation, Start-up & Entrepreneurship",FAC007,2026-08-11,8,Tuesday,1,7,2026-2027,P
5447,STU000047,2023010047,SUB0052,"Innovation, Start-up & Entrepreneurship",FAC007,2026-08-11,8,Tuesday,1,7,2026-2027,P
5448,STU000048,2023010048,SUB0052,"Innovation, Start-up & Entrepreneurship",FAC007,2026-08-11,8,Tuesday,1,7,2026-2027,P
5449,STU000049,2023010049,SUB0052,"Innovation, Start-up & Entrepreneurship",FAC007,2026-08-11,8,Tuesday,1,7,2026-2027,P
5450,STU000050,2023010050,SUB0052,"Innovation, Start-up & Entrepreneurship",FAC007,2026-08-11,8,Tuesday,1,7,2026-2027,P
5451,STU000001,2023010001,SUB0054,Natural Language Processing,FAC009,2026-08-11,15,Tuesday,1,7,2026-2027,A
5452,STU000002,2023010002,SUB0054,Natural Language Processing,FAC009,2026-08-11,15,Tuesday,1,7,2026-2027,P
5453,STU000003,2023010003,SUB0054,Natural Language Processing,FAC009,2026-08-11,15,Tuesday,1,7,2026-2027,P
5454,STU000004,2023010004,SUB0054,Natural Language Processing,FAC009,2026-08-11,15,Tuesday,1,7,2026-2027,P
5455,STU000005,2023010005,SUB0054,Natural Language Processing,FAC009,2026-08-11,15,Tuesday,1,7,2026-2027,P
5456,STU000006,2023010006,SUB0054,Natural Language Processing,FAC009,2026-08-11,15,Tuesday,1,7,2026-2027,P
5457,STU000007,2023010007,SUB0054,Natural Language Processing,FAC009,2026-08-11,15,Tuesday,1,7,2026-2027,P
5458,STU000008,2023010008,SUB0054,Natural Language Processing,FAC009,2026-08-11,15,Tuesday,1,7,2026-2027,A
5459,STU000009,2023010009,SUB0054,Natural Language Processing,FAC009,2026-08-11,15,Tuesday,1,7,2026-2027,P
5460,STU000010,2023010010,SUB0054,Natural Language Processing,FAC009,2026-08-11,15,Tuesday,1,7,2026-2027,P
5461,STU000011,2023010011,SUB0054,Natural Language Processing,FAC009,2026-08-11,15,Tuesday,1,7,2026-2027,P
5462,STU000012,2023010012,SUB0054,Natural Language Processing,FAC009,2026-08-11,15,Tuesday,1,7,2026-2027,P
5463,STU000013,2023010013,SUB0054,Natural Language Processing,FAC009,2026-08-11,15,Tuesday,1,7,2026-2027,P
5464,STU000014,2023010014,SUB0054,Natural Language Processing,FAC009,2026-08-11,15,Tuesday,1,7,2026-2027,P
5465,STU000015,2023010015,SUB0054,Natural Language Processing,FAC009,2026-08-11,15,Tuesday,1,7,2026-2027,P
5466,STU000016,2023010016,SUB0054,Natural Language Processing,FAC009,2026-08-11,15,Tuesday,1,7,2026-2027,P
5467,STU000017,2023010017,SUB0054,Natural Language Processing,FAC009,2026-08-11,15,Tuesday,1,7,2026-2027,A
5468,STU000018,2023010018,SUB0054,Natural Language Processing,FAC009,2026-08-11,15,Tuesday,1,7,2026-2027,P
5469,STU000019,2023010019,SUB0054,Natural Language Processing,FAC009,2026-08-11,15,Tuesday,1,7,2026-2027,P
5470,STU000020,2023010020,SUB0054,Natural Language Processing,FAC009,2026-08-11,15,Tuesday,1,7,2026-2027,P
5471,STU000021,2023010021,SUB0054,Natural Language Processing,FAC009,2026-08-11,15,Tuesday,1,7,2026-2027,P
5472,STU000022,2023010022,SUB0054,Natural Language Processing,FAC009,2026-08-11,15,Tuesday,1,7,2026-2027,P
5473,STU000023,2023010023,SUB0054,Natural Language Processing,FAC009,2026-08-11,15,Tuesday,1,7,2026-2027,P
5474,STU000024,2023010024,SUB0054,Natural Language Processing,FAC009,2026-08-11,15,Tuesday,1,7,2026-2027,A
5475,STU000025,2023010025,SUB0054,Natural Language Processing,FAC009,2026-08-11,15,Tuesday,1,7,2026-2027,P
5476,STU000026,2023010026,SUB0054,Natural Language Processing,FAC009,2026-08-11,15,Tuesday,1,7,2026-2027,P
5477,STU000027,2023010027,SUB0054,Natural Language Processing,FAC009,2026-08-11,15,Tuesday,1,7,2026-2027,P
5478,STU000028,2023010028,SUB0054,Natural Language Processing,FAC009,2026-08-11,15,Tuesday,1,7,2026-2027,P
5479,STU000029,2023010029,SUB0054,Natural Language Processing,FAC009,2026-08-11,15,Tuesday,1,7,2026-2027,P
5480,STU000030,2023010030,SUB0054,Natural Language Processing,FAC009,2026-08-11,15,Tuesday,1,7,2026-2027,P
5481,STU000031,2023010031,SUB0054,Natural Language Processing,FAC009,2026-08-11,15,Tuesday,1,7,2026-2027,P
5482,STU000032,2023010032,SUB0054,Natural Language Processing,FAC009,2026-08-11,15,Tuesday,1,7,2026-2027,P
5483,STU000033,2023010033,SUB0054,Natural Language Processing,FAC009,2026-08-11,15,Tuesday,1,7,2026-2027,P
5484,STU000034,2023010034,SUB0054,Natural Language Processing,FAC009,2026-08-11,15,Tuesday,1,7,2026-2027,P
5485,STU000035,2023010035,SUB0054,Natural Language Processing,FAC009,2026-08-11,15,Tuesday,1,7,2026-2027,P
5486,STU000036,2023010036,SUB0054,Natural Language Processing,FAC009,2026-08-11,15,Tuesday,1,7,2026-2027,P
5487,STU000037,2023010037,SUB0054,Natural Language Processing,FAC009,2026-08-11,15,Tuesday,1,7,2026-2027,P
5488,STU000038,2023010038,SUB0054,Natural Language Processing,FAC009,2026-08-11,15,Tuesday,1,7,2026-2027,P
5489,STU000039,2023010039,SUB0054,Natural Language Processing,FAC009,2026-08-11,15,Tuesday,1,7,2026-2027,P
5490,STU000040,2023010040,SUB0054,Natural Language Processing,FAC009,2026-08-11,15,Tuesday,1,7,2026-2027,A
5491,STU000041,2023010041,SUB0054,Natural Language Processing,FAC009,2026-08-11,15,Tuesday,1,7,2026-2027,P
5492,STU000042,2023010042,SUB0054,Natural Language Processing,FAC009,2026-08-11,15,Tuesday,1,7,2026-2027,P
5493,STU000043,2023010043,SUB0054,Natural Language Processing,FAC009,2026-08-11,15,Tuesday,1,7,2026-2027,P
5494,STU000044,2023010044,SUB0054,Natural Language Processing,FAC009,2026-08-11,15,Tuesday,1,7,2026-2027,P
5495,STU000045,2023010045,SUB0054,Natural Language Processing,FAC009,2026-08-11,15,Tuesday,1,7,2026-2027,P
5496,STU000046,2023010046,SUB0054,Natural Language Processing,FAC009,2026-08-11,15,Tuesday,1,7,2026-2027,P
5497,STU000047,2023010047,SUB0054,Natural Language Processing,FAC009,2026-08-11,15,Tuesday,1,7,2026-2027,P
5498,STU000048,2023010048,SUB0054,Natural Language Processing,FAC009,2026-08-11,15,Tuesday,1,7,2026-2027,P
5499,STU000049,2023010049,SUB0054,Natural Language Processing,FAC009,2026-08-11,15,Tuesday,1,7,2026-2027,A
5500,STU000050,2023010050,SUB0054,Natural Language Processing,FAC009,2026-08-11,15,Tuesday,1,7,2026-2027,P
5501,STU000001,2023010001,SUB0053,Deep Learning,FAC008,2026-08-11,23,Tuesday,1,7,2026-2027,P
5502,STU000002,2023010002,SUB0053,Deep Learning,FAC008,2026-08-11,23,Tuesday,1,7,2026-2027,P
5503,STU000003,2023010003,SUB0053,Deep Learning,FAC008,2026-08-11,23,Tuesday,1,7,2026-2027,P
5504,STU000004,2023010004,SUB0053,Deep Learning,FAC008,2026-08-11,23,Tuesday,1,7,2026-2027,P
5505,STU000005,2023010005,SUB0053,Deep Learning,FAC008,2026-08-11,23,Tuesday,1,7,2026-2027,A
5506,STU000006,2023010006,SUB0053,Deep Learning,FAC008,2026-08-11,23,Tuesday,1,7,2026-2027,P
5507,STU000007,2023010007,SUB0053,Deep Learning,FAC008,2026-08-11,23,Tuesday,1,7,2026-2027,P
5508,STU000008,2023010008,SUB0053,Deep Learning,FAC008,2026-08-11,23,Tuesday,1,7,2026-2027,P
5509,STU000009,2023010009,SUB0053,Deep Learning,FAC008,2026-08-11,23,Tuesday,1,7,2026-2027,P
5510,STU000010,2023010010,SUB0053,Deep Learning,FAC008,2026-08-11,23,Tuesday,1,7,2026-2027,P
5511,STU000011,2023010011,SUB0053,Deep Learning,FAC008,2026-08-11,23,Tuesday,1,7,2026-2027,P
5512,STU000012,2023010012,SUB0053,Deep Learning,FAC008,2026-08-11,23,Tuesday,1,7,2026-2027,A
5513,STU000013,2023010013,SUB0053,Deep Learning,FAC008,2026-08-11,23,Tuesday,1,7,2026-2027,P
5514,STU000014,2023010014,SUB0053,Deep Learning,FAC008,2026-08-11,23,Tuesday,1,7,2026-2027,P
5515,STU000015,2023010015,SUB0053,Deep Learning,FAC008,2026-08-11,23,Tuesday,1,7,2026-2027,P
5516,STU000016,2023010016,SUB0053,Deep Learning,FAC008,2026-08-11,23,Tuesday,1,7,2026-2027,P
5517,STU000017,2023010017,SUB0053,Deep Learning,FAC008,2026-08-11,23,Tuesday,1,7,2026-2027,P
5518,STU000018,2023010018,SUB0053,Deep Learning,FAC008,2026-08-11,23,Tuesday,1,7,2026-2027,P
5519,STU000019,2023010019,SUB0053,Deep Learning,FAC008,2026-08-11,23,Tuesday,1,7,2026-2027,A
5520,STU000020,2023010020,SUB0053,Deep Learning,FAC008,2026-08-11,23,Tuesday,1,7,2026-2027,P
5521,STU000021,2023010021,SUB0053,Deep Learning,FAC008,2026-08-11,23,Tuesday,1,7,2026-2027,P
5522,STU000022,2023010022,SUB0053,Deep Learning,FAC008,2026-08-11,23,Tuesday,1,7,2026-2027,P
5523,STU000023,2023010023,SUB0053,Deep Learning,FAC008,2026-08-11,23,Tuesday,1,7,2026-2027,P
5524,STU000024,2023010024,SUB0053,Deep Learning,FAC008,2026-08-11,23,Tuesday,1,7,2026-2027,P
5525,STU000025,2023010025,SUB0053,Deep Learning,FAC008,2026-08-11,23,Tuesday,1,7,2026-2027,P
5526,STU000026,2023010026,SUB0053,Deep Learning,FAC008,2026-08-11,23,Tuesday,1,7,2026-2027,P
5527,STU000027,2023010027,SUB0053,Deep Learning,FAC008,2026-08-11,23,Tuesday,1,7,2026-2027,P
5528,STU000028,2023010028,SUB0053,Deep Learning,FAC008,2026-08-11,23,Tuesday,1,7,2026-2027,P
5529,STU000029,2023010029,SUB0053,Deep Learning,FAC008,2026-08-11,23,Tuesday,1,7,2026-2027,P
5530,STU000030,2023010030,SUB0053,Deep Learning,FAC008,2026-08-11,23,Tuesday,1,7,2026-2027,P
5531,STU000031,2023010031,SUB0053,Deep Learning,FAC008,2026-08-11,23,Tuesday,1,7,2026-2027,P
5532,STU000032,2023010032,SUB0053,Deep Learning,FAC008,2026-08-11,23,Tuesday,1,7,2026-2027,P
5533,STU000033,2023010033,SUB0053,Deep Learning,FAC008,2026-08-11,23,Tuesday,1,7,2026-2027,P
5534,STU000034,2023010034,SUB0053,Deep Learning,FAC008,2026-08-11,23,Tuesday,1,7,2026-2027,P
5535,STU000035,2023010035,SUB0053,Deep Learning,FAC008,2026-08-11,23,Tuesday,1,7,2026-2027,P
5536,STU000036,2023010036,SUB0053,Deep Learning,FAC008,2026-08-11,23,Tuesday,1,7,2026-2027,P
5537,STU000037,2023010037,SUB0053,Deep Learning,FAC008,2026-08-11,23,Tuesday,1,7,2026-2027,A
5538,STU000038,2023010038,SUB0053,Deep Learning,FAC008,2026-08-11,23,Tuesday,1,7,2026-2027,P
5539,STU000039,2023010039,SUB0053,Deep Learning,FAC008,2026-08-11,23,Tuesday,1,7,2026-2027,P
5540,STU000040,2023010040,SUB0053,Deep Learning,FAC008,2026-08-11,23,Tuesday,1,7,2026-2027,P
5541,STU000041,2023010041,SUB0053,Deep Learning,FAC008,2026-08-11,23,Tuesday,1,7,2026-2027,P
5542,STU000042,2023010042,SUB0053,Deep Learning,FAC008,2026-08-11,23,Tuesday,1,7,2026-2027,P
5543,STU000043,2023010043,SUB0053,Deep Learning,FAC008,2026-08-11,23,Tuesday,1,7,2026-2027,P
5544,STU000044,2023010044,SUB0053,Deep Learning,FAC008,2026-08-11,23,Tuesday,1,7,2026-2027,A
5545,STU000045,2023010045,SUB0053,Deep Learning,FAC008,2026-08-11,23,Tuesday,1,7,2026-2027,P
5546,STU000046,2023010046,SUB0053,Deep Learning,FAC008,2026-08-11,23,Tuesday,1,7,2026-2027,P
5547,STU000047,2023010047,SUB0053,Deep Learning,FAC008,2026-08-11,23,Tuesday,1,7,2026-2027,P
5548,STU000048,2023010048,SUB0053,Deep Learning,FAC008,2026-08-11,23,Tuesday,1,7,2026-2027,A
5549,STU000049,2023010049,SUB0053,Deep Learning,FAC008,2026-08-11,23,Tuesday,1,7,2026-2027,P
5550,STU000050,2023010050,SUB0053,Deep Learning,FAC008,2026-08-11,23,Tuesday,1,7,2026-2027,P
5551,STU000001,2023010001,SUB0051,Human Computer Interaction,FAC006,2026-08-12,16,Wednesday,1,7,2026-2027,P
5552,STU000001,2023010001,SUB0054,Natural Language Processing,FAC009,2026-08-12,16,Wednesday,1,7,2026-2027,P
5553,STU000002,2023010002,SUB0051,Human Computer Interaction,FAC006,2026-08-12,16,Wednesday,1,7,2026-2027,P
5554,STU000002,2023010002,SUB0054,Natural Language Processing,FAC009,2026-08-12,16,Wednesday,1,7,2026-2027,P
5555,STU000003,2023010003,SUB0051,Human Computer Interaction,FAC006,2026-08-12,16,Wednesday,1,7,2026-2027,P
5556,STU000003,2023010003,SUB0054,Natural Language Processing,FAC009,2026-08-12,16,Wednesday,1,7,2026-2027,P
5557,STU000004,2023010004,SUB0051,Human Computer Interaction,FAC006,2026-08-12,16,Wednesday,1,7,2026-2027,A
5558,STU000004,2023010004,SUB0054,Natural Language Processing,FAC009,2026-08-12,16,Wednesday,1,7,2026-2027,P
5559,STU000005,2023010005,SUB0051,Human Computer Interaction,FAC006,2026-08-12,16,Wednesday,1,7,2026-2027,P
5560,STU000005,2023010005,SUB0054,Natural Language Processing,FAC009,2026-08-12,16,Wednesday,1,7,2026-2027,P
5561,STU000006,2023010006,SUB0051,Human Computer Interaction,FAC006,2026-08-12,16,Wednesday,1,7,2026-2027,P
5562,STU000006,2023010006,SUB0054,Natural Language Processing,FAC009,2026-08-12,16,Wednesday,1,7,2026-2027,P
5563,STU000007,2023010007,SUB0051,Human Computer Interaction,FAC006,2026-08-12,16,Wednesday,1,7,2026-2027,P
5564,STU000007,2023010007,SUB0054,Natural Language Processing,FAC009,2026-08-12,16,Wednesday,1,7,2026-2027,P
5565,STU000008,2023010008,SUB0051,Human Computer Interaction,FAC006,2026-08-12,16,Wednesday,1,7,2026-2027,P
5566,STU000008,2023010008,SUB0054,Natural Language Processing,FAC009,2026-08-12,16,Wednesday,1,7,2026-2027,P
5567,STU000009,2023010009,SUB0051,Human Computer Interaction,FAC006,2026-08-12,16,Wednesday,1,7,2026-2027,P
5568,STU000009,2023010009,SUB0054,Natural Language Processing,FAC009,2026-08-12,16,Wednesday,1,7,2026-2027,A
5569,STU000010,2023010010,SUB0051,Human Computer Interaction,FAC006,2026-08-12,16,Wednesday,1,7,2026-2027,P
5570,STU000010,2023010010,SUB0054,Natural Language Processing,FAC009,2026-08-12,16,Wednesday,1,7,2026-2027,P
5571,STU000011,2023010011,SUB0051,Human Computer Interaction,FAC006,2026-08-12,16,Wednesday,1,7,2026-2027,A
5572,STU000011,2023010011,SUB0054,Natural Language Processing,FAC009,2026-08-12,16,Wednesday,1,7,2026-2027,P
5573,STU000012,2023010012,SUB0051,Human Computer Interaction,FAC006,2026-08-12,16,Wednesday,1,7,2026-2027,P
5574,STU000012,2023010012,SUB0054,Natural Language Processing,FAC009,2026-08-12,16,Wednesday,1,7,2026-2027,P
5575,STU000013,2023010013,SUB0051,Human Computer Interaction,FAC006,2026-08-12,16,Wednesday,1,7,2026-2027,P
5576,STU000013,2023010013,SUB0054,Natural Language Processing,FAC009,2026-08-12,16,Wednesday,1,7,2026-2027,P
5577,STU000014,2023010014,SUB0051,Human Computer Interaction,FAC006,2026-08-12,16,Wednesday,1,7,2026-2027,P
5578,STU000014,2023010014,SUB0054,Natural Language Processing,FAC009,2026-08-12,16,Wednesday,1,7,2026-2027,P
5579,STU000015,2023010015,SUB0051,Human Computer Interaction,FAC006,2026-08-12,16,Wednesday,1,7,2026-2027,P
5580,STU000015,2023010015,SUB0054,Natural Language Processing,FAC009,2026-08-12,16,Wednesday,1,7,2026-2027,P
5581,STU000016,2023010016,SUB0051,Human Computer Interaction,FAC006,2026-08-12,16,Wednesday,1,7,2026-2027,P
5582,STU000016,2023010016,SUB0054,Natural Language Processing,FAC009,2026-08-12,16,Wednesday,1,7,2026-2027,P
5583,STU000017,2023010017,SUB0051,Human Computer Interaction,FAC006,2026-08-12,16,Wednesday,1,7,2026-2027,P
5584,STU000017,2023010017,SUB0054,Natural Language Processing,FAC009,2026-08-12,16,Wednesday,1,7,2026-2027,P
5585,STU000018,2023010018,SUB0051,Human Computer Interaction,FAC006,2026-08-12,16,Wednesday,1,7,2026-2027,P
5586,STU000018,2023010018,SUB0054,Natural Language Processing,FAC009,2026-08-12,16,Wednesday,1,7,2026-2027,A
5587,STU000019,2023010019,SUB0051,Human Computer Interaction,FAC006,2026-08-12,16,Wednesday,1,7,2026-2027,P
5588,STU000019,2023010019,SUB0054,Natural Language Processing,FAC009,2026-08-12,16,Wednesday,1,7,2026-2027,P
5589,STU000020,2023010020,SUB0051,Human Computer Interaction,FAC006,2026-08-12,16,Wednesday,1,7,2026-2027,P
5590,STU000020,2023010020,SUB0054,Natural Language Processing,FAC009,2026-08-12,16,Wednesday,1,7,2026-2027,P
5591,STU000021,2023010021,SUB0051,Human Computer Interaction,FAC006,2026-08-12,16,Wednesday,1,7,2026-2027,P
5592,STU000021,2023010021,SUB0054,Natural Language Processing,FAC009,2026-08-12,16,Wednesday,1,7,2026-2027,P
5593,STU000022,2023010022,SUB0051,Human Computer Interaction,FAC006,2026-08-12,16,Wednesday,1,7,2026-2027,P
5594,STU000022,2023010022,SUB0054,Natural Language Processing,FAC009,2026-08-12,16,Wednesday,1,7,2026-2027,P
5595,STU000023,2023010023,SUB0051,Human Computer Interaction,FAC006,2026-08-12,16,Wednesday,1,7,2026-2027,P
5596,STU000023,2023010023,SUB0054,Natural Language Processing,FAC009,2026-08-12,16,Wednesday,1,7,2026-2027,P
5597,STU000024,2023010024,SUB0051,Human Computer Interaction,FAC006,2026-08-12,16,Wednesday,1,7,2026-2027,P
5598,STU000024,2023010024,SUB0054,Natural Language Processing,FAC009,2026-08-12,16,Wednesday,1,7,2026-2027,P
5599,STU000025,2023010025,SUB0051,Human Computer Interaction,FAC006,2026-08-12,16,Wednesday,1,7,2026-2027,P
5600,STU000025,2023010025,SUB0054,Natural Language Processing,FAC009,2026-08-12,16,Wednesday,1,7,2026-2027,A
5601,STU000026,2023010026,SUB0051,Human Computer Interaction,FAC006,2026-08-12,16,Wednesday,1,7,2026-2027,P
5602,STU000026,2023010026,SUB0054,Natural Language Processing,FAC009,2026-08-12,16,Wednesday,1,7,2026-2027,P
5603,STU000027,2023010027,SUB0051,Human Computer Interaction,FAC006,2026-08-12,16,Wednesday,1,7,2026-2027,P
5604,STU000027,2023010027,SUB0054,Natural Language Processing,FAC009,2026-08-12,16,Wednesday,1,7,2026-2027,P
5605,STU000028,2023010028,SUB0051,Human Computer Interaction,FAC006,2026-08-12,16,Wednesday,1,7,2026-2027,A
5606,STU000028,2023010028,SUB0054,Natural Language Processing,FAC009,2026-08-12,16,Wednesday,1,7,2026-2027,P
5607,STU000029,2023010029,SUB0051,Human Computer Interaction,FAC006,2026-08-12,16,Wednesday,1,7,2026-2027,P
5608,STU000029,2023010029,SUB0054,Natural Language Processing,FAC009,2026-08-12,16,Wednesday,1,7,2026-2027,P
5609,STU000030,2023010030,SUB0051,Human Computer Interaction,FAC006,2026-08-12,16,Wednesday,1,7,2026-2027,P
5610,STU000030,2023010030,SUB0054,Natural Language Processing,FAC009,2026-08-12,16,Wednesday,1,7,2026-2027,P
5611,STU000031,2023010031,SUB0051,Human Computer Interaction,FAC006,2026-08-12,16,Wednesday,1,7,2026-2027,P
5612,STU000031,2023010031,SUB0054,Natural Language Processing,FAC009,2026-08-12,16,Wednesday,1,7,2026-2027,P
5613,STU000032,2023010032,SUB0051,Human Computer Interaction,FAC006,2026-08-12,16,Wednesday,1,7,2026-2027,P
5614,STU000032,2023010032,SUB0054,Natural Language Processing,FAC009,2026-08-12,16,Wednesday,1,7,2026-2027,P
5615,STU000033,2023010033,SUB0051,Human Computer Interaction,FAC006,2026-08-12,16,Wednesday,1,7,2026-2027,P
5616,STU000033,2023010033,SUB0054,Natural Language Processing,FAC009,2026-08-12,16,Wednesday,1,7,2026-2027,P
5617,STU000034,2023010034,SUB0051,Human Computer Interaction,FAC006,2026-08-12,16,Wednesday,1,7,2026-2027,P
5618,STU000034,2023010034,SUB0054,Natural Language Processing,FAC009,2026-08-12,16,Wednesday,1,7,2026-2027,A
5619,STU000035,2023010035,SUB0051,Human Computer Interaction,FAC006,2026-08-12,16,Wednesday,1,7,2026-2027,P
5620,STU000035,2023010035,SUB0054,Natural Language Processing,FAC009,2026-08-12,16,Wednesday,1,7,2026-2027,P
5621,STU000036,2023010036,SUB0051,Human Computer Interaction,FAC006,2026-08-12,16,Wednesday,1,7,2026-2027,P
5622,STU000036,2023010036,SUB0054,Natural Language Processing,FAC009,2026-08-12,16,Wednesday,1,7,2026-2027,P
5623,STU000037,2023010037,SUB0051,Human Computer Interaction,FAC006,2026-08-12,16,Wednesday,1,7,2026-2027,P
5624,STU000037,2023010037,SUB0054,Natural Language Processing,FAC009,2026-08-12,16,Wednesday,1,7,2026-2027,P
5625,STU000038,2023010038,SUB0051,Human Computer Interaction,FAC006,2026-08-12,16,Wednesday,1,7,2026-2027,A
5626,STU000038,2023010038,SUB0054,Natural Language Processing,FAC009,2026-08-12,16,Wednesday,1,7,2026-2027,P
5627,STU000039,2023010039,SUB0051,Human Computer Interaction,FAC006,2026-08-12,16,Wednesday,1,7,2026-2027,P
5628,STU000039,2023010039,SUB0054,Natural Language Processing,FAC009,2026-08-12,16,Wednesday,1,7,2026-2027,P
5629,STU000040,2023010040,SUB0051,Human Computer Interaction,FAC006,2026-08-12,16,Wednesday,1,7,2026-2027,P
5630,STU000040,2023010040,SUB0054,Natural Language Processing,FAC009,2026-08-12,16,Wednesday,1,7,2026-2027,P
5631,STU000041,2023010041,SUB0051,Human Computer Interaction,FAC006,2026-08-12,16,Wednesday,1,7,2026-2027,P
5632,STU000041,2023010041,SUB0054,Natural Language Processing,FAC009,2026-08-12,16,Wednesday,1,7,2026-2027,P
5633,STU000042,2023010042,SUB0051,Human Computer Interaction,FAC006,2026-08-12,16,Wednesday,1,7,2026-2027,P
5634,STU000042,2023010042,SUB0054,Natural Language Processing,FAC009,2026-08-12,16,Wednesday,1,7,2026-2027,P
5635,STU000043,2023010043,SUB0051,Human Computer Interaction,FAC006,2026-08-12,16,Wednesday,1,7,2026-2027,P
5636,STU000043,2023010043,SUB0054,Natural Language Processing,FAC009,2026-08-12,16,Wednesday,1,7,2026-2027,P
5637,STU000044,2023010044,SUB0051,Human Computer Interaction,FAC006,2026-08-12,16,Wednesday,1,7,2026-2027,P
5638,STU000044,2023010044,SUB0054,Natural Language Processing,FAC009,2026-08-12,16,Wednesday,1,7,2026-2027,P
5639,STU000045,2023010045,SUB0051,Human Computer Interaction,FAC006,2026-08-12,16,Wednesday,1,7,2026-2027,A
5640,STU000045,2023010045,SUB0054,Natural Language Processing,FAC009,2026-08-12,16,Wednesday,1,7,2026-2027,P
5641,STU000046,2023010046,SUB0051,Human Computer Interaction,FAC006,2026-08-12,16,Wednesday,1,7,2026-2027,P
5642,STU000046,2023010046,SUB0054,Natural Language Processing,FAC009,2026-08-12,16,Wednesday,1,7,2026-2027,P
5643,STU000047,2023010047,SUB0051,Human Computer Interaction,FAC006,2026-08-12,16,Wednesday,1,7,2026-2027,P
5644,STU000047,2023010047,SUB0054,Natural Language Processing,FAC009,2026-08-12,16,Wednesday,1,7,2026-2027,P
5645,STU000048,2023010048,SUB0051,Human Computer Interaction,FAC006,2026-08-12,16,Wednesday,1,7,2026-2027,P
5646,STU000048,2023010048,SUB0054,Natural Language Processing,FAC009,2026-08-12,16,Wednesday,1,7,2026-2027,P
5647,STU000049,2023010049,SUB0051,Human Computer Interaction,FAC006,2026-08-12,16,Wednesday,1,7,2026-2027,P
5648,STU000049,2023010049,SUB0054,Natural Language Processing,FAC009,2026-08-12,16,Wednesday,1,7,2026-2027,P
5649,STU000050,2023010050,SUB0051,Human Computer Interaction,FAC006,2026-08-12,16,Wednesday,1,7,2026-2027,P
5650,STU000050,2023010050,SUB0054,Natural Language Processing,FAC009,2026-08-12,16,Wednesday,1,7,2026-2027,A
5651,STU000001,2023010001,SUB0050,Software Engineering,FAC005,2026-08-12,23,Wednesday,1,7,2026-2027,P
5652,STU000002,2023010002,SUB0050,Software Engineering,FAC005,2026-08-12,23,Wednesday,1,7,2026-2027,P
5653,STU000003,2023010003,SUB0050,Software Engineering,FAC005,2026-08-12,23,Wednesday,1,7,2026-2027,P
5654,STU000004,2023010004,SUB0050,Software Engineering,FAC005,2026-08-12,23,Wednesday,1,7,2026-2027,P
5655,STU000005,2023010005,SUB0050,Software Engineering,FAC005,2026-08-12,23,Wednesday,1,7,2026-2027,P
5656,STU000006,2023010006,SUB0050,Software Engineering,FAC005,2026-08-12,23,Wednesday,1,7,2026-2027,P
5657,STU000007,2023010007,SUB0050,Software Engineering,FAC005,2026-08-12,23,Wednesday,1,7,2026-2027,P
5658,STU000008,2023010008,SUB0050,Software Engineering,FAC005,2026-08-12,23,Wednesday,1,7,2026-2027,A
5659,STU000009,2023010009,SUB0050,Software Engineering,FAC005,2026-08-12,23,Wednesday,1,7,2026-2027,P
5660,STU000010,2023010010,SUB0050,Software Engineering,FAC005,2026-08-12,23,Wednesday,1,7,2026-2027,P
5661,STU000011,2023010011,SUB0050,Software Engineering,FAC005,2026-08-12,23,Wednesday,1,7,2026-2027,P
5662,STU000012,2023010012,SUB0050,Software Engineering,FAC005,2026-08-12,23,Wednesday,1,7,2026-2027,P
5663,STU000013,2023010013,SUB0050,Software Engineering,FAC005,2026-08-12,23,Wednesday,1,7,2026-2027,P
5664,STU000014,2023010014,SUB0050,Software Engineering,FAC005,2026-08-12,23,Wednesday,1,7,2026-2027,P
5665,STU000015,2023010015,SUB0050,Software Engineering,FAC005,2026-08-12,23,Wednesday,1,7,2026-2027,A
5666,STU000016,2023010016,SUB0050,Software Engineering,FAC005,2026-08-12,23,Wednesday,1,7,2026-2027,P
5667,STU000017,2023010017,SUB0050,Software Engineering,FAC005,2026-08-12,23,Wednesday,1,7,2026-2027,P
5668,STU000018,2023010018,SUB0050,Software Engineering,FAC005,2026-08-12,23,Wednesday,1,7,2026-2027,P
5669,STU000019,2023010019,SUB0050,Software Engineering,FAC005,2026-08-12,23,Wednesday,1,7,2026-2027,P
5670,STU000020,2023010020,SUB0050,Software Engineering,FAC005,2026-08-12,23,Wednesday,1,7,2026-2027,P
5671,STU000021,2023010021,SUB0050,Software Engineering,FAC005,2026-08-12,23,Wednesday,1,7,2026-2027,P
5672,STU000022,2023010022,SUB0050,Software Engineering,FAC005,2026-08-12,23,Wednesday,1,7,2026-2027,A
5673,STU000023,2023010023,SUB0050,Software Engineering,FAC005,2026-08-12,23,Wednesday,1,7,2026-2027,P
5674,STU000024,2023010024,SUB0050,Software Engineering,FAC005,2026-08-12,23,Wednesday,1,7,2026-2027,P
5675,STU000025,2023010025,SUB0050,Software Engineering,FAC005,2026-08-12,23,Wednesday,1,7,2026-2027,P
5676,STU000026,2023010026,SUB0050,Software Engineering,FAC005,2026-08-12,23,Wednesday,1,7,2026-2027,P
5677,STU000027,2023010027,SUB0050,Software Engineering,FAC005,2026-08-12,23,Wednesday,1,7,2026-2027,P
5678,STU000028,2023010028,SUB0050,Software Engineering,FAC005,2026-08-12,23,Wednesday,1,7,2026-2027,P
5679,STU000029,2023010029,SUB0050,Software Engineering,FAC005,2026-08-12,23,Wednesday,1,7,2026-2027,P
5680,STU000030,2023010030,SUB0050,Software Engineering,FAC005,2026-08-12,23,Wednesday,1,7,2026-2027,P
5681,STU000031,2023010031,SUB0050,Software Engineering,FAC005,2026-08-12,23,Wednesday,1,7,2026-2027,P
5682,STU000032,2023010032,SUB0050,Software Engineering,FAC005,2026-08-12,23,Wednesday,1,7,2026-2027,P
5683,STU000033,2023010033,SUB0050,Software Engineering,FAC005,2026-08-12,23,Wednesday,1,7,2026-2027,P
5684,STU000034,2023010034,SUB0050,Software Engineering,FAC005,2026-08-12,23,Wednesday,1,7,2026-2027,P
5685,STU000035,2023010035,SUB0050,Software Engineering,FAC005,2026-08-12,23,Wednesday,1,7,2026-2027,P
5686,STU000036,2023010036,SUB0050,Software Engineering,FAC005,2026-08-12,23,Wednesday,1,7,2026-2027,P
5687,STU000037,2023010037,SUB0050,Software Engineering,FAC005,2026-08-12,23,Wednesday,1,7,2026-2027,P
5688,STU000038,2023010038,SUB0050,Software Engineering,FAC005,2026-08-12,23,Wednesday,1,7,2026-2027,P
5689,STU000039,2023010039,SUB0050,Software Engineering,FAC005,2026-08-12,23,Wednesday,1,7,2026-2027,P
5690,STU000040,2023010040,SUB0050,Software Engineering,FAC005,2026-08-12,23,Wednesday,1,7,2026-2027,A
5691,STU000041,2023010041,SUB0050,Software Engineering,FAC005,2026-08-12,23,Wednesday,1,7,2026-2027,P
5692,STU000042,2023010042,SUB0050,Software Engineering,FAC005,2026-08-12,23,Wednesday,1,7,2026-2027,P
5693,STU000043,2023010043,SUB0050,Software Engineering,FAC005,2026-08-12,23,Wednesday,1,7,2026-2027,P
5694,STU000044,2023010044,SUB0050,Software Engineering,FAC005,2026-08-12,23,Wednesday,1,7,2026-2027,P
5695,STU000045,2023010045,SUB0050,Software Engineering,FAC005,2026-08-12,23,Wednesday,1,7,2026-2027,P
5696,STU000046,2023010046,SUB0050,Software Engineering,FAC005,2026-08-12,23,Wednesday,1,7,2026-2027,P
5697,STU000047,2023010047,SUB0050,Software Engineering,FAC005,2026-08-12,23,Wednesday,1,7,2026-2027,A
5698,STU000048,2023010048,SUB0050,Software Engineering,FAC005,2026-08-12,23,Wednesday,1,7,2026-2027,P
5699,STU000049,2023010049,SUB0050,Software Engineering,FAC005,2026-08-12,23,Wednesday,1,7,2026-2027,P
5700,STU000050,2023010050,SUB0050,Software Engineering,FAC005,2026-08-12,23,Wednesday,1,7,2026-2027,P
5701,STU000001,2023010001,SUB0055,Deep Learning Laboratory,FAC010,2026-08-13,15,Thursday,1,7,2026-2027,P
5702,STU000002,2023010002,SUB0055,Deep Learning Laboratory,FAC010,2026-08-13,15,Thursday,1,7,2026-2027,P
5703,STU000003,2023010003,SUB0055,Deep Learning Laboratory,FAC010,2026-08-13,15,Thursday,1,7,2026-2027,P
5704,STU000004,2023010004,SUB0055,Deep Learning Laboratory,FAC010,2026-08-13,15,Thursday,1,7,2026-2027,P
5705,STU000005,2023010005,SUB0055,Deep Learning Laboratory,FAC010,2026-08-13,15,Thursday,1,7,2026-2027,P
5706,STU000006,2023010006,SUB0055,Deep Learning Laboratory,FAC010,2026-08-13,15,Thursday,1,7,2026-2027,P
5707,STU000007,2023010007,SUB0055,Deep Learning Laboratory,FAC010,2026-08-13,15,Thursday,1,7,2026-2027,A
5708,STU000008,2023010008,SUB0055,Deep Learning Laboratory,FAC010,2026-08-13,15,Thursday,1,7,2026-2027,P
5709,STU000009,2023010009,SUB0055,Deep Learning Laboratory,FAC010,2026-08-13,15,Thursday,1,7,2026-2027,P
5710,STU000010,2023010010,SUB0055,Deep Learning Laboratory,FAC010,2026-08-13,15,Thursday,1,7,2026-2027,P
5711,STU000011,2023010011,SUB0055,Deep Learning Laboratory,FAC010,2026-08-13,15,Thursday,1,7,2026-2027,P
5712,STU000012,2023010012,SUB0055,Deep Learning Laboratory,FAC010,2026-08-13,15,Thursday,1,7,2026-2027,P
5713,STU000013,2023010013,SUB0055,Deep Learning Laboratory,FAC010,2026-08-13,15,Thursday,1,7,2026-2027,P
5714,STU000014,2023010014,SUB0055,Deep Learning Laboratory,FAC010,2026-08-13,15,Thursday,1,7,2026-2027,P
5715,STU000015,2023010015,SUB0055,Deep Learning Laboratory,FAC010,2026-08-13,15,Thursday,1,7,2026-2027,P
5716,STU000016,2023010016,SUB0055,Deep Learning Laboratory,FAC010,2026-08-13,15,Thursday,1,7,2026-2027,A
5717,STU000017,2023010017,SUB0055,Deep Learning Laboratory,FAC010,2026-08-13,15,Thursday,1,7,2026-2027,P
5718,STU000018,2023010018,SUB0055,Deep Learning Laboratory,FAC010,2026-08-13,15,Thursday,1,7,2026-2027,P
5719,STU000019,2023010019,SUB0055,Deep Learning Laboratory,FAC010,2026-08-13,15,Thursday,1,7,2026-2027,P
5720,STU000020,2023010020,SUB0055,Deep Learning Laboratory,FAC010,2026-08-13,15,Thursday,1,7,2026-2027,P
5721,STU000021,2023010021,SUB0055,Deep Learning Laboratory,FAC010,2026-08-13,15,Thursday,1,7,2026-2027,P
5722,STU000022,2023010022,SUB0055,Deep Learning Laboratory,FAC010,2026-08-13,15,Thursday,1,7,2026-2027,P
5723,STU000023,2023010023,SUB0055,Deep Learning Laboratory,FAC010,2026-08-13,15,Thursday,1,7,2026-2027,A
5724,STU000024,2023010024,SUB0055,Deep Learning Laboratory,FAC010,2026-08-13,15,Thursday,1,7,2026-2027,P
5725,STU000025,2023010025,SUB0055,Deep Learning Laboratory,FAC010,2026-08-13,15,Thursday,1,7,2026-2027,P
5726,STU000026,2023010026,SUB0055,Deep Learning Laboratory,FAC010,2026-08-13,15,Thursday,1,7,2026-2027,P
5727,STU000027,2023010027,SUB0055,Deep Learning Laboratory,FAC010,2026-08-13,15,Thursday,1,7,2026-2027,P
5728,STU000028,2023010028,SUB0055,Deep Learning Laboratory,FAC010,2026-08-13,15,Thursday,1,7,2026-2027,P
5729,STU000029,2023010029,SUB0055,Deep Learning Laboratory,FAC010,2026-08-13,15,Thursday,1,7,2026-2027,P
5730,STU000030,2023010030,SUB0055,Deep Learning Laboratory,FAC010,2026-08-13,15,Thursday,1,7,2026-2027,P
5731,STU000031,2023010031,SUB0055,Deep Learning Laboratory,FAC010,2026-08-13,15,Thursday,1,7,2026-2027,P
5732,STU000032,2023010032,SUB0055,Deep Learning Laboratory,FAC010,2026-08-13,15,Thursday,1,7,2026-2027,P
5733,STU000033,2023010033,SUB0055,Deep Learning Laboratory,FAC010,2026-08-13,15,Thursday,1,7,2026-2027,P
5734,STU000034,2023010034,SUB0055,Deep Learning Laboratory,FAC010,2026-08-13,15,Thursday,1,7,2026-2027,P
5735,STU000035,2023010035,SUB0055,Deep Learning Laboratory,FAC010,2026-08-13,15,Thursday,1,7,2026-2027,P
5736,STU000036,2023010036,SUB0055,Deep Learning Laboratory,FAC010,2026-08-13,15,Thursday,1,7,2026-2027,P
5737,STU000037,2023010037,SUB0055,Deep Learning Laboratory,FAC010,2026-08-13,15,Thursday,1,7,2026-2027,P
5738,STU000038,2023010038,SUB0055,Deep Learning Laboratory,FAC010,2026-08-13,15,Thursday,1,7,2026-2027,P
5739,STU000039,2023010039,SUB0055,Deep Learning Laboratory,FAC010,2026-08-13,15,Thursday,1,7,2026-2027,A
5740,STU000040,2023010040,SUB0055,Deep Learning Laboratory,FAC010,2026-08-13,15,Thursday,1,7,2026-2027,P
5741,STU000041,2023010041,SUB0055,Deep Learning Laboratory,FAC010,2026-08-13,15,Thursday,1,7,2026-2027,P
5742,STU000042,2023010042,SUB0055,Deep Learning Laboratory,FAC010,2026-08-13,15,Thursday,1,7,2026-2027,P
5743,STU000043,2023010043,SUB0055,Deep Learning Laboratory,FAC010,2026-08-13,15,Thursday,1,7,2026-2027,P
5744,STU000044,2023010044,SUB0055,Deep Learning Laboratory,FAC010,2026-08-13,15,Thursday,1,7,2026-2027,P
5745,STU000045,2023010045,SUB0055,Deep Learning Laboratory,FAC010,2026-08-13,15,Thursday,1,7,2026-2027,P
5746,STU000046,2023010046,SUB0055,Deep Learning Laboratory,FAC010,2026-08-13,15,Thursday,1,7,2026-2027,P
5747,STU000047,2023010047,SUB0055,Deep Learning Laboratory,FAC010,2026-08-13,15,Thursday,1,7,2026-2027,P
5748,STU000048,2023010048,SUB0055,Deep Learning Laboratory,FAC010,2026-08-13,15,Thursday,1,7,2026-2027,A
5749,STU000049,2023010049,SUB0055,Deep Learning Laboratory,FAC010,2026-08-13,15,Thursday,1,7,2026-2027,P
5750,STU000050,2023010050,SUB0055,Deep Learning Laboratory,FAC010,2026-08-13,15,Thursday,1,7,2026-2027,P
5751,STU000001,2023010001,SUB0055,Deep Learning Laboratory,FAC010,2026-08-13,16,Thursday,1,7,2026-2027,A
5752,STU000002,2023010002,SUB0055,Deep Learning Laboratory,FAC010,2026-08-13,16,Thursday,1,7,2026-2027,P
5753,STU000003,2023010003,SUB0055,Deep Learning Laboratory,FAC010,2026-08-13,16,Thursday,1,7,2026-2027,P
5754,STU000004,2023010004,SUB0055,Deep Learning Laboratory,FAC010,2026-08-13,16,Thursday,1,7,2026-2027,P
5755,STU000005,2023010005,SUB0055,Deep Learning Laboratory,FAC010,2026-08-13,16,Thursday,1,7,2026-2027,P
5756,STU000006,2023010006,SUB0055,Deep Learning Laboratory,FAC010,2026-08-13,16,Thursday,1,7,2026-2027,P
5757,STU000007,2023010007,SUB0055,Deep Learning Laboratory,FAC010,2026-08-13,16,Thursday,1,7,2026-2027,P
5758,STU000008,2023010008,SUB0055,Deep Learning Laboratory,FAC010,2026-08-13,16,Thursday,1,7,2026-2027,A
5759,STU000009,2023010009,SUB0055,Deep Learning Laboratory,FAC010,2026-08-13,16,Thursday,1,7,2026-2027,P
5760,STU000010,2023010010,SUB0055,Deep Learning Laboratory,FAC010,2026-08-13,16,Thursday,1,7,2026-2027,P
5761,STU000011,2023010011,SUB0055,Deep Learning Laboratory,FAC010,2026-08-13,16,Thursday,1,7,2026-2027,P
5762,STU000012,2023010012,SUB0055,Deep Learning Laboratory,FAC010,2026-08-13,16,Thursday,1,7,2026-2027,P
5763,STU000013,2023010013,SUB0055,Deep Learning Laboratory,FAC010,2026-08-13,16,Thursday,1,7,2026-2027,P
5764,STU000014,2023010014,SUB0055,Deep Learning Laboratory,FAC010,2026-08-13,16,Thursday,1,7,2026-2027,P
5765,STU000015,2023010015,SUB0055,Deep Learning Laboratory,FAC010,2026-08-13,16,Thursday,1,7,2026-2027,P
5766,STU000016,2023010016,SUB0055,Deep Learning Laboratory,FAC010,2026-08-13,16,Thursday,1,7,2026-2027,P
5767,STU000017,2023010017,SUB0055,Deep Learning Laboratory,FAC010,2026-08-13,16,Thursday,1,7,2026-2027,A
5768,STU000018,2023010018,SUB0055,Deep Learning Laboratory,FAC010,2026-08-13,16,Thursday,1,7,2026-2027,P
5769,STU000019,2023010019,SUB0055,Deep Learning Laboratory,FAC010,2026-08-13,16,Thursday,1,7,2026-2027,P
5770,STU000020,2023010020,SUB0055,Deep Learning Laboratory,FAC010,2026-08-13,16,Thursday,1,7,2026-2027,P
5771,STU000021,2023010021,SUB0055,Deep Learning Laboratory,FAC010,2026-08-13,16,Thursday,1,7,2026-2027,P
5772,STU000022,2023010022,SUB0055,Deep Learning Laboratory,FAC010,2026-08-13,16,Thursday,1,7,2026-2027,P
5773,STU000023,2023010023,SUB0055,Deep Learning Laboratory,FAC010,2026-08-13,16,Thursday,1,7,2026-2027,P
5774,STU000024,2023010024,SUB0055,Deep Learning Laboratory,FAC010,2026-08-13,16,Thursday,1,7,2026-2027,A
5775,STU000025,2023010025,SUB0055,Deep Learning Laboratory,FAC010,2026-08-13,16,Thursday,1,7,2026-2027,P
5776,STU000026,2023010026,SUB0055,Deep Learning Laboratory,FAC010,2026-08-13,16,Thursday,1,7,2026-2027,P
5777,STU000027,2023010027,SUB0055,Deep Learning Laboratory,FAC010,2026-08-13,16,Thursday,1,7,2026-2027,P
5778,STU000028,2023010028,SUB0055,Deep Learning Laboratory,FAC010,2026-08-13,16,Thursday,1,7,2026-2027,P
5779,STU000029,2023010029,SUB0055,Deep Learning Laboratory,FAC010,2026-08-13,16,Thursday,1,7,2026-2027,P
5780,STU000030,2023010030,SUB0055,Deep Learning Laboratory,FAC010,2026-08-13,16,Thursday,1,7,2026-2027,P
5781,STU000031,2023010031,SUB0055,Deep Learning Laboratory,FAC010,2026-08-13,16,Thursday,1,7,2026-2027,P
5782,STU000032,2023010032,SUB0055,Deep Learning Laboratory,FAC010,2026-08-13,16,Thursday,1,7,2026-2027,P
5783,STU000033,2023010033,SUB0055,Deep Learning Laboratory,FAC010,2026-08-13,16,Thursday,1,7,2026-2027,P
5784,STU000034,2023010034,SUB0055,Deep Learning Laboratory,FAC010,2026-08-13,16,Thursday,1,7,2026-2027,P
5785,STU000035,2023010035,SUB0055,Deep Learning Laboratory,FAC010,2026-08-13,16,Thursday,1,7,2026-2027,P
5786,STU000036,2023010036,SUB0055,Deep Learning Laboratory,FAC010,2026-08-13,16,Thursday,1,7,2026-2027,P
5787,STU000037,2023010037,SUB0055,Deep Learning Laboratory,FAC010,2026-08-13,16,Thursday,1,7,2026-2027,P
5788,STU000038,2023010038,SUB0055,Deep Learning Laboratory,FAC010,2026-08-13,16,Thursday,1,7,2026-2027,P
5789,STU000039,2023010039,SUB0055,Deep Learning Laboratory,FAC010,2026-08-13,16,Thursday,1,7,2026-2027,P
5790,STU000040,2023010040,SUB0055,Deep Learning Laboratory,FAC010,2026-08-13,16,Thursday,1,7,2026-2027,A
5791,STU000041,2023010041,SUB0055,Deep Learning Laboratory,FAC010,2026-08-13,16,Thursday,1,7,2026-2027,P
5792,STU000042,2023010042,SUB0055,Deep Learning Laboratory,FAC010,2026-08-13,16,Thursday,1,7,2026-2027,P
5793,STU000043,2023010043,SUB0055,Deep Learning Laboratory,FAC010,2026-08-13,16,Thursday,1,7,2026-2027,P
5794,STU000044,2023010044,SUB0055,Deep Learning Laboratory,FAC010,2026-08-13,16,Thursday,1,7,2026-2027,P
5795,STU000045,2023010045,SUB0055,Deep Learning Laboratory,FAC010,2026-08-13,16,Thursday,1,7,2026-2027,P
5796,STU000046,2023010046,SUB0055,Deep Learning Laboratory,FAC010,2026-08-13,16,Thursday,1,7,2026-2027,P
5797,STU000047,2023010047,SUB0055,Deep Learning Laboratory,FAC010,2026-08-13,16,Thursday,1,7,2026-2027,P
5798,STU000048,2023010048,SUB0055,Deep Learning Laboratory,FAC010,2026-08-13,16,Thursday,1,7,2026-2027,P
5799,STU000049,2023010049,SUB0055,Deep Learning Laboratory,FAC010,2026-08-13,16,Thursday,1,7,2026-2027,A
5800,STU000050,2023010050,SUB0055,Deep Learning Laboratory,FAC010,2026-08-13,16,Thursday,1,7,2026-2027,P
5801,STU000001,2023010001,SUB0053,Deep Learning,FAC008,2026-08-13,24,Thursday,1,7,2026-2027,P
5802,STU000002,2023010002,SUB0053,Deep Learning,FAC008,2026-08-13,24,Thursday,1,7,2026-2027,P
5803,STU000003,2023010003,SUB0053,Deep Learning,FAC008,2026-08-13,24,Thursday,1,7,2026-2027,P
5804,STU000004,2023010004,SUB0053,Deep Learning,FAC008,2026-08-13,24,Thursday,1,7,2026-2027,P
5805,STU000005,2023010005,SUB0053,Deep Learning,FAC008,2026-08-13,24,Thursday,1,7,2026-2027,P
5806,STU000006,2023010006,SUB0053,Deep Learning,FAC008,2026-08-13,24,Thursday,1,7,2026-2027,A
5807,STU000007,2023010007,SUB0053,Deep Learning,FAC008,2026-08-13,24,Thursday,1,7,2026-2027,P
5808,STU000008,2023010008,SUB0053,Deep Learning,FAC008,2026-08-13,24,Thursday,1,7,2026-2027,P
5809,STU000009,2023010009,SUB0053,Deep Learning,FAC008,2026-08-13,24,Thursday,1,7,2026-2027,P
5810,STU000010,2023010010,SUB0053,Deep Learning,FAC008,2026-08-13,24,Thursday,1,7,2026-2027,P
5811,STU000011,2023010011,SUB0053,Deep Learning,FAC008,2026-08-13,24,Thursday,1,7,2026-2027,P
5812,STU000012,2023010012,SUB0053,Deep Learning,FAC008,2026-08-13,24,Thursday,1,7,2026-2027,P
5813,STU000013,2023010013,SUB0053,Deep Learning,FAC008,2026-08-13,24,Thursday,1,7,2026-2027,A
5814,STU000014,2023010014,SUB0053,Deep Learning,FAC008,2026-08-13,24,Thursday,1,7,2026-2027,P
5815,STU000015,2023010015,SUB0053,Deep Learning,FAC008,2026-08-13,24,Thursday,1,7,2026-2027,P
5816,STU000016,2023010016,SUB0053,Deep Learning,FAC008,2026-08-13,24,Thursday,1,7,2026-2027,P
5817,STU000017,2023010017,SUB0053,Deep Learning,FAC008,2026-08-13,24,Thursday,1,7,2026-2027,P
5818,STU000018,2023010018,SUB0053,Deep Learning,FAC008,2026-08-13,24,Thursday,1,7,2026-2027,P
5819,STU000019,2023010019,SUB0053,Deep Learning,FAC008,2026-08-13,24,Thursday,1,7,2026-2027,P
5820,STU000020,2023010020,SUB0053,Deep Learning,FAC008,2026-08-13,24,Thursday,1,7,2026-2027,A
5821,STU000021,2023010021,SUB0053,Deep Learning,FAC008,2026-08-13,24,Thursday,1,7,2026-2027,P
5822,STU000022,2023010022,SUB0053,Deep Learning,FAC008,2026-08-13,24,Thursday,1,7,2026-2027,P
5823,STU000023,2023010023,SUB0053,Deep Learning,FAC008,2026-08-13,24,Thursday,1,7,2026-2027,P
5824,STU000024,2023010024,SUB0053,Deep Learning,FAC008,2026-08-13,24,Thursday,1,7,2026-2027,P
5825,STU000025,2023010025,SUB0053,Deep Learning,FAC008,2026-08-13,24,Thursday,1,7,2026-2027,P
5826,STU000026,2023010026,SUB0053,Deep Learning,FAC008,2026-08-13,24,Thursday,1,7,2026-2027,P
5827,STU000027,2023010027,SUB0053,Deep Learning,FAC008,2026-08-13,24,Thursday,1,7,2026-2027,P
5828,STU000028,2023010028,SUB0053,Deep Learning,FAC008,2026-08-13,24,Thursday,1,7,2026-2027,P
5829,STU000029,2023010029,SUB0053,Deep Learning,FAC008,2026-08-13,24,Thursday,1,7,2026-2027,P
5830,STU000030,2023010030,SUB0053,Deep Learning,FAC008,2026-08-13,24,Thursday,1,7,2026-2027,P
5831,STU000031,2023010031,SUB0053,Deep Learning,FAC008,2026-08-13,24,Thursday,1,7,2026-2027,A
5832,STU000032,2023010032,SUB0053,Deep Learning,FAC008,2026-08-13,24,Thursday,1,7,2026-2027,P
5833,STU000033,2023010033,SUB0053,Deep Learning,FAC008,2026-08-13,24,Thursday,1,7,2026-2027,P
5834,STU000034,2023010034,SUB0053,Deep Learning,FAC008,2026-08-13,24,Thursday,1,7,2026-2027,P
5835,STU000035,2023010035,SUB0053,Deep Learning,FAC008,2026-08-13,24,Thursday,1,7,2026-2027,P
5836,STU000036,2023010036,SUB0053,Deep Learning,FAC008,2026-08-13,24,Thursday,1,7,2026-2027,P
5837,STU000037,2023010037,SUB0053,Deep Learning,FAC008,2026-08-13,24,Thursday,1,7,2026-2027,P
5838,STU000038,2023010038,SUB0053,Deep Learning,FAC008,2026-08-13,24,Thursday,1,7,2026-2027,A
5839,STU000039,2023010039,SUB0053,Deep Learning,FAC008,2026-08-13,24,Thursday,1,7,2026-2027,P
5840,STU000040,2023010040,SUB0053,Deep Learning,FAC008,2026-08-13,24,Thursday,1,7,2026-2027,P
5841,STU000041,2023010041,SUB0053,Deep Learning,FAC008,2026-08-13,24,Thursday,1,7,2026-2027,P
5842,STU000042,2023010042,SUB0053,Deep Learning,FAC008,2026-08-13,24,Thursday,1,7,2026-2027,P
5843,STU000043,2023010043,SUB0053,Deep Learning,FAC008,2026-08-13,24,Thursday,1,7,2026-2027,P
5844,STU000044,2023010044,SUB0053,Deep Learning,FAC008,2026-08-13,24,Thursday,1,7,2026-2027,P
5845,STU000045,2023010045,SUB0053,Deep Learning,FAC008,2026-08-13,24,Thursday,1,7,2026-2027,A
5846,STU000046,2023010046,SUB0053,Deep Learning,FAC008,2026-08-13,24,Thursday,1,7,2026-2027,P
5847,STU000047,2023010047,SUB0053,Deep Learning,FAC008,2026-08-13,24,Thursday,1,7,2026-2027,P
5848,STU000048,2023010048,SUB0053,Deep Learning,FAC008,2026-08-13,24,Thursday,1,7,2026-2027,P
5849,STU000049,2023010049,SUB0053,Deep Learning,FAC008,2026-08-13,24,Thursday,1,7,2026-2027,A
5850,STU000050,2023010050,SUB0053,Deep Learning,FAC008,2026-08-13,24,Thursday,1,7,2026-2027,P
5851,STU000001,2023010001,SUB0056,Natural Language Processing Laboratory,FAC011,2026-08-14,15,Friday,1,7,2026-2027,P
5852,STU000002,2023010002,SUB0056,Natural Language Processing Laboratory,FAC011,2026-08-14,15,Friday,1,7,2026-2027,P
5853,STU000003,2023010003,SUB0056,Natural Language Processing Laboratory,FAC011,2026-08-14,15,Friday,1,7,2026-2027,P
5854,STU000004,2023010004,SUB0056,Natural Language Processing Laboratory,FAC011,2026-08-14,15,Friday,1,7,2026-2027,P
5855,STU000005,2023010005,SUB0056,Natural Language Processing Laboratory,FAC011,2026-08-14,15,Friday,1,7,2026-2027,P
5856,STU000006,2023010006,SUB0056,Natural Language Processing Laboratory,FAC011,2026-08-14,15,Friday,1,7,2026-2027,A
5857,STU000007,2023010007,SUB0056,Natural Language Processing Laboratory,FAC011,2026-08-14,15,Friday,1,7,2026-2027,P
5858,STU000008,2023010008,SUB0056,Natural Language Processing Laboratory,FAC011,2026-08-14,15,Friday,1,7,2026-2027,A
5859,STU000009,2023010009,SUB0056,Natural Language Processing Laboratory,FAC011,2026-08-14,15,Friday,1,7,2026-2027,P
5860,STU000010,2023010010,SUB0056,Natural Language Processing Laboratory,FAC011,2026-08-14,15,Friday,1,7,2026-2027,P
5861,STU000011,2023010011,SUB0056,Natural Language Processing Laboratory,FAC011,2026-08-14,15,Friday,1,7,2026-2027,P
5862,STU000012,2023010012,SUB0056,Natural Language Processing Laboratory,FAC011,2026-08-14,15,Friday,1,7,2026-2027,P
5863,STU000013,2023010013,SUB0056,Natural Language Processing Laboratory,FAC011,2026-08-14,15,Friday,1,7,2026-2027,P
5864,STU000014,2023010014,SUB0056,Natural Language Processing Laboratory,FAC011,2026-08-14,15,Friday,1,7,2026-2027,P
5865,STU000015,2023010015,SUB0056,Natural Language Processing Laboratory,FAC011,2026-08-14,15,Friday,1,7,2026-2027,A
5866,STU000016,2023010016,SUB0056,Natural Language Processing Laboratory,FAC011,2026-08-14,15,Friday,1,7,2026-2027,P
5867,STU000017,2023010017,SUB0056,Natural Language Processing Laboratory,FAC011,2026-08-14,15,Friday,1,7,2026-2027,P
5868,STU000018,2023010018,SUB0056,Natural Language Processing Laboratory,FAC011,2026-08-14,15,Friday,1,7,2026-2027,P
5869,STU000019,2023010019,SUB0056,Natural Language Processing Laboratory,FAC011,2026-08-14,15,Friday,1,7,2026-2027,P
5870,STU000020,2023010020,SUB0056,Natural Language Processing Laboratory,FAC011,2026-08-14,15,Friday,1,7,2026-2027,P
5871,STU000021,2023010021,SUB0056,Natural Language Processing Laboratory,FAC011,2026-08-14,15,Friday,1,7,2026-2027,P
5872,STU000022,2023010022,SUB0056,Natural Language Processing Laboratory,FAC011,2026-08-14,15,Friday,1,7,2026-2027,A
5873,STU000023,2023010023,SUB0056,Natural Language Processing Laboratory,FAC011,2026-08-14,15,Friday,1,7,2026-2027,P
5874,STU000024,2023010024,SUB0056,Natural Language Processing Laboratory,FAC011,2026-08-14,15,Friday,1,7,2026-2027,P
5875,STU000025,2023010025,SUB0056,Natural Language Processing Laboratory,FAC011,2026-08-14,15,Friday,1,7,2026-2027,P
5876,STU000026,2023010026,SUB0056,Natural Language Processing Laboratory,FAC011,2026-08-14,15,Friday,1,7,2026-2027,P
5877,STU000027,2023010027,SUB0056,Natural Language Processing Laboratory,FAC011,2026-08-14,15,Friday,1,7,2026-2027,P
5878,STU000028,2023010028,SUB0056,Natural Language Processing Laboratory,FAC011,2026-08-14,15,Friday,1,7,2026-2027,P
5879,STU000029,2023010029,SUB0056,Natural Language Processing Laboratory,FAC011,2026-08-14,15,Friday,1,7,2026-2027,P
5880,STU000030,2023010030,SUB0056,Natural Language Processing Laboratory,FAC011,2026-08-14,15,Friday,1,7,2026-2027,P
5881,STU000031,2023010031,SUB0056,Natural Language Processing Laboratory,FAC011,2026-08-14,15,Friday,1,7,2026-2027,A
5882,STU000032,2023010032,SUB0056,Natural Language Processing Laboratory,FAC011,2026-08-14,15,Friday,1,7,2026-2027,P
5883,STU000033,2023010033,SUB0056,Natural Language Processing Laboratory,FAC011,2026-08-14,15,Friday,1,7,2026-2027,P
5884,STU000034,2023010034,SUB0056,Natural Language Processing Laboratory,FAC011,2026-08-14,15,Friday,1,7,2026-2027,P
5885,STU000035,2023010035,SUB0056,Natural Language Processing Laboratory,FAC011,2026-08-14,15,Friday,1,7,2026-2027,P
5886,STU000036,2023010036,SUB0056,Natural Language Processing Laboratory,FAC011,2026-08-14,15,Friday,1,7,2026-2027,P
5887,STU000037,2023010037,SUB0056,Natural Language Processing Laboratory,FAC011,2026-08-14,15,Friday,1,7,2026-2027,P
5888,STU000038,2023010038,SUB0056,Natural Language Processing Laboratory,FAC011,2026-08-14,15,Friday,1,7,2026-2027,A
5889,STU000039,2023010039,SUB0056,Natural Language Processing Laboratory,FAC011,2026-08-14,15,Friday,1,7,2026-2027,P
5890,STU000040,2023010040,SUB0056,Natural Language Processing Laboratory,FAC011,2026-08-14,15,Friday,1,7,2026-2027,P
5891,STU000041,2023010041,SUB0056,Natural Language Processing Laboratory,FAC011,2026-08-14,15,Friday,1,7,2026-2027,P
5892,STU000042,2023010042,SUB0056,Natural Language Processing Laboratory,FAC011,2026-08-14,15,Friday,1,7,2026-2027,P
5893,STU000043,2023010043,SUB0056,Natural Language Processing Laboratory,FAC011,2026-08-14,15,Friday,1,7,2026-2027,P
5894,STU000044,2023010044,SUB0056,Natural Language Processing Laboratory,FAC011,2026-08-14,15,Friday,1,7,2026-2027,P
5895,STU000045,2023010045,SUB0056,Natural Language Processing Laboratory,FAC011,2026-08-14,15,Friday,1,7,2026-2027,P
5896,STU000046,2023010046,SUB0056,Natural Language Processing Laboratory,FAC011,2026-08-14,15,Friday,1,7,2026-2027,P
5897,STU000047,2023010047,SUB0056,Natural Language Processing Laboratory,FAC011,2026-08-14,15,Friday,1,7,2026-2027,P
5898,STU000048,2023010048,SUB0056,Natural Language Processing Laboratory,FAC011,2026-08-14,15,Friday,1,7,2026-2027,P
5899,STU000049,2023010049,SUB0056,Natural Language Processing Laboratory,FAC011,2026-08-14,15,Friday,1,7,2026-2027,P
5900,STU000050,2023010050,SUB0056,Natural Language Processing Laboratory,FAC011,2026-08-14,15,Friday,1,7,2026-2027,P
5901,STU000001,2023010001,SUB0056,Natural Language Processing Laboratory,FAC011,2026-08-14,16,Friday,1,7,2026-2027,P
5902,STU000002,2023010002,SUB0056,Natural Language Processing Laboratory,FAC011,2026-08-14,16,Friday,1,7,2026-2027,P
5903,STU000003,2023010003,SUB0056,Natural Language Processing Laboratory,FAC011,2026-08-14,16,Friday,1,7,2026-2027,P
5904,STU000004,2023010004,SUB0056,Natural Language Processing Laboratory,FAC011,2026-08-14,16,Friday,1,7,2026-2027,P
5905,STU000005,2023010005,SUB0056,Natural Language Processing Laboratory,FAC011,2026-08-14,16,Friday,1,7,2026-2027,P
5906,STU000006,2023010006,SUB0056,Natural Language Processing Laboratory,FAC011,2026-08-14,16,Friday,1,7,2026-2027,P
5907,STU000007,2023010007,SUB0056,Natural Language Processing Laboratory,FAC011,2026-08-14,16,Friday,1,7,2026-2027,A
5908,STU000008,2023010008,SUB0056,Natural Language Processing Laboratory,FAC011,2026-08-14,16,Friday,1,7,2026-2027,P
5909,STU000009,2023010009,SUB0056,Natural Language Processing Laboratory,FAC011,2026-08-14,16,Friday,1,7,2026-2027,P
5910,STU000010,2023010010,SUB0056,Natural Language Processing Laboratory,FAC011,2026-08-14,16,Friday,1,7,2026-2027,P
5911,STU000011,2023010011,SUB0056,Natural Language Processing Laboratory,FAC011,2026-08-14,16,Friday,1,7,2026-2027,P
5912,STU000012,2023010012,SUB0056,Natural Language Processing Laboratory,FAC011,2026-08-14,16,Friday,1,7,2026-2027,P
5913,STU000013,2023010013,SUB0056,Natural Language Processing Laboratory,FAC011,2026-08-14,16,Friday,1,7,2026-2027,P
5914,STU000014,2023010014,SUB0056,Natural Language Processing Laboratory,FAC011,2026-08-14,16,Friday,1,7,2026-2027,P
5915,STU000015,2023010015,SUB0056,Natural Language Processing Laboratory,FAC011,2026-08-14,16,Friday,1,7,2026-2027,P
5916,STU000016,2023010016,SUB0056,Natural Language Processing Laboratory,FAC011,2026-08-14,16,Friday,1,7,2026-2027,A
5917,STU000017,2023010017,SUB0056,Natural Language Processing Laboratory,FAC011,2026-08-14,16,Friday,1,7,2026-2027,P
5918,STU000018,2023010018,SUB0056,Natural Language Processing Laboratory,FAC011,2026-08-14,16,Friday,1,7,2026-2027,P
5919,STU000019,2023010019,SUB0056,Natural Language Processing Laboratory,FAC011,2026-08-14,16,Friday,1,7,2026-2027,P
5920,STU000020,2023010020,SUB0056,Natural Language Processing Laboratory,FAC011,2026-08-14,16,Friday,1,7,2026-2027,P
5921,STU000021,2023010021,SUB0056,Natural Language Processing Laboratory,FAC011,2026-08-14,16,Friday,1,7,2026-2027,P
5922,STU000022,2023010022,SUB0056,Natural Language Processing Laboratory,FAC011,2026-08-14,16,Friday,1,7,2026-2027,P
5923,STU000023,2023010023,SUB0056,Natural Language Processing Laboratory,FAC011,2026-08-14,16,Friday,1,7,2026-2027,A
5924,STU000024,2023010024,SUB0056,Natural Language Processing Laboratory,FAC011,2026-08-14,16,Friday,1,7,2026-2027,P
5925,STU000025,2023010025,SUB0056,Natural Language Processing Laboratory,FAC011,2026-08-14,16,Friday,1,7,2026-2027,P
5926,STU000026,2023010026,SUB0056,Natural Language Processing Laboratory,FAC011,2026-08-14,16,Friday,1,7,2026-2027,P
5927,STU000027,2023010027,SUB0056,Natural Language Processing Laboratory,FAC011,2026-08-14,16,Friday,1,7,2026-2027,P
5928,STU000028,2023010028,SUB0056,Natural Language Processing Laboratory,FAC011,2026-08-14,16,Friday,1,7,2026-2027,P
5929,STU000029,2023010029,SUB0056,Natural Language Processing Laboratory,FAC011,2026-08-14,16,Friday,1,7,2026-2027,P
5930,STU000030,2023010030,SUB0056,Natural Language Processing Laboratory,FAC011,2026-08-14,16,Friday,1,7,2026-2027,P
5931,STU000031,2023010031,SUB0056,Natural Language Processing Laboratory,FAC011,2026-08-14,16,Friday,1,7,2026-2027,P
5932,STU000032,2023010032,SUB0056,Natural Language Processing Laboratory,FAC011,2026-08-14,16,Friday,1,7,2026-2027,P
5933,STU000033,2023010033,SUB0056,Natural Language Processing Laboratory,FAC011,2026-08-14,16,Friday,1,7,2026-2027,P
5934,STU000034,2023010034,SUB0056,Natural Language Processing Laboratory,FAC011,2026-08-14,16,Friday,1,7,2026-2027,P
5935,STU000035,2023010035,SUB0056,Natural Language Processing Laboratory,FAC011,2026-08-14,16,Friday,1,7,2026-2027,P
5936,STU000036,2023010036,SUB0056,Natural Language Processing Laboratory,FAC011,2026-08-14,16,Friday,1,7,2026-2027,P
5937,STU000037,2023010037,SUB0056,Natural Language Processing Laboratory,FAC011,2026-08-14,16,Friday,1,7,2026-2027,P
5938,STU000038,2023010038,SUB0056,Natural Language Processing Laboratory,FAC011,2026-08-14,16,Friday,1,7,2026-2027,P
5939,STU000039,2023010039,SUB0056,Natural Language Processing Laboratory,FAC011,2026-08-14,16,Friday,1,7,2026-2027,A
5940,STU000040,2023010040,SUB0056,Natural Language Processing Laboratory,FAC011,2026-08-14,16,Friday,1,7,2026-2027,P
5941,STU000041,2023010041,SUB0056,Natural Language Processing Laboratory,FAC011,2026-08-14,16,Friday,1,7,2026-2027,P
5942,STU000042,2023010042,SUB0056,Natural Language Processing Laboratory,FAC011,2026-08-14,16,Friday,1,7,2026-2027,P
5943,STU000043,2023010043,SUB0056,Natural Language Processing Laboratory,FAC011,2026-08-14,16,Friday,1,7,2026-2027,P
5944,STU000044,2023010044,SUB0056,Natural Language Processing Laboratory,FAC011,2026-08-14,16,Friday,1,7,2026-2027,P
5945,STU000045,2023010045,SUB0056,Natural Language Processing Laboratory,FAC011,2026-08-14,16,Friday,1,7,2026-2027,P
5946,STU000046,2023010046,SUB0056,Natural Language Processing Laboratory,FAC011,2026-08-14,16,Friday,1,7,2026-2027,P
5947,STU000047,2023010047,SUB0056,Natural Language Processing Laboratory,FAC011,2026-08-14,16,Friday,1,7,2026-2027,P
5948,STU000048,2023010048,SUB0056,Natural Language Processing Laboratory,FAC011,2026-08-14,16,Friday,1,7,2026-2027,A
5949,STU000049,2023010049,SUB0056,Natural Language Processing Laboratory,FAC011,2026-08-14,16,Friday,1,7,2026-2027,P
5950,STU000050,2023010050,SUB0056,Natural Language Processing Laboratory,FAC011,2026-08-14,16,Friday,1,7,2026-2027,P
5951,STU000001,2023010001,SUB0050,Software Engineering,FAC005,2026-08-14,24,Friday,1,7,2026-2027,P
5952,STU000002,2023010002,SUB0050,Software Engineering,FAC005,2026-08-14,24,Friday,1,7,2026-2027,P
5953,STU000003,2023010003,SUB0050,Software Engineering,FAC005,2026-08-14,24,Friday,1,7,2026-2027,P
5954,STU000004,2023010004,SUB0050,Software Engineering,FAC005,2026-08-14,24,Friday,1,7,2026-2027,P
5955,STU000005,2023010005,SUB0050,Software Engineering,FAC005,2026-08-14,24,Friday,1,7,2026-2027,P
5956,STU000006,2023010006,SUB0050,Software Engineering,FAC005,2026-08-14,24,Friday,1,7,2026-2027,P
5957,STU000007,2023010007,SUB0050,Software Engineering,FAC005,2026-08-14,24,Friday,1,7,2026-2027,P
5958,STU000008,2023010008,SUB0050,Software Engineering,FAC005,2026-08-14,24,Friday,1,7,2026-2027,P
5959,STU000009,2023010009,SUB0050,Software Engineering,FAC005,2026-08-14,24,Friday,1,7,2026-2027,P
5960,STU000010,2023010010,SUB0050,Software Engineering,FAC005,2026-08-14,24,Friday,1,7,2026-2027,P
5961,STU000011,2023010011,SUB0050,Software Engineering,FAC005,2026-08-14,24,Friday,1,7,2026-2027,P
5962,STU000012,2023010012,SUB0050,Software Engineering,FAC005,2026-08-14,24,Friday,1,7,2026-2027,P
5963,STU000013,2023010013,SUB0050,Software Engineering,FAC005,2026-08-14,24,Friday,1,7,2026-2027,P
5964,STU000014,2023010014,SUB0050,Software Engineering,FAC005,2026-08-14,24,Friday,1,7,2026-2027,P
5965,STU000015,2023010015,SUB0050,Software Engineering,FAC005,2026-08-14,24,Friday,1,7,2026-2027,P
5966,STU000016,2023010016,SUB0050,Software Engineering,FAC005,2026-08-14,24,Friday,1,7,2026-2027,A
5967,STU000017,2023010017,SUB0050,Software Engineering,FAC005,2026-08-14,24,Friday,1,7,2026-2027,P
5968,STU000018,2023010018,SUB0050,Software Engineering,FAC005,2026-08-14,24,Friday,1,7,2026-2027,P
5969,STU000019,2023010019,SUB0050,Software Engineering,FAC005,2026-08-14,24,Friday,1,7,2026-2027,P
5970,STU000020,2023010020,SUB0050,Software Engineering,FAC005,2026-08-14,24,Friday,1,7,2026-2027,P
5971,STU000021,2023010021,SUB0050,Software Engineering,FAC005,2026-08-14,24,Friday,1,7,2026-2027,P
5972,STU000022,2023010022,SUB0050,Software Engineering,FAC005,2026-08-14,24,Friday,1,7,2026-2027,P
5973,STU000023,2023010023,SUB0050,Software Engineering,FAC005,2026-08-14,24,Friday,1,7,2026-2027,A
5974,STU000024,2023010024,SUB0050,Software Engineering,FAC005,2026-08-14,24,Friday,1,7,2026-2027,P
5975,STU000025,2023010025,SUB0050,Software Engineering,FAC005,2026-08-14,24,Friday,1,7,2026-2027,P
5976,STU000026,2023010026,SUB0050,Software Engineering,FAC005,2026-08-14,24,Friday,1,7,2026-2027,P
5977,STU000027,2023010027,SUB0050,Software Engineering,FAC005,2026-08-14,24,Friday,1,7,2026-2027,P
5978,STU000028,2023010028,SUB0050,Software Engineering,FAC005,2026-08-14,24,Friday,1,7,2026-2027,P
5979,STU000029,2023010029,SUB0050,Software Engineering,FAC005,2026-08-14,24,Friday,1,7,2026-2027,P
5980,STU000030,2023010030,SUB0050,Software Engineering,FAC005,2026-08-14,24,Friday,1,7,2026-2027,P
5981,STU000031,2023010031,SUB0050,Software Engineering,FAC005,2026-08-14,24,Friday,1,7,2026-2027,P
5982,STU000032,2023010032,SUB0050,Software Engineering,FAC005,2026-08-14,24,Friday,1,7,2026-2027,P
5983,STU000033,2023010033,SUB0050,Software Engineering,FAC005,2026-08-14,24,Friday,1,7,2026-2027,P
5984,STU000034,2023010034,SUB0050,Software Engineering,FAC005,2026-08-14,24,Friday,1,7,2026-2027,A
5985,STU000035,2023010035,SUB0050,Software Engineering,FAC005,2026-08-14,24,Friday,1,7,2026-2027,P
5986,STU000036,2023010036,SUB0050,Software Engineering,FAC005,2026-08-14,24,Friday,1,7,2026-2027,P
5987,STU000037,2023010037,SUB0050,Software Engineering,FAC005,2026-08-14,24,Friday,1,7,2026-2027,P
5988,STU000038,2023010038,SUB0050,Software Engineering,FAC005,2026-08-14,24,Friday,1,7,2026-2027,P
5989,STU000039,2023010039,SUB0050,Software Engineering,FAC005,2026-08-14,24,Friday,1,7,2026-2027,P
5990,STU000040,2023010040,SUB0050,Software Engineering,FAC005,2026-08-14,24,Friday,1,7,2026-2027,P
5991,STU000041,2023010041,SUB0050,Software Engineering,FAC005,2026-08-14,24,Friday,1,7,2026-2027,P
5992,STU000042,2023010042,SUB0050,Software Engineering,FAC005,2026-08-14,24,Friday,1,7,2026-2027,P
5993,STU000043,2023010043,SUB0050,Software Engineering,FAC005,2026-08-14,24,Friday,1,7,2026-2027,P
5994,STU000044,2023010044,SUB0050,Software Engineering,FAC005,2026-08-14,24,Friday,1,7,2026-2027,P
5995,STU000045,2023010045,SUB0050,Software Engineering,FAC005,2026-08-14,24,Friday,1,7,2026-2027,P
5996,STU000046,2023010046,SUB0050,Software Engineering,FAC005,2026-08-14,24,Friday,1,7,2026-2027,P
5997,STU000047,2023010047,SUB0050,Software Engineering,FAC005,2026-08-14,24,Friday,1,7,2026-2027,P
5998,STU000048,2023010048,SUB0050,Software Engineering,FAC005,2026-08-14,24,Friday,1,7,2026-2027,A
5999,STU000049,2023010049,SUB0050,Software Engineering,FAC005,2026-08-14,24,Friday,1,7,2026-2027,P
6000,STU000050,2023010050,SUB0050,Software Engineering,FAC005,2026-08-14,24,Friday,1,7,2026-2027,P
6001,STU000001,2023010001,SUB0051,Human Computer Interaction,FAC006,2026-08-24,17,Monday,1,7,2026-2027,P
6002,STU000002,2023010002,SUB0051,Human Computer Interaction,FAC006,2026-08-24,17,Monday,1,7,2026-2027,P
6003,STU000003,2023010003,SUB0051,Human Computer Interaction,FAC006,2026-08-24,17,Monday,1,7,2026-2027,P
6004,STU000004,2023010004,SUB0051,Human Computer Interaction,FAC006,2026-08-24,17,Monday,1,7,2026-2027,P
6005,STU000005,2023010005,SUB0051,Human Computer Interaction,FAC006,2026-08-24,17,Monday,1,7,2026-2027,A
6006,STU000006,2023010006,SUB0051,Human Computer Interaction,FAC006,2026-08-24,17,Monday,1,7,2026-2027,P
6007,STU000007,2023010007,SUB0051,Human Computer Interaction,FAC006,2026-08-24,17,Monday,1,7,2026-2027,P
6008,STU000008,2023010008,SUB0051,Human Computer Interaction,FAC006,2026-08-24,17,Monday,1,7,2026-2027,P
6009,STU000009,2023010009,SUB0051,Human Computer Interaction,FAC006,2026-08-24,17,Monday,1,7,2026-2027,P
6010,STU000010,2023010010,SUB0051,Human Computer Interaction,FAC006,2026-08-24,17,Monday,1,7,2026-2027,P
6011,STU000011,2023010011,SUB0051,Human Computer Interaction,FAC006,2026-08-24,17,Monday,1,7,2026-2027,P
6012,STU000012,2023010012,SUB0051,Human Computer Interaction,FAC006,2026-08-24,17,Monday,1,7,2026-2027,A
6013,STU000013,2023010013,SUB0051,Human Computer Interaction,FAC006,2026-08-24,17,Monday,1,7,2026-2027,P
6014,STU000014,2023010014,SUB0051,Human Computer Interaction,FAC006,2026-08-24,17,Monday,1,7,2026-2027,P
6015,STU000015,2023010015,SUB0051,Human Computer Interaction,FAC006,2026-08-24,17,Monday,1,7,2026-2027,A
6016,STU000016,2023010016,SUB0051,Human Computer Interaction,FAC006,2026-08-24,17,Monday,1,7,2026-2027,P
6017,STU000017,2023010017,SUB0051,Human Computer Interaction,FAC006,2026-08-24,17,Monday,1,7,2026-2027,P
6018,STU000018,2023010018,SUB0051,Human Computer Interaction,FAC006,2026-08-24,17,Monday,1,7,2026-2027,P
6019,STU000019,2023010019,SUB0051,Human Computer Interaction,FAC006,2026-08-24,17,Monday,1,7,2026-2027,P
6020,STU000020,2023010020,SUB0051,Human Computer Interaction,FAC006,2026-08-24,17,Monday,1,7,2026-2027,P
6021,STU000021,2023010021,SUB0051,Human Computer Interaction,FAC006,2026-08-24,17,Monday,1,7,2026-2027,P
6022,STU000022,2023010022,SUB0051,Human Computer Interaction,FAC006,2026-08-24,17,Monday,1,7,2026-2027,A
6023,STU000023,2023010023,SUB0051,Human Computer Interaction,FAC006,2026-08-24,17,Monday,1,7,2026-2027,P
6024,STU000024,2023010024,SUB0051,Human Computer Interaction,FAC006,2026-08-24,17,Monday,1,7,2026-2027,P
6025,STU000025,2023010025,SUB0051,Human Computer Interaction,FAC006,2026-08-24,17,Monday,1,7,2026-2027,P
6026,STU000026,2023010026,SUB0051,Human Computer Interaction,FAC006,2026-08-24,17,Monday,1,7,2026-2027,P
6027,STU000027,2023010027,SUB0051,Human Computer Interaction,FAC006,2026-08-24,17,Monday,1,7,2026-2027,P
6028,STU000028,2023010028,SUB0051,Human Computer Interaction,FAC006,2026-08-24,17,Monday,1,7,2026-2027,P
6029,STU000029,2023010029,SUB0051,Human Computer Interaction,FAC006,2026-08-24,17,Monday,1,7,2026-2027,A
6030,STU000030,2023010030,SUB0051,Human Computer Interaction,FAC006,2026-08-24,17,Monday,1,7,2026-2027,P
6031,STU000031,2023010031,SUB0051,Human Computer Interaction,FAC006,2026-08-24,17,Monday,1,7,2026-2027,P
6032,STU000032,2023010032,SUB0051,Human Computer Interaction,FAC006,2026-08-24,17,Monday,1,7,2026-2027,P
6033,STU000033,2023010033,SUB0051,Human Computer Interaction,FAC006,2026-08-24,17,Monday,1,7,2026-2027,P
6034,STU000034,2023010034,SUB0051,Human Computer Interaction,FAC006,2026-08-24,17,Monday,1,7,2026-2027,P
6035,STU000035,2023010035,SUB0051,Human Computer Interaction,FAC006,2026-08-24,17,Monday,1,7,2026-2027,P
6036,STU000036,2023010036,SUB0051,Human Computer Interaction,FAC006,2026-08-24,17,Monday,1,7,2026-2027,P
6037,STU000037,2023010037,SUB0051,Human Computer Interaction,FAC006,2026-08-24,17,Monday,1,7,2026-2027,P
6038,STU000038,2023010038,SUB0051,Human Computer Interaction,FAC006,2026-08-24,17,Monday,1,7,2026-2027,P
6039,STU000039,2023010039,SUB0051,Human Computer Interaction,FAC006,2026-08-24,17,Monday,1,7,2026-2027,A
6040,STU000040,2023010040,SUB0051,Human Computer Interaction,FAC006,2026-08-24,17,Monday,1,7,2026-2027,P
6041,STU000041,2023010041,SUB0051,Human Computer Interaction,FAC006,2026-08-24,17,Monday,1,7,2026-2027,P
6042,STU000042,2023010042,SUB0051,Human Computer Interaction,FAC006,2026-08-24,17,Monday,1,7,2026-2027,P
6043,STU000043,2023010043,SUB0051,Human Computer Interaction,FAC006,2026-08-24,17,Monday,1,7,2026-2027,P
6044,STU000044,2023010044,SUB0051,Human Computer Interaction,FAC006,2026-08-24,17,Monday,1,7,2026-2027,P
6045,STU000045,2023010045,SUB0051,Human Computer Interaction,FAC006,2026-08-24,17,Monday,1,7,2026-2027,P
6046,STU000046,2023010046,SUB0051,Human Computer Interaction,FAC006,2026-08-24,17,Monday,1,7,2026-2027,A
6047,STU000047,2023010047,SUB0051,Human Computer Interaction,FAC006,2026-08-24,17,Monday,1,7,2026-2027,P
6048,STU000048,2023010048,SUB0051,Human Computer Interaction,FAC006,2026-08-24,17,Monday,1,7,2026-2027,P
6049,STU000049,2023010049,SUB0051,Human Computer Interaction,FAC006,2026-08-24,17,Monday,1,7,2026-2027,A
6050,STU000050,2023010050,SUB0051,Human Computer Interaction,FAC006,2026-08-24,17,Monday,1,7,2026-2027,P
6051,STU000001,2023010001,SUB0050,Software Engineering,FAC005,2026-08-24,25,Monday,1,7,2026-2027,P
6052,STU000001,2023010001,SUB0053,Deep Learning,FAC008,2026-08-24,25,Monday,1,7,2026-2027,P
6053,STU000002,2023010002,SUB0050,Software Engineering,FAC005,2026-08-24,25,Monday,1,7,2026-2027,P
6054,STU000002,2023010002,SUB0053,Deep Learning,FAC008,2026-08-24,25,Monday,1,7,2026-2027,P
6055,STU000003,2023010003,SUB0050,Software Engineering,FAC005,2026-08-24,25,Monday,1,7,2026-2027,P
6056,STU000003,2023010003,SUB0053,Deep Learning,FAC008,2026-08-24,25,Monday,1,7,2026-2027,P
6057,STU000004,2023010004,SUB0050,Software Engineering,FAC005,2026-08-24,25,Monday,1,7,2026-2027,P
6058,STU000004,2023010004,SUB0053,Deep Learning,FAC008,2026-08-24,25,Monday,1,7,2026-2027,P
6059,STU000005,2023010005,SUB0050,Software Engineering,FAC005,2026-08-24,25,Monday,1,7,2026-2027,P
6060,STU000005,2023010005,SUB0053,Deep Learning,FAC008,2026-08-24,25,Monday,1,7,2026-2027,P
6061,STU000006,2023010006,SUB0050,Software Engineering,FAC005,2026-08-24,25,Monday,1,7,2026-2027,P
6062,STU000006,2023010006,SUB0053,Deep Learning,FAC008,2026-08-24,25,Monday,1,7,2026-2027,P
6063,STU000007,2023010007,SUB0050,Software Engineering,FAC005,2026-08-24,25,Monday,1,7,2026-2027,P
6064,STU000007,2023010007,SUB0053,Deep Learning,FAC008,2026-08-24,25,Monday,1,7,2026-2027,P
6065,STU000008,2023010008,SUB0050,Software Engineering,FAC005,2026-08-24,25,Monday,1,7,2026-2027,P
6066,STU000008,2023010008,SUB0053,Deep Learning,FAC008,2026-08-24,25,Monday,1,7,2026-2027,P
6067,STU000009,2023010009,SUB0050,Software Engineering,FAC005,2026-08-24,25,Monday,1,7,2026-2027,P
6068,STU000009,2023010009,SUB0053,Deep Learning,FAC008,2026-08-24,25,Monday,1,7,2026-2027,P
6069,STU000010,2023010010,SUB0050,Software Engineering,FAC005,2026-08-24,25,Monday,1,7,2026-2027,P
6070,STU000010,2023010010,SUB0053,Deep Learning,FAC008,2026-08-24,25,Monday,1,7,2026-2027,P
6071,STU000011,2023010011,SUB0050,Software Engineering,FAC005,2026-08-24,25,Monday,1,7,2026-2027,P
6072,STU000011,2023010011,SUB0053,Deep Learning,FAC008,2026-08-24,25,Monday,1,7,2026-2027,P
6073,STU000012,2023010012,SUB0050,Software Engineering,FAC005,2026-08-24,25,Monday,1,7,2026-2027,P
6074,STU000012,2023010012,SUB0053,Deep Learning,FAC008,2026-08-24,25,Monday,1,7,2026-2027,P
6075,STU000013,2023010013,SUB0050,Software Engineering,FAC005,2026-08-24,25,Monday,1,7,2026-2027,P
6076,STU000013,2023010013,SUB0053,Deep Learning,FAC008,2026-08-24,25,Monday,1,7,2026-2027,P
6077,STU000014,2023010014,SUB0050,Software Engineering,FAC005,2026-08-24,25,Monday,1,7,2026-2027,P
6078,STU000014,2023010014,SUB0053,Deep Learning,FAC008,2026-08-24,25,Monday,1,7,2026-2027,A
6079,STU000015,2023010015,SUB0050,Software Engineering,FAC005,2026-08-24,25,Monday,1,7,2026-2027,P
6080,STU000015,2023010015,SUB0053,Deep Learning,FAC008,2026-08-24,25,Monday,1,7,2026-2027,P
6081,STU000016,2023010016,SUB0050,Software Engineering,FAC005,2026-08-24,25,Monday,1,7,2026-2027,P
6082,STU000016,2023010016,SUB0053,Deep Learning,FAC008,2026-08-24,25,Monday,1,7,2026-2027,P
6083,STU000017,2023010017,SUB0050,Software Engineering,FAC005,2026-08-24,25,Monday,1,7,2026-2027,A
6084,STU000017,2023010017,SUB0053,Deep Learning,FAC008,2026-08-24,25,Monday,1,7,2026-2027,P
6085,STU000018,2023010018,SUB0050,Software Engineering,FAC005,2026-08-24,25,Monday,1,7,2026-2027,P
6086,STU000018,2023010018,SUB0053,Deep Learning,FAC008,2026-08-24,25,Monday,1,7,2026-2027,P
6087,STU000019,2023010019,SUB0050,Software Engineering,FAC005,2026-08-24,25,Monday,1,7,2026-2027,P
6088,STU000019,2023010019,SUB0053,Deep Learning,FAC008,2026-08-24,25,Monday,1,7,2026-2027,P
6089,STU000020,2023010020,SUB0050,Software Engineering,FAC005,2026-08-24,25,Monday,1,7,2026-2027,P
6090,STU000020,2023010020,SUB0053,Deep Learning,FAC008,2026-08-24,25,Monday,1,7,2026-2027,P
6091,STU000021,2023010021,SUB0050,Software Engineering,FAC005,2026-08-24,25,Monday,1,7,2026-2027,P
6092,STU000021,2023010021,SUB0053,Deep Learning,FAC008,2026-08-24,25,Monday,1,7,2026-2027,A
6093,STU000022,2023010022,SUB0050,Software Engineering,FAC005,2026-08-24,25,Monday,1,7,2026-2027,P
6094,STU000022,2023010022,SUB0053,Deep Learning,FAC008,2026-08-24,25,Monday,1,7,2026-2027,P
6095,STU000023,2023010023,SUB0050,Software Engineering,FAC005,2026-08-24,25,Monday,1,7,2026-2027,P
6096,STU000023,2023010023,SUB0053,Deep Learning,FAC008,2026-08-24,25,Monday,1,7,2026-2027,P
6097,STU000024,2023010024,SUB0050,Software Engineering,FAC005,2026-08-24,25,Monday,1,7,2026-2027,A
6098,STU000024,2023010024,SUB0053,Deep Learning,FAC008,2026-08-24,25,Monday,1,7,2026-2027,P
6099,STU000025,2023010025,SUB0050,Software Engineering,FAC005,2026-08-24,25,Monday,1,7,2026-2027,P
6100,STU000025,2023010025,SUB0053,Deep Learning,FAC008,2026-08-24,25,Monday,1,7,2026-2027,P
6101,STU000026,2023010026,SUB0050,Software Engineering,FAC005,2026-08-24,25,Monday,1,7,2026-2027,P
6102,STU000026,2023010026,SUB0053,Deep Learning,FAC008,2026-08-24,25,Monday,1,7,2026-2027,P
6103,STU000027,2023010027,SUB0050,Software Engineering,FAC005,2026-08-24,25,Monday,1,7,2026-2027,P
6104,STU000027,2023010027,SUB0053,Deep Learning,FAC008,2026-08-24,25,Monday,1,7,2026-2027,P
6105,STU000028,2023010028,SUB0050,Software Engineering,FAC005,2026-08-24,25,Monday,1,7,2026-2027,P
6106,STU000028,2023010028,SUB0053,Deep Learning,FAC008,2026-08-24,25,Monday,1,7,2026-2027,P
6107,STU000029,2023010029,SUB0050,Software Engineering,FAC005,2026-08-24,25,Monday,1,7,2026-2027,P
6108,STU000029,2023010029,SUB0053,Deep Learning,FAC008,2026-08-24,25,Monday,1,7,2026-2027,P
6109,STU000030,2023010030,SUB0050,Software Engineering,FAC005,2026-08-24,25,Monday,1,7,2026-2027,P
6110,STU000030,2023010030,SUB0053,Deep Learning,FAC008,2026-08-24,25,Monday,1,7,2026-2027,P
6111,STU000031,2023010031,SUB0050,Software Engineering,FAC005,2026-08-24,25,Monday,1,7,2026-2027,P
6112,STU000031,2023010031,SUB0053,Deep Learning,FAC008,2026-08-24,25,Monday,1,7,2026-2027,P
6113,STU000032,2023010032,SUB0050,Software Engineering,FAC005,2026-08-24,25,Monday,1,7,2026-2027,P
6114,STU000032,2023010032,SUB0053,Deep Learning,FAC008,2026-08-24,25,Monday,1,7,2026-2027,P
6115,STU000033,2023010033,SUB0050,Software Engineering,FAC005,2026-08-24,25,Monday,1,7,2026-2027,P
6116,STU000033,2023010033,SUB0053,Deep Learning,FAC008,2026-08-24,25,Monday,1,7,2026-2027,P
6117,STU000034,2023010034,SUB0050,Software Engineering,FAC005,2026-08-24,25,Monday,1,7,2026-2027,P
6118,STU000034,2023010034,SUB0053,Deep Learning,FAC008,2026-08-24,25,Monday,1,7,2026-2027,P
6119,STU000035,2023010035,SUB0050,Software Engineering,FAC005,2026-08-24,25,Monday,1,7,2026-2027,A
6120,STU000035,2023010035,SUB0053,Deep Learning,FAC008,2026-08-24,25,Monday,1,7,2026-2027,P
6121,STU000036,2023010036,SUB0050,Software Engineering,FAC005,2026-08-24,25,Monday,1,7,2026-2027,P
6122,STU000036,2023010036,SUB0053,Deep Learning,FAC008,2026-08-24,25,Monday,1,7,2026-2027,P
6123,STU000037,2023010037,SUB0050,Software Engineering,FAC005,2026-08-24,25,Monday,1,7,2026-2027,P
6124,STU000037,2023010037,SUB0053,Deep Learning,FAC008,2026-08-24,25,Monday,1,7,2026-2027,P
6125,STU000038,2023010038,SUB0050,Software Engineering,FAC005,2026-08-24,25,Monday,1,7,2026-2027,P
6126,STU000038,2023010038,SUB0053,Deep Learning,FAC008,2026-08-24,25,Monday,1,7,2026-2027,P
6127,STU000039,2023010039,SUB0050,Software Engineering,FAC005,2026-08-24,25,Monday,1,7,2026-2027,P
6128,STU000039,2023010039,SUB0053,Deep Learning,FAC008,2026-08-24,25,Monday,1,7,2026-2027,A
6129,STU000040,2023010040,SUB0050,Software Engineering,FAC005,2026-08-24,25,Monday,1,7,2026-2027,P
6130,STU000040,2023010040,SUB0053,Deep Learning,FAC008,2026-08-24,25,Monday,1,7,2026-2027,P
6131,STU000041,2023010041,SUB0050,Software Engineering,FAC005,2026-08-24,25,Monday,1,7,2026-2027,P
6132,STU000041,2023010041,SUB0053,Deep Learning,FAC008,2026-08-24,25,Monday,1,7,2026-2027,P
6133,STU000042,2023010042,SUB0050,Software Engineering,FAC005,2026-08-24,25,Monday,1,7,2026-2027,P
6134,STU000042,2023010042,SUB0053,Deep Learning,FAC008,2026-08-24,25,Monday,1,7,2026-2027,P
6135,STU000043,2023010043,SUB0050,Software Engineering,FAC005,2026-08-24,25,Monday,1,7,2026-2027,P
6136,STU000043,2023010043,SUB0053,Deep Learning,FAC008,2026-08-24,25,Monday,1,7,2026-2027,P
6137,STU000044,2023010044,SUB0050,Software Engineering,FAC005,2026-08-24,25,Monday,1,7,2026-2027,P
6138,STU000044,2023010044,SUB0053,Deep Learning,FAC008,2026-08-24,25,Monday,1,7,2026-2027,P
6139,STU000045,2023010045,SUB0050,Software Engineering,FAC005,2026-08-24,25,Monday,1,7,2026-2027,P
6140,STU000045,2023010045,SUB0053,Deep Learning,FAC008,2026-08-24,25,Monday,1,7,2026-2027,P
6141,STU000046,2023010046,SUB0050,Software Engineering,FAC005,2026-08-24,25,Monday,1,7,2026-2027,P
6142,STU000046,2023010046,SUB0053,Deep Learning,FAC008,2026-08-24,25,Monday,1,7,2026-2027,A
6143,STU000047,2023010047,SUB0050,Software Engineering,FAC005,2026-08-24,25,Monday,1,7,2026-2027,P
6144,STU000047,2023010047,SUB0053,Deep Learning,FAC008,2026-08-24,25,Monday,1,7,2026-2027,P
6145,STU000048,2023010048,SUB0050,Software Engineering,FAC005,2026-08-24,25,Monday,1,7,2026-2027,P
6146,STU000048,2023010048,SUB0053,Deep Learning,FAC008,2026-08-24,25,Monday,1,7,2026-2027,P
6147,STU000049,2023010049,SUB0050,Software Engineering,FAC005,2026-08-24,25,Monday,1,7,2026-2027,A
6148,STU000049,2023010049,SUB0053,Deep Learning,FAC008,2026-08-24,25,Monday,1,7,2026-2027,P
6149,STU000050,2023010050,SUB0050,Software Engineering,FAC005,2026-08-24,25,Monday,1,7,2026-2027,P
6150,STU000050,2023010050,SUB0053,Deep Learning,FAC008,2026-08-24,25,Monday,1,7,2026-2027,P
